x,std::sin_output,taylor_series_sine_1000_output,taylor_series_sine_7_output,range_reduced_sine_output,rr_sine_horner_output
0.805637,0.721272,0.721272,0.721272,0.721272,0.721272
-7.49657,-0.936804,-0.936801,-9.29227,-0.936804,-0.936804
-2.81,-0.325552,-0.325552,-0.325556,-0.325552,-0.325552
8.83348,0.557438,0.557422,91.9436,0.557439,0.557439
4.37669,-0.944181,-0.94418,-0.941224,-0.944181,-0.944181
3.66087,-0.496256,-0.496256,-0.496049,-0.496256,-0.496256
-1.83371,-0.965636,-0.965636,-0.965636,-0.965636,-0.965636
8.86995,0.526798,0.526841,97.5444,0.526798,0.526798
3.04472,0.0967196,0.0967196,0.0967328,0.0967196,0.0967196
0.411287,0.39979,0.39979,0.39979,0.39979,0.399789
-2.52449,-0.578672,-0.578672,-0.578673,-0.578673,-0.578673
-1.33368,-0.97202,-0.97202,-0.97202,-0.97202,-0.97202
2.06271,0.88143,0.88143,0.88143,0.88143,0.88143
-2.62494,-0.493973,-0.493973,-0.493975,-0.493973,-0.493973
-9.27523,-0.148989,-0.149043,-185.538,-0.148989,-0.148989
-5.06467,0.93859,0.938591,0.912773,0.93859,0.93859
7.91611,0.998071,0.998059,19.518,0.998071,0.998071
-7.19078,-0.788026,-0.788024,-5.328,-0.788025,-0.788025
8.64539,0.702842,0.70286,67.556,0.702842,0.702842
8.17366,0.949336,0.949334,30.493,0.949336,0.949336
5.63639,-0.602635,-0.602638,-0.476891,-0.602635,-0.602635
-7.4428,-0.916651,-0.916644,-8.4367,-0.916651,-0.916651
0.377077,0.368205,0.368205,0.368205,0.368204,0.368204
0.519252,0.496231,0.496231,0.496231,0.496231,0.49623
-8.78713,-0.595305,-0.595267,-85.262,-0.595305,-0.595305
5.44086,-0.746193,-0.746193,-0.671594,-0.746193,-0.746193
2.83618,0.300685,0.300685,0.30069,0.300685,0.300685
0.610218,0.573046,0.573046,0.573046,0.573046,0.573046
6.17905,-0.103948,-0.103948,0.384508,-0.103948,-0.103948
-6.85466,-0.54087,-0.540865,-2.78976,-0.54087,-0.54087
8.48158,0.809442,0.809468,51.4292,0.809442,0.809442
-0.125415,-0.125086,-0.125086,-0.125086,-0.125086,-0.125086
-5.26772,0.849727,0.84973,0.803508,0.849727,0.849727
-0.11018,-0.109957,-0.109957,-0.109957,-0.109957,-0.109957
-6.86273,-0.547645,-0.547644,-2.83577,-0.547644,-0.547644
0.847689,0.749753,0.749753,0.749753,0.749753,0.749753
-0.459515,-0.443513,-0.443513,-0.443513,-0.443513,-0.443513
-1.62244,-0.998667,-0.998667,-0.998667,-0.998667,-0.998667
-5.84203,0.426983,0.426984,0.213464,0.426983,0.426983
7.00508,0.660807,0.660811,3.75382,0.660807,0.660807
1.95129,0.928482,0.928483,0.928483,0.928482,0.928482
4.34524,-0.933353,-0.933353,-0.930698,-0.933353,-0.933353
3.14876,-0.00716236,-0.0071623,-0.00714043,-0.00716236,-0.00716236
4.84436,-0.991304,-0.991305,-0.977954,-0.991304,-0.991304
8.48971,0.804641,0.80468,52.1349,0.804641,0.804641
-8.10707,-0.968143,-0.968158,-27.1907,-0.968143,-0.968143
3.24293,-0.101164,-0.101164,-0.10113,-0.101164,-0.101164
-4.62554,0.996231,0.996231,0.989508,0.996231,0.996231
5.33864,-0.810232,-0.810232,-0.75389,-0.810232,-0.810232
4.73625,-0.999715,-0.999715,-0.990164,-0.999715,-0.999715
-8.09931,-0.970057,-0.970035,-26.8288,-0.970057,-0.970057
-3.5836,0.427757,0.427757,0.427606,0.427757,0.427757
5.67364,-0.572498,-0.572501,-0.433895,-0.572498,-0.572499
-6.32122,-0.0380216,-0.0380295,-0.721003,-0.0380214,-0.0380212
2.78534,0.348764,0.348764,0.348768,0.348764,0.348764
1.85459,0.959999,0.959999,0.959999,0.959999,0.959999
5.0736,-0.93547,-0.935469,-0.908968,-0.93547,-0.93547
-1.96486,-0.923356,-0.923356,-0.923356,-0.923356,-0.923356
8.34685,0.880981,0.880987,40.9778,0.880981,0.880981
5.09902,-0.926183,-0.926183,-0.897644,-0.926183,-0.926183
-5.51209,0.69692,0.696921,0.606493,0.69692,0.69692
6.36016,0.0768986,0.0768985,0.824538,0.0768982,0.0768983
1.67451,0.994626,0.994626,0.994626,0.994626,0.994626
4.22541,-0.883749,-0.883749,-0.881997,-0.883749,-0.883749
6.0579,-0.223381,-0.223377,0.141392,-0.223381,-0.223381
-0.354014,-0.346666,-0.346666,-0.346666,-0.346666,-0.346666
5.22198,-0.872942,-0.87294,-0.832318,-0.872942,-0.872942
-2.00584,-0.906852,-0.906852,-0.906852,-0.906852,-0.906852
3.86323,-0.660612,-0.660612,-0.660151,-0.660612,-0.660612
4.52299,-0.982118,-0.982117,-0.977299,-0.982118,-0.982118
0.963582,0.821241,0.821241,0.821241,0.821241,0.821241
-1.59296,-0.999754,-0.999754,-0.999754,-0.999754,-0.999754
1.27653,0.957014,0.957014,0.957014,0.957015,0.957014
-6.55056,-0.264198,-0.264198,-1.41834,-0.264197,-0.264197
-2.18093,-0.81957,-0.81957,-0.81957,-0.81957,-0.81957
4.44785,-0.965213,-0.965214,-0.961457,-0.965213,-0.965213
-6.37043,-0.0871312,-0.0871339,-0.852746,-0.0871309,-0.0871308
6.15385,-0.128972,-0.12897,0.330931,-0.128972,-0.128972
-4.40127,0.95199,0.95199,0.948778,0.95199,0.95199
-4.48915,0.975186,0.975185,0.970875,0.975185,0.975185
8.40454,0.852235,0.852236,45.1779,0.852235,0.852235
-0.700106,-0.644298,-0.644299,-0.644299,-0.644298,-0.644298
3.85875,-0.657247,-0.657247,-0.656793,-0.657247,-0.657247
7.8668,0.999918,0.999915,17.905,0.999918,0.999918
-6.8005,-0.494545,-0.494548,-2.49607,-0.494545,-0.494544
-5.53829,0.677896,0.677895,0.580898,0.677896,0.677896
4.57307,-0.99031,-0.990312,-0.984636,-0.99031,-0.99031
-2.14509,-0.839574,-0.839574,-0.839574,-0.839574,-0.839574
6.83527,0.524465,0.524467,2.68173,0.524465,0.524465
7.34554,0.873502,0.873508,7.07595,0.873502,0.873502
-8.79041,-0.59267,-0.592629,-85.7187,-0.59267,-0.59267
-8.62635,-0.71626,-0.716276,-65.4607,-0.716261,-0.716261
5.89947,-0.37437,-0.374372,-0.127669,-0.37437,-0.37437
-5.44829,0.74123,0.74123,0.665109,0.741229,0.741229
-8.19691,-0.941775,-0.941785,-31.7338,-0.941776,-0.941776
4.70225,-0.999949,-0.999948,-0.991365,-0.999949,-0.999949
-5.04243,0.946029,0.946029,0.921841,0.946029,0.946029
-3.84097,0.643738,0.643738,0.643315,0.643738,0.643738
1.57718,0.99998,0.99998,0.99998,0.99998,0.99998
-1.93918,-0.932912,-0.932912,-0.932912,-0.932912,-0.932912
4.14765,-0.844727,-0.844727,-0.843398,-0.844727,-0.844727
-4.71836,0.999982,0.999982,0.990952,0.999982,0.999982
-7.49544,-0.936409,-0.936429,-9.27353,-0.936409,-0.936409
1.851,0.960998,0.960998,0.960998,0.960998,0.960998
8.01535,0.987008,0.986997,23.1998,0.987008,0.987008
-1.16128,-0.917315,-0.917315,-0.917315,-0.917315,-0.917315
4.30576,-0.918458,-0.918458,-0.91614,-0.918458,-0.918458
-9.16411,-0.257729,-0.257783,-155.957,-0.257729,-0.257729
8.59846,0.735438,0.735468,62.5035,0.735438,0.735438
8.53889,0.774474,0.77451,56.6041,0.774474,0.774474
6.77056,0.468307,0.468307,2.34419,0.468307,0.468307
8.52384,0.783911,0.783917,55.1988,0.783911,0.783911
2.41209,0.666502,0.666502,0.666502,0.666502,0.666502
-2.66459,-0.459118,-0.459118,-0.45912,-0.459118,-0.459118
7.27793,0.838617,0.83862,6.25527,0.838617,0.838617
-0.515468,-0.492942,-0.492942,-0.492942,-0.492942,-0.492942
8.55221,0.76598,0.765982,57.8754,0.76598,0.76598
0.490888,0.471409,0.471409,0.471409,0.471409,0.471409
-5.29035,0.83758,0.837581,0.78833,0.83758,0.83758
-4.68778,0.999697,0.999697,0.991498,0.999697,0.999697
6.09649,-0.185613,-0.185614,0.214967,-0.185613,-0.185613
8.64893,0.700323,0.700345,67.9517,0.700323,0.700323
5.80075,-0.463935,-0.46393,-0.271639,-0.463935,-0.463935
8.79262,0.59089,0.59091,86.0279,0.590891,0.590891
5.47832,-0.720735,-0.720736,-0.638165,-0.720735,-0.720734
-4.1469,0.844324,0.844324,0.842999,0.844324,0.844324
3.66154,-0.496835,-0.496835,-0.496628,-0.496835,-0.496835
-1.50343,-0.997732,-0.997732,-0.997732,-0.997732,-0.997731
-1.68676,-0.993284,-0.993284,-0.993284,-0.993284,-0.993284
-2.4727,-0.620118,-0.620118,-0.620119,-0.620118,-0.620118
7.48572,0.932954,0.932946,9.11324,0.932954,0.932954
-4.06434,0.797264,0.797264,0.796281,0.797264,0.797264
2.08462,0.870872,0.870872,0.870872,0.870872,0.870872
-5.04182,0.946228,0.946226,0.922082,0.946228,0.946228
-5.72954,0.52579,0.525789,0.365572,0.52579,0.52579
9.26316,0.160916,0.161025,182.087,0.160917,0.160917
-0.562857,-0.533604,-0.533604,-0.533604,-0.533604,-0.533604
-0.573618,-0.542674,-0.542674,-0.542674,-0.542674,-0.542674
4.32305,-0.92516,-0.92516,-0.922699,-0.92516,-0.92516
-4.26498,0.901572,0.901572,0.89956,0.901572,0.901572
8.11902,0.965082,0.965105,27.7567,0.965082,0.965082
6.30894,0.0257489,0.0257542,0.689443,0.0257486,0.0257486
-0.420675,-0.408377,-0.408377,-0.408377,-0.408377,-0.408377
4.28974,-0.912004,-0.912004,-0.90981,-0.912004,-0.912004
-3.08882,-0.0527453,-0.0527452,-0.0527616,-0.0527455,-0.0527455
-4.47675,0.972366,0.972365,0.968228,0.972366,0.972366
-0.41617,-0.40426,-0.40426,-0.40426,-0.40426,-0.40426
-2.09288,-0.866781,-0.866781,-0.866781,-0.866781,-0.866781
4.55674,-0.987911,-0.987911,-0.982529,-0.98791,-0.987911
0.829377,0.737511,0.737511,0.737511,0.737511,0.737511
9.41336,0.0114133,0.0114035,229.612,0.0114135,0.0114135
6.71583,0.419275,0.419278,2.08423,0.419275,0.419275
-0.306928,-0.302131,-0.302131,-0.302131,-0.302131,-0.302131
7.39764,0.897672,0.897677,7.77663,0.897672,0.897672
-3.15239,0.0107962,0.0107962,0.0107739,0.010796,0.010796
8.77267,0.606864,0.60688,83.2722,0.606864,0.606864
1.32155,0.969098,0.969098,0.969098,0.969098,0.969098
2.38826,0.684075,0.684075,0.684075,0.684075,0.684075
4.64744,-0.997892,-0.997891,-0.99068,-0.997892,-0.997892
-3.23118,0.0894711,0.0894709,0.0894387,0.0894709,0.0894709
-5.96623,0.311674,0.311673,0.020393,0.311674,0.311674
-2.82966,-0.306895,-0.306895,-0.306899,-0.306895,-0.306895
7.6294,0.974887,0.97488,11.7782,0.974886,0.974886
-0.101971,-0.101794,-0.101794,-0.101794,-0.101794,-0.101794
-7.03893,-0.685829,-0.685831,-4.00555,-0.685829,-0.685829
-6.95194,-0.620009,-0.619999,-3.38592,-0.620009,-0.620009
-6.2396,0.0435732,0.0435776,-0.520379,0.0435735,0.0435733
7.66608,0.982399,0.982396,12.5706,0.982399,0.982399
4.54891,-0.986666,-0.986666,-0.981421,-0.986666,-0.986666
-5.34094,0.808882,0.808883,0.752181,0.808882,0.808882
1.3816,0.982156,0.982156,0.982156,0.982156,0.982156
-3.7835,0.598728,0.598728,0.59839,0.598728,0.598728
0.438506,0.424587,0.424587,0.424587,0.424587,0.424587
-3.19673,0.0551053,0.0551051,0.0550776,0.0551051,0.0551051
4.38336,-0.946357,-0.946358,-0.943334,-0.946357,-0.946357
-7.81656,-0.9993,-0.999318,-16.3944,-0.9993,-0.9993
-4.86851,0.987838,0.987839,0.973466,0.987838,0.987838
8.95699,0.450917,0.450917,112.234,0.450917,0.450917
2.8281,0.308383,0.308383,0.308387,0.308383,0.308383
6.72155,0.424461,0.424459,2.11038,0.424461,0.424461
6.5732,0.28597,0.285973,1.50023,0.28597,0.28597
-3.45254,0.305963,0.305963,0.305877,0.305963,0.305963
-5.01859,0.953484,0.953483,0.930936,0.953484,0.953484
-8.09318,-0.971529,-0.971533,-26.5461,-0.971529,-0.971529
-0.695518,-0.640783,-0.640783,-0.640783,-0.640783,-0.640783
-6.30553,-0.0223424,-0.0223475,-0.680775,-0.022342,-0.0223422
-5.41442,0.763532,0.763531,0.694119,0.763532,0.763531
2.2234,0.794502,0.794502,0.794503,0.794502,0.794502
-6.03367,0.246935,0.246937,-0.0968878,0.246935,0.246935
-9.28753,-0.136815,-0.136836,-189.116,-0.136815,-0.136815
-3.74925,0.570945,0.570945,0.57065,0.570945,0.570945
-0.7071,-0.649632,-0.649632,-0.649632,-0.649632,-0.649632
6.47197,0.187669,0.187665,1.154,0.187669,0.187668
-5.69281,0.556677,0.556679,0.410989,0.556677,0.556677
0.295917,0.291617,0.291617,0.291617,0.291617,0.291617
4.48559,-0.974391,-0.974391,-0.970131,-0.974391,-0.974391
-0.795358,-0.714114,-0.714114,-0.714114,-0.714114,-0.714114
9.06077,0.356024,0.355987,132.461,0.356024,0.356024
-2.2926,-0.750617,-0.750617,-0.750618,-0.750617,-0.750617
7.59643,0.967016,0.967016,11.1073,0.967015,0.967015
3.18238,-0.0407777,-0.0407776,-0.040752,-0.0407777,-0.0407777
-3.83689,0.640616,0.640616,0.640199,0.640616,0.640616
5.43937,-0.747183,-0.747184,-0.672886,-0.747183,-0.747183
6.57776,0.290335,0.290335,1.51704,0.290335,0.290335
-2.35958,-0.704707,-0.704707,-0.704707,-0.704707,-0.704707
6.7,0.404854,0.404856,2.01305,0.404854,0.404854
-2.29491,-0.74909,-0.74909,-0.74909,-0.74909,-0.74909
8.93152,0.473499,0.473531,107.734,0.473499,0.473499
4.96801,-0.967506,-0.967506,-0.948103,-0.967506,-0.967506
-8.06441,-0.977942,-0.977949,-25.2582,-0.977943,-0.977943
4.47071,-0.970937,-0.970937,-0.966883,-0.970937,-0.970937
-4.09454,0.815129,0.815129,0.814032,0.815129,0.815129
-1.81499,-0.970332,-0.970332,-0.970332,-0.970333,-0.970333
-5.57553,0.65005,0.650048,0.542945,0.65005,0.65005
8.59237,0.739552,0.739561,61.8744,0.739552,0.739552
9.2526,0.171327,0.171359,179.119,0.171327,0.171327
4.75307,-0.999173,-0.999173,-0.989105,-0.999172,-0.999173
5.27752,-0.844519,-0.844519,-0.797007,-0.844519,-0.844519
9.21687,0.20641,0.206432,169.405,0.20641,0.20641
6.09391,-0.188146,-0.188149,0.20994,-0.188146,-0.188146
-1.74166,-0.985439,-0.985439,-0.985439,-0.985439,-0.985439
5.35481,-0.800649,-0.800648,-0.741726,-0.800649,-0.80065
5.66176,-0.582197,-0.582199,-0.447821,-0.582197,-0.582197
-9.2604,-0.163638,-0.163615,-181.307,-0.163638,-0.163638
-2.04094,-0.891504,-0.891504,-0.891504,-0.891504,-0.891504
3.77811,-0.594395,-0.594395,-0.594064,-0.594395,-0.594395
-9.35407,-0.0706465,-0.0706563,-209.617,-0.0706468,-0.0706468
-6.78579,-0.481707,-0.4817,-2.42054,-0.481707,-0.481706
5.86675,-0.404503,-0.404504,-0.177248,-0.404503,-0.404503
7.02044,0.672256,0.672259,3.86629,0.672256,0.672256
-6.28401,-0.000821765,-0.000824672,-0.626907,-0.00082139,-0.000821454
4.72833,-0.999873,-0.999873,-0.990556,-0.999873,-0.999873
-7.04257,-0.688476,-0.688473,-4.03349,-0.688476,-0.688476
1.1495,0.912558,0.912558,0.912558,0.912558,0.912558
-9.02044,-0.393411,-0.393446,-124.226,-0.393411,-0.393411
7.70746,0.989286,0.989296,13.5263,0.989285,0.989285
8.78108,0.600156,0.600139,84.4242,0.600156,0.600156
-2.0427,-0.890704,-0.890704,-0.890704,-0.890704,-0.890704
4.6686,-0.999041,-0.999041,-0.991326,-0.999042,-0.999042
-3.36399,0.220573,0.220573,0.220514,0.220573,0.220573
-4.98117,0.964094,0.964094,0.943914,0.964094,0.964094
6.76812,0.466154,0.466155,2.33215,0.466154,0.466154
-7.50598,-0.940055,-0.940064,-9.45036,-0.940055,-0.940055
-6.30988,-0.026687,-0.026685,-0.691829,-0.0266868,-0.0266868
4.64128,-0.997473,-0.997473,-0.990402,-0.997473,-0.997473
-2.81115,-0.324457,-0.324457,-0.324461,-0.324457,-0.324457
-0.976512,-0.828549,-0.828549,-0.828549,-0.828549,-0.828549
-6.53538,-0.249527,-0.249521,-1.36493,-0.249527,-0.249527
2.07454,0.875779,0.875779,0.875779,0.875779,0.875779
-9.09785,-0.321138,-0.321155,-140.481,-0.321138,-0.321138
3.45074,-0.304251,-0.304251,-0.304165,-0.304251,-0.304251
3.6373,-0.475654,-0.475654,-0.475466,-0.475654,-0.475654
-2.81682,-0.319091,-0.319091,-0.319095,-0.319092,-0.319092
-2.30224,-0.744214,-0.744214,-0.744214,-0.744214,-0.744214
-5.49844,0.706647,0.706646,0.619476,0.706647,0.706646
5.2525,-0.857652,-0.85765,-0.813368,-0.857652,-0.857652
1.32403,0.969707,0.969707,0.969707,0.969707,0.969707
-9.12169,-0.298474,-0.298445,-145.875,-0.298474,-0.298474
9.17535,0.246853,0.246835,158.734,0.246853,0.246853
-5.63932,0.60029,0.60029,0.473571,0.60029,0.60029
1.26732,0.954303,0.954303,0.954303,0.954303,0.954303
3.10887,0.0327173,0.0327173,0.0327354,0.0327173,0.0327173
2.20438,0.805913,0.805913,0.805913,0.805913,0.805913
-4.14099,0.841146,0.841146,0.839849,0.841146,0.841146
1.08855,0.885954,0.885954,0.885954,0.885954,0.885954
-0.469124,-0.452105,-0.452105,-0.452105,-0.452105,-0.452105
8.85306,0.541076,0.541097,94.9121,0.541076,0.541076
1.42139,0.988859,0.988859,0.988859,0.988859,0.988859
2.55643,0.552333,0.552333,0.552334,0.552334,0.552334
-4.23946,0.890237,0.890236,0.888396,0.890237,0.890237
8.08776,0.972799,0.972799,26.2988,0.972799,0.972799
-2.50433,-0.594996,-0.594996,-0.594996,-0.594996,-0.594996
-8.3056,-0.899741,-0.899726,-38.2063,-0.899741,-0.899741
-6.77428,-0.471593,-0.471585,-2.36268,-0.471593,-0.471593
-8.12075,-0.964627,-0.964636,-27.8398,-0.964627,-0.964627
-8.21805,-0.934456,-0.93445,-32.9044,-0.934456,-0.934456
2.59094,0.523244,0.523244,0.523245,0.523244,0.523244
-2.84717,-0.290188,-0.290187,-0.290192,-0.290188,-0.290188
-5.63128,0.606704,0.606704,0.482631,0.606704,0.606704
3.29576,-0.153557,-0.153557,-0.153513,-0.153557,-0.153557
0.567644,0.537647,0.537647,0.537647,0.537647,0.537647
6.12445,-0.158069,-0.158069,0.270475,-0.158069,-0.158069
5.10059,-0.92559,-0.925588,-0.896919,-0.92559,-0.92559
3.80106,-0.612699,-0.612699,-0.612336,-0.612699,-0.612699
-0.331328,-0.325299,-0.325299,-0.325299,-0.325299,-0.325299
-0.839966,-0.74462,-0.74462,-0.74462,-0.74462,-0.74462
1.94992,0.928989,0.928989,0.928989,0.928989,0.928989
4.64995,-0.998052,-0.99805,-0.99078,-0.998052,-0.998052
8.35878,0.875272,0.875297,41.815,0.875272,0.875272
-5.60268,0.629189,0.629191,0.514115,0.629189,0.629189
-0.242303,-0.239939,-0.239939,-0.239939,-0.239939,-0.239939
-3.0053,-0.135875,-0.135875,-0.135886,-0.135875,-0.135875
-8.80977,-0.576965,-0.576919,-88.4662,-0.576965,-0.576965
-1.65519,-0.996441,-0.996441,-0.996441,-0.996441,-0.996441
2.83171,0.304951,0.30495,0.304955,0.304951,0.304951
-7.82244,-0.999503,-0.999503,-16.5648,-0.999503,-0.999503
-2.04032,-0.891785,-0.891786,-0.891786,-0.891786,-0.891786
8.57484,0.751237,0.751251,60.0977,0.751237,0.751237
0.823049,0.733222,0.733222,0.733222,0.733222,0.733222
5.28615,-0.839863,-0.839864,-0.791189,-0.839863,-0.839863
5.18349,-0.891067,-0.891069,-0.854663,-0.891067,-0.891067
7.06656,0.705676,0.705672,4.22183,0.705676,0.705676
3.80307,-0.614283,-0.614282,-0.613917,-0.614283,-0.614283
7.1724,0.776576,0.776569,5.14933,0.776576,0.776576
7.19827,0.792611,0.792604,5.40235,0.792611,0.792611
-7.80645,-0.998871,-0.998872,-16.1057,-0.998871,-0.998871
-2.30465,-0.742597,-0.742597,-0.742597,-0.742597,-0.742597
5.86137,-0.409419,-0.409422,-0.185225,-0.409419,-0.409419
9.03049,0.384154,0.384191,126.232,0.384154,0.384154
-3.86842,0.664501,0.664501,0.66403,0.664501,0.664501
0.423927,0.411343,0.411343,0.411343,0.411343,0.411343
-4.62656,0.996319,0.996318,0.989574,0.996319,0.996319
-6.99092,-0.650114,-0.650125,-3.65264,-0.650114,-0.650114
-8.02266,-0.985807,-0.985804,-23.496,-0.985807,-0.985807
-8.79428,-0.589545,-0.589508,-86.2618,-0.589546,-0.589546
-3.78861,0.602806,0.602806,0.602461,0.602806,0.602806
-0.929958,-0.801595,-0.801595,-0.801595,-0.801595,-0.801595
-6.45131,-0.167336,-0.167333,-1.08924,-0.167335,-0.167335
9.03772,0.377464,0.377462,127.694,0.377464,0.377464
6.04331,-0.23758,-0.237578,0.114442,-0.237581,-0.237581
3.79343,-0.606651,-0.606651,-0.606299,-0.606651,-0.606651
-1.20431,-0.933592,-0.933592,-0.933592,-0.933592,-0.933592
1.40162,0.985723,0.985723,0.985723,0.985723,0.985723
-0.482817,-0.464276,-0.464276,-0.464276,-0.464276,-0.464276
-5.35426,0.800978,0.800976,0.742144,0.800978,0.800978
7.13887,0.755021,0.755022,4.83746,0.755021,0.755021
6.76966,0.467512,0.467505,2.33973,0.467511,0.467511
2.49724,0.600683,0.600683,0.600684,0.600683,0.600683
1.38891,0.983503,0.983503,0.983503,0.983503,0.983503
4.03716,-0.780563,-0.780563,-0.779674,-0.780563,-0.780563
-4.59291,0.992871,0.992871,0.986819,0.992871,0.992871
-5.2084,0.879487,0.879487,0.840402,0.879487,0.879487
-5.72518,0.529496,0.529496,0.371071,0.529496,0.529496
-3.08305,-0.0585099,-0.05851,-0.0585259,-0.0585101,-0.0585101
7.93933,0.99636,0.996364,20.3254,0.99636,0.99636
9.02092,0.392969,0.392991,124.321,0.392969,0.392969
-1.11396,-0.897453,-0.897453,-0.897453,-0.897453,-0.897453
9.15563,0.265906,0.265934,153.892,0.265907,0.265907
7.76591,0.996124,0.996117,14.9965,0.996124,0.996124
-4.85171,0.99031,0.99031,0.976655,0.99031,0.99031
4.03593,-0.779795,-0.779795,-0.77891,-0.779795,-0.779795
-9.2042,-0.218793,-0.218773,-166.08,-0.218793,-0.218793
-0.656393,-0.610263,-0.610263,-0.610263,-0.610263,-0.610263
5.37299,-0.789621,-0.789622,-0.727668,-0.789621,-0.789621
-5.04391,0.945549,0.94555,0.921256,0.945549,0.945549
-4.39668,0.950576,0.950576,0.947413,0.950576,0.950576
-9.30957,-0.114956,-0.114901,-195.688,-0.114956,-0.114956
-8.35351,-0.87781,-0.877819,-41.4432,-0.87781,-0.87781
-1.8221,-0.968588,-0.968588,-0.968588,-0.968588,-0.968588
-0.579101,-0.547271,-0.547271,-0.547271,-0.547271,-0.547271
3.38841,-0.244315,-0.244315,-0.24425,-0.244315,-0.244315
-3.14593,0.00433953,0.00433961,0.00431803,0.00433936,0.00433936
-8.07598,-0.975458,-0.975447,-25.7692,-0.975458,-0.975458
-8.55713,-0.76281,-0.762833,-58.3515,-0.76281,-0.76281
-8.11621,-0.965815,-0.965819,-27.6224,-0.965816,-0.965816
6.53911,0.253144,0.253137,1.37797,0.253144,0.253144
1.04057,0.862693,0.862693,0.862693,0.862693,0.862693
-8.74261,-0.63048,-0.630454,-79.276,-0.63048,-0.63048
1.5906,0.999804,0.999804,0.999804,0.999804,0.999804
5.6033,-0.628702,-0.628699,-0.513433,-0.628703,-0.628702
1.57136,1,1,1,1,1
2.84982,0.287646,0.287646,0.287651,0.287646,0.287646
1.24634,0.947825,0.947825,0.947825,0.947825,0.947825
-4.24716,0.893721,0.893721,0.89183,0.893721,0.893721
4.32621,-0.926355,-0.926356,-0.923868,-0.926355,-0.926355
-4.58412,0.991785,0.991785,0.985902,0.991784,0.991785
7.88921,0.99938,0.999364,18.6215,0.99938,0.99938
-4.35581,0.937097,0.937097,0.934344,0.937097,0.937097
6.85346,0.539864,0.539872,2.78301,0.539863,0.539863
-4.1847,0.863971,0.863971,0.862454,0.863971,0.863971
7.30119,0.851063,0.851068,6.52704,0.851063,0.851063
0.25184,0.249186,0.249186,0.249186,0.249186,0.249186
4.70626,-0.999981,-0.999981,-0.991289,-0.999981,-0.999981
-0.182382,-0.181372,-0.181372,-0.181372,-0.181372,-0.181372
-5.22766,0.870157,0.870157,0.828876,0.870157,0.870157
-3.66013,0.495612,0.495613,0.495406,0.495612,0.495612
-1.97684,-0.91869,-0.91869,-0.91869,-0.91869,-0.91869
-4.18889,0.866076,0.866076,0.864536,0.866076,0.866076
-4.87629,0.986598,0.986598,0.97188,0.986598,0.986598
6.97958,0.641453,0.641451,3.57324,0.641453,0.641453
-6.5933,-0.305168,-0.305173,-1.5752,-0.305168,-0.305168
9.15957,0.262106,0.262093,154.849,0.262106,0.262106
8.20576,0.93876,0.938726,32.2192,0.93876,0.93876
-4.37564,0.943833,0.943832,0.940886,0.943833,0.943833
0.975303,0.827872,0.827872,0.827872,0.827872,0.827872
7.29827,0.849528,0.84954,6.49238,0.849528,0.849528
-6.61562,-0.326345,-0.326353,-1.6611,-0.326345,-0.326345
7.70164,0.988419,0.988433,13.3878,0.988419,0.988419
-2.09878,-0.863823,-0.863823,-0.863823,-0.863823,-0.863823
-3.98623,0.747731,0.747731,0.746995,0.747731,0.747731
-3.20332,0.0616834,0.0616834,0.0616552,0.0616832,0.0616832
-1.70615,-0.990854,-0.990854,-0.990854,-0.990854,-0.990854
-7.25436,-0.825552,-0.825551,-5.99084,-0.825552,-0.825552
4.77142,-0.998258,-0.998259,-0.987599,-0.998258,-0.998258
-5.65012,0.591616,0.591616,0.461261,0.591616,0.591616
0.775258,0.6999,0.6999,0.6999,0.6999,0.699901
-2.63022,-0.489379,-0.489379,-0.489381,-0.489379,-0.489379
-0.875965,-0.768162,-0.768162,-0.768162,-0.768162,-0.768162
0.262514,0.259509,0.259509,0.259509,0.259509,0.259509
-2.5821,-0.530758,-0.530757,-0.530759,-0.530758,-0.530758
-5.87211,0.399598,0.399598,0.169259,0.399598,0.399599
-1.68817,-0.993119,-0.993119,-0.993119,-0.993119,-0.993119
-7.38503,-0.89204,-0.892044,-7.60116,-0.89204,-0.89204
1.80143,0.973522,0.973522,0.973522,0.973522,0.973522
8.76352,0.614114,0.614126,82.0358,0.614114,0.614114
-3.33232,0.189575,0.189575,0.189524,0.189575,0.189575
-0.00715828,-0.00715822,-0.00715822,-0.00715822,-0.00715841,-0.00715808
7.99303,0.990348,0.99035,22.3176,0.990348,0.990348
-8.98844,-0.422623,-0.422583,-118.036,-0.422623,-0.422623
3.08583,0.0557369,0.0557368,0.055753,0.0557369,0.0557369
1.00264,0.842896,0.842896,0.842896,0.842896,0.842896
-0.603102,-0.5672,-0.5672,-0.5672,-0.5672,-0.5672
3.62381,-0.463747,-0.463747,-0.463569,-0.463747,-0.463747
-3.37045,0.22686,0.22686,0.2268,0.22686,0.22686
-5.13718,0.911125,0.911125,0.879252,0.911125,0.911125
-7.91894,-0.997891,-0.997909,-19.6147,-0.997891,-0.997891
8.70317,0.660592,0.660594,74.3073,0.660592,0.660592
6.06929,-0.212263,-0.212263,0.162755,-0.212264,-0.212263
6.32277,0.0395745,0.0395698,0.72502,0.0395742,0.0395742
-4.75973,0.99888,0.99888,0.988601,0.99888,0.99888
2.62979,0.489749,0.489749,0.48975,0.489749,0.489749
8.23129,0.929658,0.929672,33.6586,0.929658,0.929658
-5.81587,0.450493,0.450493,0.250668,0.450494,0.450493
-2.91607,-0.223616,-0.223616,-0.223623,-0.223616,-0.223616
-4.91355,0.979835,0.979834,0.963357,0.979835,0.979835
-8.41898,-0.844588,-0.844602,-46.2922,-0.844588,-0.844588
2.42852,0.65416,0.65416,0.65416,0.65416,0.65416
3.97857,-0.742623,-0.742623,-0.741907,-0.742623,-0.742623
8.62864,0.714657,0.714643,65.7099,0.714657,0.714657
-2.82659,-0.309821,-0.309821,-0.309826,-0.309821,-0.309821
7.87085,0.999858,0.999857,18.0325,0.999858,0.999858
-6.22318,0.0599728,0.0599769,-0.482497,0.0599727,0.0599726
1.07065,0.877512,0.877512,0.877512,0.877512,0.877512
-6.0783,0.203453,0.203457,-0.179854,0.203453,0.203453
6.41036,0.126832,0.126833,0.966236,0.126831,0.126831
-3.32638,0.183738,0.183738,0.183688,0.183738,0.183738
5.75105,-0.507376,-0.507377,-0.33804,-0.507376,-0.507376
-5.70752,0.544393,0.544393,0.393038,0.544394,0.544393
-1.8224,-0.968515,-0.968515,-0.968515,-0.968515,-0.968515
-1.99277,-0.912281,-0.912281,-0.912281,-0.912281,-0.912281
9.11785,0.302129,0.302182,144.995,0.302129,0.302129
-2.13656,-0.84418,-0.84418,-0.84418,-0.84418,-0.84418
0.540268,0.514366,0.514366,0.514366,0.514366,0.514366
-7.71923,-0.990935,-0.990935,-13.8106,-0.990935,-0.990935
1.50754,0.998,0.998,0.998,0.998,0.998
-3.01821,-0.123072,-0.123072,-0.123083,-0.123072,-0.123072
6.02937,-0.251095,-0.251094,0.0891376,-0.251095,-0.251095
-0.690727,-0.637098,-0.637098,-0.637098,-0.637098,-0.637098
-1.83033,-0.96651,-0.96651,-0.96651,-0.96651,-0.96651
2.98459,0.15636,0.15636,0.15637,0.15636,0.15636
2.20948,0.802879,0.802879,0.802879,0.802879,0.802879
2.69198,0.434616,0.434616,0.434618,0.434616,0.434616
2.71243,0.41611,0.41611,0.416113,0.41611,0.41611
-3.45147,0.304943,0.304943,0.304857,0.304943,0.304943
0.72555,0.663547,0.663547,0.663547,0.663547,0.663547
1.02176,0.853027,0.853027,0.853027,0.853027,0.853027
-6.21731,0.0658325,0.0658302,-0.469149,0.0658328,0.0658326
-8.36954,-0.870016,-0.870043,-42.5839,-0.870016,-0.870016
-8.26672,-0.916026,-0.916023,-35.7579,-0.916026,-0.916026
8.47197,0.815045,0.815033,50.6071,0.815045,0.815045
0.207018,0.205542,0.205542,0.205542,0.205542,0.205542
-2.33671,-0.720746,-0.720746,-0.720746,-0.720746,-0.720746
-1.3403,-0.973553,-0.973553,-0.973553,-0.973553,-0.973553
-4.75438,0.999118,0.999119,0.98901,0.999118,0.999118
-9.40388,-0.0208992,-0.0208405,-226.298,-0.0208995,-0.0208995
-2.74158,-0.38943,-0.38943,-0.389433,-0.38943,-0.38943
-4.23604,0.888673,0.888673,0.886855,0.888673,0.888673
5.88345,-0.389176,-0.389172,-0.152176,-0.389176,-0.389176
3.81238,-0.621603,-0.621603,-0.621224,-0.621603,-0.621603
-7.54253,-0.951889,-0.951872,-10.0891,-0.951888,-0.951889
-3.78347,0.598698,0.598697,0.598359,0.598698,0.598698
-7.83037,-0.999721,-0.999707,-16.7969,-0.999721,-0.999721
8.97165,0.437784,0.437787,114.904,0.437784,0.437784
-2.95562,-0.184904,-0.184904,-0.184912,-0.184904,-0.184904
3.00739,0.133797,0.133797,0.133808,0.133797,0.133797
8.96939,0.43981,0.439797,114.489,0.43981,0.43981
7.49554,0.936444,0.936441,9.27515,0.936444,0.936444
-0.781407,-0.704279,-0.704279,-0.704279,-0.704279,-0.704279
-5.84934,0.420366,0.420368,0.202871,0.420366,0.420366
0.762043,0.690401,0.690401,0.690401,0.690401,0.690401
-7.77524,-0.996901,-0.996907,-15.245,-0.996901,-0.996901
-5.23919,0.864418,0.864417,0.821767,0.864418,0.864418
-1.80119,-0.973578,-0.973578,-0.973578,-0.973578,-0.973578
-4.10524,0.821276,0.821275,0.820135,0.821276,0.821276
-8.3313,-0.888231,-0.888222,-39.9111,-0.888232,-0.888232
7.33737,0.869499,0.8695,6.97174,0.869499,0.869498
5.56505,-0.657979,-0.657978,-0.553814,-0.657979,-0.657979
5.31417,-0.824331,-0.824332,-0.771695,-0.824331,-0.824331
-4.2988,0.915684,0.915684,0.91342,0.915684,0.915684
6.60631,0.317533,0.317529,1.62492,0.317533,0.317533
3.32242,-0.179845,-0.179844,-0.179796,-0.179845,-0.179845
7.63418,0.97594,0.97593,11.8786,0.97594,0.97594
5.29869,-0.832994,-0.832996,-0.782583,-0.832994,-0.832994
-0.40203,-0.391287,-0.391287,-0.391287,-0.391287,-0.391287
5.09781,-0.926639,-0.926639,-0.8982,-0.926639,-0.926639
6.3459,0.0626703,0.0626692,0.785991,0.0626702,0.06267
-4.86341,0.988618,0.988618,0.974466,0.988618,0.988618
-5.14609,0.907417,0.907418,0.874716,0.907417,0.907417
8.9328,0.472373,0.472379,107.956,0.472373,0.472373
-5.61748,0.617615,0.617615,0.497961,0.617615,0.617615
-8.13322,-0.961265,-0.961283,-28.4443,-0.961265,-0.961265
0.715801,0.656222,0.656222,0.656222,0.656222,0.656222
4.79657,-0.996459,-0.996459,-0.984934,-0.996459,-0.996459
-4.98836,0.96216,0.962161,0.941545,0.96216,0.96216
-4.92436,0.977617,0.977617,0.960594,0.977617,0.977617
-8.92972,-0.475085,-0.475061,-107.422,-0.475086,-0.475086
2.34062,0.718035,0.718035,0.718036,0.718035,0.718035
-5.18813,0.888956,0.888957,0.852066,0.888956,0.888956
2.01318,0.903732,0.903732,0.903732,0.903732,0.903732
-1.34976,-0.97567,-0.97567,-0.97567,-0.97567,-0.97567
-3.44201,0.295918,0.295918,0.295835,0.295918,0.295918
-6.72424,-0.426891,-0.426893,-2.12274,-0.426891,-0.426891
2.4937,0.603508,0.603508,0.603509,0.603508,0.603508
6.91781,0.592876,0.592873,3.166,0.592875,0.592876
0.320475,0.315017,0.315017,0.315017,0.315017,0.315017
-5.27324,0.8468,0.8468,0.799856,0.8468,0.8468
7.26389,0.830891,0.830902,6.09651,0.830891,0.830891
-3.70102,0.5307,0.5307,0.530456,0.5307,0.5307
-1.96314,-0.924015,-0.924015,-0.924015,-0.924016,-0.924016
1.15793,0.915974,0.915973,0.915973,0.915974,0.915973
8.74663,0.627354,0.62735,79.7998,0.627354,0.627354
2.32648,0.727806,0.727806,0.727806,0.727806,0.727806
-5.29652,0.834191,0.83419,0.784082,0.834191,0.834191
2.79444,0.340218,0.340218,0.340222,0.340218,0.340218
-2.41405,-0.665039,-0.665039,-0.665039,-0.665039,-0.665039
6.29845,0.0152646,0.015266,0.662887,0.0152645,0.0152642
1.88994,0.949506,0.949506,0.949506,0.949506,0.949506
0.0906944,0.0905701,0.0905701,0.0905701,0.0905701,0.09057
1.16159,0.917438,0.917438,0.917438,0.917438,0.917438
4.71821,-0.999983,-0.999983,-0.990958,-0.999983,-0.999983
8.20089,0.940428,0.940415,31.9512,0.940429,0.940428
5.53191,-0.682572,-0.682572,-0.587214,-0.682572,-0.682572
-6.92547,-0.599027,-0.59903,-3.21432,-0.599027,-0.599027
-5.96227,0.315435,0.315434,0.0269948,0.315435,0.315435
-8.02359,-0.985651,-0.98564,-23.5336,-0.985651,-0.985651
7.76639,0.996166,0.996167,15.0092,0.996166,0.996166
7.88291,0.999582,0.999584,18.4174,0.999582,0.999582
1.52059,0.99874,0.99874,0.99874,0.99874,0.99874
6.3957,0.112282,0.112279,0.923865,0.112281,0.112282
4.18056,-0.86188,-0.86188,-0.860385,-0.86188,-0.86188
5.78996,-0.473471,-0.473471,-0.286398,-0.473471,-0.473471
3.78799,-0.602313,-0.602314,-0.601969,-0.602313,-0.602313
-0.164265,-0.163527,-0.163527,-0.163527,-0.163527,-0.163527
5.91721,-0.357857,-0.357857,-0.0999701,-0.357857,-0.357857
-5.60565,0.626872,0.626871,0.510887,0.626872,0.626872
-6.76487,-0.463271,-0.463271,-2.31612,-0.463271,-0.46327
2.09682,0.864809,0.864809,0.864809,0.864809,0.864809
-6.33328,-0.0500719,-0.0500709,-0.752495,-0.0500718,-0.0500718
-2.62939,-0.490094,-0.490095,-0.490096,-0.490095,-0.490095
-6.1468,0.135965,0.135968,-0.316221,0.135965,0.135965
9.0406,0.374797,0.374842,128.281,0.374797,0.374797
-8.4591,-0.822437,-0.82246,-49.5249,-0.822437,-0.822437
8.20956,0.937446,0.937446,32.4294,0.937446,0.937446
2.84995,0.287522,0.287522,0.287527,0.287522,0.287522
-8.52417,-0.783705,-0.783751,-55.2293,-0.783705,-0.783706
-1.26604,-0.95392,-0.95392,-0.95392,-0.95392,-0.95392
0.392593,0.382586,0.382586,0.382586,0.382586,0.382586
-7.72884,-0.99218,-0.992187,-14.0471,-0.99218,-0.99218
4.47829,-0.972725,-0.972725,-0.968567,-0.972725,-0.972725
8.5669,0.756456,0.756466,59.3086,0.756456,0.756456
1.81099,0.971293,0.971293,0.971293,0.971293,0.971293
5.29709,-0.833878,-0.833878,-0.78369,-0.833878,-0.833878
7.74884,0.994478,0.994461,14.5519,0.994478,0.994478
1.28724,0.960067,0.960067,0.960067,0.960067,0.960067
8.29117,0.905946,0.905924,37.2793,0.905946,0.905946
6.39447,0.111054,0.111055,0.920336,0.111054,0.111054
-2.00235,-0.908318,-0.908318,-0.908318,-0.908319,-0.908319
-4.91389,0.979767,0.979767,0.963273,0.979767,0.979767
-8.29655,-0.903654,-0.903667,-37.6226,-0.903654,-0.903654
-3.63096,0.470065,0.470065,0.469882,0.470065,0.470065
5.58945,-0.639413,-0.639412,-0.528287,-0.639413,-0.639413
5.53129,-0.683024,-0.683024,-0.587824,-0.683024,-0.683024
-1.3192,-0.968515,-0.968515,-0.968515,-0.968515,-0.968515
7.05309,0.696069,0.696069,4.11517,0.696069,0.696069
5.74574,-0.511944,-0.511945,-0.344903,-0.511944,-0.511944
3.49451,-0.345638,-0.345638,-0.345535,-0.345638,-0.345638
5.61344,-0.620786,-0.620787,-0.502398,-0.620786,-0.620786
6.91884,0.593706,0.593704,3.17247,0.593706,0.593706
5.9965,-0.282772,-0.282771,0.031096,-0.282772,-0.282772
-4.31907,0.92364,0.92364,0.921212,0.92364,0.92364
7.77395,0.996799,0.996801,15.2104,0.996799,0.996799
7.6631,0.981838,0.981837,12.5044,0.981838,0.981838
-9.18079,-0.241571,-0.241572,-160.098,-0.241571,-0.241571
8.21872,0.934217,0.93423,32.9422,0.934217,0.934217
0.570392,0.539962,0.539962,0.539962,0.539962,0.539962
5.19479,-0.885885,-0.885886,-0.848288,-0.885885,-0.885886
5.23667,-0.865685,-0.865686,-0.823339,-0.865685,-0.865685
-2.442,-0.643908,-0.643908,-0.643908,-0.643908,-0.643908
2.37679,0.692393,0.692393,0.692393,0.692393,0.692393
-7.80413,-0.998758,-0.998776,-16.0401,-0.998757,-0.998758
0.609682,0.572607,0.572607,0.572607,0.572607,0.572607
-8.77627,-0.603997,-0.603957,-83.7637,-0.603997,-0.603997
-5.97651,0.301892,0.30189,0.00311697,0.301892,0.301892
-1.18728,-0.927356,-0.927356,-0.927356,-0.927356,-0.927356
6.54916,0.262854,0.262858,1.4134,0.262853,0.262853
0.955448,0.816572,0.816572,0.816572,0.816572,0.816572
-2.68014,-0.445249,-0.445249,-0.445251,-0.445249,-0.445249
-7.94763,-0.995618,-0.995628,-20.6217,-0.995618,-0.995618
-6.24035,0.0428196,0.0428184,-0.522144,0.0428196,0.0428197
6.50653,0.221495,0.221493,1.26662,0.221495,0.221495
5.0505,-0.943384,-0.943384,-0.918616,-0.943384,-0.943384
1.55797,0.999918,0.999918,0.999918,0.999918,0.999918
-4.3827,0.946142,0.946143,0.943126,0.946142,0.946142
6.2091,-0.0740187,-0.0740169,0.450649,-0.0740188,-0.0740189
-0.131117,-0.130742,-0.130742,-0.130742,-0.130741,-0.130741
5.89943,-0.374406,-0.374407,-0.127728,-0.374406,-0.374406
-1.85686,-0.959362,-0.959362,-0.959362,-0.959362,-0.959362
2.02596,0.898189,0.898189,0.898189,0.898189,0.898189
8.15287,0.955665,0.955655,29.4224,0.955666,0.955666
-5.84853,0.421099,0.421098,0.204044,0.421099,0.421099
-2.30907,-0.73963,-0.73963,-0.739631,-0.739631,-0.739631
-9.02186,-0.392109,-0.392076,-124.507,-0.392109,-0.392109
-3.17804,0.0364379,0.0364378,0.0364127,0.0364377,0.0364377
-3.56274,0.408805,0.408805,0.408667,0.408805,0.408805
4.66274,-0.998768,-0.998766,-0.991194,-0.998767,-0.998767
3.10209,0.0394877,0.0394878,0.0395053,0.0394877,0.0394877
-0.41903,-0.406875,-0.406875,-0.406875,-0.406875,-0.406875
-5.41294,0.764487,0.764485,0.695354,0.764487,0.764487
-5.67828,0.568681,0.568682,0.428388,0.568681,0.568681
-8.85813,-0.536805,-0.536822,-95.6953,-0.536805,-0.536805
4.19786,-0.870525,-0.870524,-0.868935,-0.870525,-0.870525
-3.16138,0.0197878,0.0197876,0.0197644,0.0197876,0.0197876
8.88783,0.511515,0.511462,100.406,0.511515,0.511515
3.85575,-0.654982,-0.654981,-0.654533,-0.654982,-0.654982
-7.99663,-0.989843,-0.989851,-22.4576,-0.989843,-0.989843
1.55524,0.999879,0.999879,0.999879,0.999879,0.999879
-3.67122,0.50521,0.50521,0.504994,0.50521,0.50521
-7.98668,-0.991208,-0.991233,-22.0725,-0.991208,-0.991208
-7.39883,-0.898192,-0.8982,-7.79326,-0.898192,-0.898192
-5.40463,0.769818,0.769817,0.70224,0.769818,0.769818
4.13334,-0.836985,-0.836985,-0.835722,-0.836985,-0.836985
1.59615,0.999679,0.999679,0.999679,0.999679,0.999679
-1.96802,-0.922139,-0.922139,-0.922139,-0.922139,-0.922139
-4.308,0.919345,0.919345,0.917008,0.919345,0.919345
-1.27302,-0.955991,-0.955991,-0.955991,-0.955991,-0.955991
0.0507641,0.0507423,0.0507423,0.0507423,0.0507422,0.0507422
6.60412,0.31545,0.31545,1.61647,0.31545,0.31545
0.0765133,0.0764387,0.0764387,0.0764387,0.0764385,0.0764384
-8.19641,-0.941942,-0.941952,-31.7068,-0.941942,-0.941942
6.02417,-0.256127,-0.256124,0.0798018,-0.256127,-0.256127
2.25934,0.772175,0.772175,0.772175,0.772175,0.772175
5.85848,-0.412054,-0.412053,-0.189483,-0.412055,-0.412054
-4.47998,0.973113,0.973113,0.968932,0.973113,0.973113
5.68093,-0.5665,-0.5665,-0.425235,-0.5665,-0.5665
-5.61936,0.616134,0.616132,0.495885,0.616134,0.616134
-3.00191,-0.139232,-0.139232,-0.139243,-0.139232,-0.139232
-9.24898,-0.174897,-0.17484,-178.11,-0.174897,-0.174897
7.66252,0.981727,0.98172,12.4914,0.981727,0.981727
1.0676,0.876045,0.876045,0.876045,0.876045,0.876045
2.93652,0.203636,0.203636,0.203644,0.203636,0.203636
-5.50165,0.704368,0.704369,0.616442,0.704368,0.704368
-0.159934,-0.159253,-0.159253,-0.159253,-0.159253,-0.159253
5.67594,-0.570611,-0.570609,-0.43117,-0.570611,-0.570611
-1.60973,-0.999242,-0.999242,-0.999242,-0.999242,-0.999242
2.27891,0.759592,0.759592,0.759592,0.759592,0.759592
-8.11857,-0.965199,-0.965213,-27.7354,-0.965199,-0.965199
2.13593,0.844518,0.844518,0.844518,0.844518,0.844517
-9.19124,-0.231422,-0.231419,-162.742,-0.231422,-0.231422
7.66707,0.982583,0.982584,12.5927,0.982583,0.982583
-8.58673,-0.743341,-0.74332,-61.2967,-0.743342,-0.743342
3.87353,-0.668311,-0.668311,-0.667831,-0.668311,-0.668311
9.1375,0.283342,0.28336,149.56,0.283342,0.283342
5.51376,-0.695724,-0.695725,-0.604891,-0.695724,-0.695724
-8.81495,-0.572723,-0.572713,-89.2156,-0.572724,-0.572724
0.590458,0.556741,0.556741,0.556741,0.556741,0.556741
-0.0556278,-0.0555991,-0.0555991,-0.0555991,-0.0555991,-0.0555991
3.81378,-0.622703,-0.622702,-0.622321,-0.622703,-0.622703
0.563522,0.534167,0.534167,0.534167,0.534167,0.534167
7.0329,0.681428,0.681429,3.95967,0.681428,0.681428
-8.84086,-0.551297,-0.551349,-93.052,-0.551297,-0.551297
-1.08446,-0.884052,-0.884052,-0.884052,-0.884052,-0.884052
7.56745,0.959229,0.95923,10.5482,0.959229,0.959229
8.79882,0.58587,0.5859,86.903,0.585871,0.585871
-8.2729,-0.913528,-0.913518,-36.1371,-0.913528,-0.913528
6.31896,0.0357682,0.0357713,0.715165,0.035768,0.0357678
-2.3597,-0.70462,-0.70462,-0.704621,-0.704621,-0.704621
3.1724,-0.0308058,-0.0308061,-0.0307816,-0.0308058,-0.0308058
7.76353,0.995912,0.99592,14.9338,0.995912,0.995912
4.85238,-0.990217,-0.990217,-0.976534,-0.990217,-0.990217
-3.75578,0.576298,0.576298,0.575995,0.576298,0.576298
0.862238,0.759301,0.759301,0.759301,0.759301,0.759301
-8.84249,-0.549937,-0.5499,-93.2982,-0.549937,-0.549937
8.13145,0.961751,0.961747,28.3578,0.961751,0.961751
-7.77827,-0.997135,-0.997132,-15.3265,-0.997135,-0.997135
3.85893,-0.657384,-0.657384,-0.65693,-0.657384,-0.657384
-3.22538,0.0836907,0.0836907,0.0836594,0.0836905,0.0836905
-4.21859,0.880539,0.880538,0.878827,0.880539,0.880539
5.23633,-0.865855,-0.865856,-0.82355,-0.865855,-0.865855
-8.54375,-0.771392,-0.771404,-57.0646,-0.771393,-0.771393
4.6746,-0.999286,-0.999287,-0.991424,-0.999286,-0.999286
-0.820119,-0.731227,-0.731227,-0.731227,-0.731227,-0.731227
-7.9713,-0.993127,-0.993135,-21.4895,-0.993127,-0.993127
8.90535,0.496382,0.496403,103.287,0.496382,0.496382
-0.448696,-0.433791,-0.433791,-0.433791,-0.433791,-0.433791
-6.2377,0.045472,0.0454702,-0.51596,0.0454721,0.0454721
-8.8334,-0.557504,-0.557529,-91.9319,-0.557504,-0.557504
0.150325,0.149759,0.149759,0.149759,0.149759,0.149759
-9.1451,-0.276046,-0.276057,-151.362,-0.276046,-0.276046
-0.732099,-0.668432,-0.668432,-0.668432,-0.668432,-0.668432
2.18002,0.820094,0.820094,0.820094,0.820094,0.820094
6.24957,-0.0336119,-0.0336107,0.543771,-0.0336121,-0.0336121
-3.15281,0.0112134,0.0112133,0.011191,0.0112132,0.0112132
-8.4553,-0.82459,-0.824607,-49.2101,-0.82459,-0.82459
-1.88824,-0.950038,-0.950037,-0.950037,-0.950038,-0.950038
2.44096,0.644701,0.644701,0.644701,0.644701,0.644701
-2.40569,-0.671253,-0.671253,-0.671254,-0.671253,-0.671253
7.85402,1,1.00001,17.5086,1,1
-1.2047,-0.933733,-0.933733,-0.933733,-0.933733,-0.933733
3.4669,-0.3196,-0.3196,-0.319508,-0.3196,-0.3196
-8.6677,-0.686798,-0.686819,-70.0912,-0.686798,-0.686798
2.45261,0.635751,0.635751,0.635751,0.635751,0.635751
1.89369,0.948322,0.948322,0.948322,0.948322,0.948322
1.96528,0.923193,0.923193,0.923193,0.923193,0.923193
-5.95561,0.32175,0.32175,0.0380305,0.32175,0.32175
4.21289,-0.877823,-0.877823,-0.876147,-0.877823,-0.877823
-0.161362,-0.160662,-0.160662,-0.160662,-0.160662,-0.160662
4.27884,-0.907481,-0.907481,-0.905369,-0.907481,-0.907481
-8.3962,-0.856568,-0.856559,-44.5463,-0.856569,-0.856569
-3.96933,0.736405,0.736405,0.735714,0.736404,0.736404
0.525513,0.501657,0.501657,0.501657,0.501656,0.501657
-0.216942,-0.215244,-0.215244,-0.215244,-0.215244,-0.215244
-8.31431,-0.895907,-0.895902,-38.7761,-0.895907,-0.895907
-2.63396,-0.486106,-0.486106,-0.486108,-0.486106,-0.486106
6.32965,0.046445,0.0464442,0.742959,0.0464446,0.0464446
2.604,0.512066,0.512066,0.512067,0.512066,0.512066
-4.10136,0.819059,0.819059,0.817934,0.819059,0.819059
-7.39199,-0.895167,-0.895164,-7.69756,-0.895167,-0.895167
-7.207,-0.797906,-0.797902,-5.49031,-0.797906,-0.797905
2.73779,0.392921,0.392921,0.392924,0.392921,0.392921
2.82858,0.307927,0.307927,0.307932,0.307927,0.307927
3.6917,-0.522779,-0.522779,-0.522544,-0.522779,-0.522779
6.55163,0.265232,0.265237,1.42217,0.265232,0.265232
-3.08988,-0.0516872,-0.0516872,-0.0517037,-0.0516874,-0.0516874
4.08501,-0.809569,-0.809569,-0.808509,-0.809569,-0.809569
3.46866,-0.321263,-0.321263,-0.32117,-0.321263,-0.321263
-5.96224,0.315462,0.31546,0.0270413,0.315462,0.315462
4.40105,-0.951924,-0.951923,-0.948713,-0.951924,-0.951924
-2.94971,-0.190706,-0.190706,-0.190714,-0.190706,-0.190706
-9.3302,-0.0944321,-0.0943807,-202.036,-0.0944324,-0.0944324
7.92595,0.997411,0.997402,19.8563,0.997411,0.997411
8.61595,0.723477,0.72348,64.3428,0.723478,0.723478
6.27901,-0.00417548,-0.00417417,0.614612,-0.00417576,-0.00417563
2.2152,0.799459,0.799459,0.799459,0.799459,0.799459
-7.35374,-0.877465,-0.877473,-7.18211,-0.877465,-0.877465
6.37182,0.0885172,0.0885147,0.856593,0.088517,0.0885172
4.78706,-0.997214,-0.997215,-0.986024,-0.997214,-0.997214
-1.10654,-0.894156,-0.894156,-0.894156,-0.894156,-0.894156
-5.99932,0.280068,0.280067,-0.0359819,0.280069,0.280068
-9.12497,-0.295334,-0.295401,-146.634,-0.295334,-0.295334
-3.11356,-0.0280254,-0.0280254,-0.0280439,-0.0280256,-0.0280256
1.6801,0.994033,0.994033,0.994033,0.994033,0.994033
7.58437,0.963875,0.963868,10.8713,0.963875,0.963875
4.43774,-0.96252,-0.96252,-0.958888,-0.96252,-0.962519
-5.6508,0.591068,0.59107,0.460484,0.591069,0.591068
3.05048,0.0909896,0.0909894,0.0910031,0.0909896,0.0909896
4.31246,-0.921087,-0.921087,-0.918714,-0.921087,-0.921087
-7.11228,-0.737318,-0.737317,-4.6023,-0.737318,-0.737318
-1.62762,-0.998386,-0.998386,-0.998386,-0.998386,-0.998386
-5.43936,0.747193,0.747192,0.672896,0.747193,0.747193
-5.8281,0.439537,0.439535,0.233411,0.439537,0.439537
-1.8388,-0.964301,-0.964301,-0.964301,-0.964301,-0.964301
4.11409,-0.826297,-0.826297,-0.825119,-0.826297,-0.826297
-8.67858,-0.67885,-0.678832,-71.3598,-0.67885,-0.67885
-6.96672,-0.631537,-0.63153,-3.48504,-0.631536,-0.631536
-5.32339,0.819076,0.819074,0.765068,0.819076,0.819076
-9.40266,-0.0221139,-0.0221592,-225.877,-0.0221142,-0.0221142
-0.245586,-0.243125,-0.243125,-0.243125,-0.243125,-0.243125
-1.06705,-0.875782,-0.875782,-0.875782,-0.875782,-0.875782
-0.436378,-0.422659,-0.422659,-0.422659,-0.422659,-0.422659
4.64039,-0.997409,-0.997409,-0.990359,-0.997409,-0.997409
-4.78591,0.997299,0.997298,0.986148,0.997299,0.997299
-8.67128,-0.684195,-0.684212,-70.5057,-0.684195,-0.684195
4.46433,-0.969391,-0.969391,-0.965422,-0.969391,-0.969391
6.4827,0.19819,0.198188,1.18836,0.19819,0.19819
-6.50037,-0.215481,-0.215477,-1.24613,-0.215481,-0.215481
-5.45148,0.739081,0.739082,0.662298,0.739081,0.739081
5.32481,-0.818256,-0.818256,-0.764036,-0.818256,-0.818257
-6.40995,-0.126425,-0.126427,-0.96504,-0.126425,-0.126424
3.02193,0.119373,0.119373,0.119385,0.119373,0.119373
-1.23832,-0.945237,-0.945237,-0.945237,-0.945237,-0.945237
1.06903,0.876735,0.876735,0.876735,0.876735,0.876735
-0.0155449,-0.0155443,-0.0155443,-0.0155443,-0.0155442,-0.0155441
8.31185,0.896996,0.897025,38.6144,0.896996,0.896996
8.40628,0.851322,0.85133,45.311,0.851322,0.851322
7.26605,0.83209,0.832094,6.12066,0.83209,0.83209
-4.07121,0.80139,0.80139,0.800383,0.80139,0.80139
-2.26919,-0.765877,-0.765877,-0.765877,-0.765877,-0.765877
-6.30591,-0.0227209,-0.022724,-0.681734,-0.0227209,-0.0227206
-2.32188,-0.730949,-0.730949,-0.73095,-0.730949,-0.730949
6.12619,-0.156354,-0.156354,0.273985,-0.156354,-0.156354
-3.50135,0.352044,0.352044,0.351937,0.352044,0.352044
6.21484,-0.0682922,-0.0682926,0.463569,-0.0682923,-0.0682922
-5.63348,0.604953,0.604954,0.480162,0.604953,0.604953
1.76771,0.980675,0.980675,0.980675,0.980675,0.980675
-4.31676,0.922755,0.922755,0.920347,0.922755,0.922755
4.86003,-0.98912,-0.989121,-0.975114,-0.98912,-0.98912
-6.57122,-0.284072,-0.284076,-1.49297,-0.284072,-0.284072
-8.96447,-0.444228,-0.444249,-113.589,-0.444229,-0.444229
-5.24984,0.859017,0.859017,0.815065,0.859017,0.859017
3.81468,-0.623399,-0.623399,-0.623017,-0.623399,-0.623399
0.0295038,0.0294995,0.0294995,0.0294995,0.0294995,0.0294994
-5.31144,0.825869,0.825868,0.773629,0.825869,0.825869
1.71986,0.988911,0.988911,0.988911,0.988911,0.988911
3.03719,0.104217,0.104217,0.10423,0.104217,0.104217
2.1474,0.838321,0.838321,0.838321,0.838321,0.838321
4.78099,-0.997648,-0.997648,-0.986666,-0.997648,-0.997648
-1.29054,-0.960985,-0.960985,-0.960985,-0.960985,-0.960985
-2.48786,-0.60815,-0.60815,-0.608151,-0.608151,-0.608151
9.13724,0.283596,0.283532,149.498,0.283596,0.283596
8.65055,0.699166,0.699165,68.1337,0.699167,0.699167
-2.70031,-0.427095,-0.427095,-0.427097,-0.427095,-0.427095
-3.95306,0.725301,0.725301,0.724651,0.725301,0.725301
-3.52464,0.373745,0.373745,0.373627,0.373745,0.373745
-0.746165,-0.678828,-0.678828,-0.678828,-0.678828,-0.678828
-2.41581,-0.66372,-0.66372,-0.66372,-0.66372,-0.66372
-3.34752,0.204477,0.204477,0.204423,0.204477,0.204477
4.38261,-0.946113,-0.946112,-0.943096,-0.946113,-0.946113
2.85037,0.287123,0.287123,0.287128,0.287123,0.287123
-6.85489,-0.54107,-0.541067,-2.79111,-0.54107,-0.54107
-2.29556,-0.748657,-0.748657,-0.748657,-0.748657,-0.748657
-3.96785,0.735399,0.735399,0.734712,0.735398,0.735398
-8.20846,-0.937826,-0.937844,-32.3686,-0.937827,-0.937827
2.54899,0.558518,0.558518,0.558519,0.558518,0.558518
-7.5781,-0.962185,-0.962187,-10.7505,-0.962185,-0.962185
4.42057,-0.957723,-0.957723,-0.954295,-0.957723,-0.957723
2.71591,0.412944,0.412944,0.412947,0.412944,0.412944
6.52624,0.240667,0.240667,1.33335,0.240667,0.240667
4.32962,-0.927633,-0.927633,-0.925116,-0.927633,-0.927634
3.31728,-0.174785,-0.174784,-0.174737,-0.174785,-0.174785
5.08937,-0.92978,-0.92978,-0.902031,-0.92978,-0.92978
0.277367,0.273824,0.273824,0.273824,0.273824,0.273824
-8.25517,-0.920598,-0.920624,-35.06,-0.920599,-0.920598
-1.91192,-0.942378,-0.942378,-0.942378,-0.942378,-0.942378
6.14782,-0.134955,-0.134955,0.318341,-0.134955,-0.134955
1.29387,0.961901,0.961901,0.961901,0.961901,0.961901
-0.685457,-0.633027,-0.633027,-0.633027,-0.633027,-0.633027
-3.26866,0.126724,0.126724,0.126686,0.126724,0.126724
2.56687,0.543598,0.543598,0.543599,0.543598,0.543598
1.79495,0.974982,0.974982,0.974982,0.974982,0.974982
-1.65665,-0.996316,-0.996317,-0.996317,-0.996316,-0.996316
5.95166,-0.32549,-0.32549,-0.0445374,-0.32549,-0.32549
-8.50039,-0.798255,-0.798247,-53.0757,-0.798255,-0.798255
1.40229,0.985837,0.985837,0.985837,0.985837,0.985837
-4.955,0.970715,0.970715,0.952052,0.970715,0.970715
2.26189,0.770547,0.770547,0.770547,0.770547,0.770547
-1.45727,-0.993563,-0.993563,-0.993563,-0.993562,-0.993562
5.78935,-0.474009,-0.47401,-0.287229,-0.474009,-0.474009
2.67266,0.451936,0.451936,0.451938,0.451936,0.451936
-2.17555,-0.822644,-0.822644,-0.822644,-0.822644,-0.822644
-8.89982,-0.501177,-0.501124,-102.369,-0.501177,-0.501177
2.79241,0.342129,0.342129,0.342133,0.342129,0.342129
5.00393,-0.957801,-0.957802,-0.936211,-0.957801,-0.957801
-8.79304,-0.590552,-0.590626,-86.0869,-0.590552,-0.590552
8.46196,0.820802,0.820791,49.7639,0.820803,0.820803
1.17628,0.923181,0.923181,0.923181,0.923181,0.923181
7.70082,0.988294,0.988287,13.3683,0.988294,0.988294
-0.181789,-0.18079,-0.18079,-0.18079,-0.18079,-0.18079
-5.03279,0.94911,0.949109,0.925598,0.94911,0.94911
-4.43037,0.960495,0.960496,0.956952,0.960495,0.960495
7.66884,0.98291,0.982899,12.6322,0.98291,0.98291
8.62468,0.717423,0.717403,65.2801,0.717423,0.717423
-6.68558,-0.39162,-0.391616,-1.94965,-0.391619,-0.391619
6.73025,0.432318,0.432325,2.15059,0.432318,0.432318
-2.81967,-0.316389,-0.316389,-0.316393,-0.316389,-0.316389
6.74971,0.449789,0.449781,2.24256,0.449788,0.449788
1.83702,0.964772,0.964772,0.964772,0.964772,0.964772
-4.77976,0.997731,0.997731,0.986792,0.997732,0.997731
-5.90784,0.36659,0.36659,0.114666,0.36659,0.366591
-2.8491,-0.28834,-0.28834,-0.288345,-0.28834,-0.28834
8.62816,0.714997,0.714956,65.657,0.714997,0.714997
6.25306,-0.0301223,-0.030126,0.552027,-0.0301224,-0.0301224
-7.58194,-0.963224,-0.963222,-10.8243,-0.963224,-0.963224
-7.70921,-0.989539,-0.989535,-13.5681,-0.989539,-0.989539
-4.83789,0.992136,0.992137,0.979048,0.992136,0.992136
0.280437,0.276775,0.276775,0.276775,0.276775,0.276775
-0.559437,-0.530709,-0.530709,-0.530709,-0.530709,-0.530709
4.87734,-0.986427,-0.986427,-0.971662,-0.986427,-0.986427
6.58224,0.294613,0.294607,1.53364,0.294612,0.294612
-6.51491,-0.229659,-0.22966,-1.29477,-0.229659,-0.229659
2.04039,0.891753,0.891753,0.891754,0.891753,0.891753
-2.72326,-0.406236,-0.406236,-0.406239,-0.406236,-0.406236
-2.92776,-0.212202,-0.212202,-0.212209,-0.212202,-0.212202
-5.44048,0.746445,0.746445,0.671923,0.746445,0.746445
9.25646,0.167524,0.167601,180.198,0.167524,0.167524
-8.9867,-0.424201,-0.424197,-117.707,-0.424201,-0.424201
0.586607,0.553538,0.553538,0.553538,0.553538,0.553538
1.56168,0.999958,0.999958,0.999958,0.999958,0.999958
-4.15946,0.850988,0.850989,0.849602,0.850988,0.850988
-6.37693,-0.0936039,-0.093602,-0.870798,-0.0936037,-0.0936037
6.37699,0.0936647,0.0936626,0.870968,0.0936644,0.0936645
7.6168,0.972004,0.971997,11.5174,0.972004,0.972004
7.91209,0.998312,0.998325,19.3815,0.998312,0.998312
-7.14422,-0.758515,-0.758515,-4.88599,-0.758514,-0.758514
-3.61046,0.451873,0.451873,0.451704,0.451872,0.451872
-7.20891,-0.799059,-0.799061,-5.50979,-0.799059,-0.799059
5.93262,-0.343427,-0.343428,-0.0754489,-0.343427,-0.343427
-6.21785,0.0652929,0.065293,-0.470372,0.0652929,0.065293
7.55966,0.956999,0.956996,10.4025,0.956999,0.956998
6.55948,0.272792,0.272793,1.45028,0.272791,0.272791
-1.69319,-0.992519,-0.992519,-0.992519,-0.992519,-0.992519
-4.88179,0.985687,0.985686,0.97072,0.985687,0.985687
5.6144,-0.620034,-0.620035,-0.501347,-0.620034,-0.620034
-5.11697,0.919268,0.919267,0.889203,0.919268,0.919268
-4.0766,0.804606,0.804606,0.803578,0.804606,0.804606
5.1692,-0.897464,-0.897463,-0.862516,-0.897464,-0.897464
8.75058,0.624271,0.624273,80.3178,0.624271,0.624271
-7.67342,-0.983743,-0.983747,-12.7352,-0.983743,-0.983743
4.45289,-0.966519,-0.96652,-0.962699,-0.966519,-0.966519
8.73484,0.636489,0.636448,78.2733,0.636489,0.636489
0.748721,0.680702,0.680702,0.680702,0.680703,0.680703
-1.56896,-0.999998,-0.999998,-0.999998,-0.999998,-0.999998
1.90592,0.944369,0.944369,0.944369,0.944369,0.944369
4.92275,-0.977956,-0.977957,-0.961016,-0.977956,-0.977956
-8.397,-0.856155,-0.856127,-44.6066,-0.856155,-0.856155
5.22851,-0.86974,-0.86974,-0.82836,-0.86974,-0.86974
-6.79654,-0.491101,-0.491097,-2.47557,-0.491101,-0.491101
3.34641,-0.203387,-0.203387,-0.203333,-0.203387,-0.203387
-4.58426,0.991802,0.991801,0.985916,0.991802,0.991802
4.51043,-0.979676,-0.979676,-0.975052,-0.979676,-0.979676
0.988048,0.834953,0.834953,0.834953,0.834953,0.834953
5.54306,-0.674383,-0.674383,-0.576144,-0.674383,-0.674383
0.956765,0.817332,0.817332,0.817332,0.817332,0.817332
-0.379435,-0.370395,-0.370395,-0.370395,-0.370395,-0.370395
7.43439,0.913253,0.913249,8.30973,0.913253,0.913253
7.35435,0.87776,0.877751,7.19012,0.877759,0.877759
7.68773,0.986212,0.986226,13.0621,0.986212,0.986212
5.35434,-0.800929,-0.800928,-0.742083,-0.800929,-0.800929
3.65337,-0.489728,-0.489728,-0.489527,-0.489728,-0.489728
-5.76944,0.491444,0.491442,0.313928,0.491445,0.491444
-6.17504,0.107931,0.107931,-0.375878,0.10793,0.10793
5.59022,-0.638822,-0.638824,-0.527473,-0.638822,-0.638823
-2.29123,-0.751519,-0.751519,-0.751519,-0.751519,-0.751519
-0.602428,-0.566645,-0.566645,-0.566645,-0.566645,-0.566645
-4.76468,0.998633,0.998633,0.988194,0.998633,0.998633
2.9624,0.178239,0.178238,0.178247,0.178239,0.178239
-1.48901,-0.996658,-0.996658,-0.996658,-0.996657,-0.996657
9.11436,0.305456,0.305517,144.198,0.305456,0.305456
5.20938,-0.879022,-0.879024,-0.839831,-0.879022,-0.879023
6.67246,0.379522,0.379525,1.89323,0.379521,0.379521
-2.19711,-0.810193,-0.810193,-0.810193,-0.810194,-0.810194
-6.69525,-0.400501,-0.40051,-1.99201,-0.4005,-0.4005
-6.26899,0.0141915,0.014194,-0.590206,0.0141916,0.0141916
-9.22405,-0.19938,-0.199351,-171.317,-0.199381,-0.199381
0.984886,0.833209,0.833209,0.833209,0.833209,0.833209
-6.69285,-0.3983,-0.398303,-1.98143,-0.3983,-0.3983
-8.49749,-0.799996,-0.799974,-52.8189,-0.799996,-0.799996
6.39636,0.112935,0.11294,0.925755,0.112934,0.112934
-1.2593,-0.951875,-0.951875,-0.951875,-0.951875,-0.951875
6.42133,0.137701,0.137696,0.998492,0.137701,0.137701
1.35814,0.977474,0.977474,0.977474,0.977474,0.977474
-5.3684,0.792431,0.792432,0.731257,0.792431,0.792431
0.241784,0.239435,0.239435,0.239435,0.239435,0.239435
8.59661,0.736693,0.736656,62.3113,0.736693,0.736693
4.29239,-0.913089,-0.913088,-0.910874,-0.913089,-0.913089
-1.29655,-0.962629,-0.962629,-0.962629,-0.962629,-0.962629
9.36819,0.0565589,0.0565251,214.224,0.0565591,0.0565591
-5.35222,0.802198,0.802196,0.743695,0.802198,0.802198
-2.08926,-0.868581,-0.868581,-0.868581,-0.868581,-0.868581
5.33875,-0.810164,-0.810165,-0.753805,-0.810164,-0.810164
6.17643,-0.106551,-0.106551,0.378863,-0.106551,-0.106551
8.48796,0.805679,0.805662,51.9821,0.805679,0.805679
5.067,-0.937781,-0.937782,-0.911786,-0.937781,-0.937781
2.93011,0.209907,0.209907,0.209914,0.209907,0.209907
1.55524,0.999879,0.999879,0.999879,0.999879,0.999879
-6.57941,-0.291912,-0.291912,-1.52315,-0.291912,-0.291912
-1.86087,-0.958223,-0.958223,-0.958223,-0.958223,-0.958223
-5.97218,0.306016,0.306014,0.010419,0.306017,0.306016
6.06307,-0.218342,-0.218345,0.15104,-0.218342,-0.218342
2.42139,0.659539,0.65954,0.65954,0.659539,0.659539
1.98387,0.91589,0.91589,0.91589,0.91589,0.91589
4.24446,-0.892506,-0.892506,-0.890632,-0.892506,-0.892506
-5.7317,0.523952,0.523953,0.362841,0.523952,0.523952
-7.71222,-0.989969,-0.989964,-13.6406,-0.989969,-0.989969
-1.33119,-0.971432,-0.971432,-0.971432,-0.971432,-0.971432
-8.24231,-0.925543,-0.92554,-34.2985,-0.925543,-0.925543
-3.54974,0.396912,0.396912,0.396781,0.396912,0.396912
5.83025,-0.437605,-0.437605,-0.230355,-0.437605,-0.437605
7.36395,0.88232,0.882313,7.31649,0.88232,0.88232
-9.2636,-0.160485,-0.160471,-182.211,-0.160486,-0.160486
-3.91596,0.699266,0.699266,0.698701,0.699266,0.699266
0.792478,0.712095,0.712095,0.712095,0.712095,0.712095
-9.17266,-0.249455,-0.249418,-158.066,-0.249455,-0.249455
1.54405,0.999642,0.999642,0.999642,0.999642,0.999642
5.33728,-0.811029,-0.811029,-0.7549,-0.81103,-0.811029
-3.19711,0.0554895,0.0554895,0.055462,0.0554893,0.0554893
-2.12064,-0.852608,-0.852608,-0.852608,-0.852608,-0.852608
5.53549,-0.67995,-0.679948,-0.583673,-0.67995,-0.67995
5.67537,-0.571071,-0.571072,-0.431837,-0.571071,-0.571071
5.53473,-0.68051,-0.68051,-0.584432,-0.68051,-0.68051
1.13243,0.905447,0.905447,0.905447,0.905447,0.905447
5.41383,-0.763914,-0.763914,-0.694615,-0.763915,-0.763914
0.832591,0.739678,0.739678,0.739678,0.739677,0.739678
-2.27146,-0.764412,-0.764412,-0.764412,-0.764412,-0.764412
2.67546,0.449432,0.449432,0.449434,0.449432,0.449432
-4.78665,0.997244,0.997244,0.986069,0.997244,0.997244
-8.79049,-0.592606,-0.592604,-85.7298,-0.592607,-0.592607
3.74632,-0.568535,-0.568535,-0.568243,-0.568535,-0.568535
-7.17325,-0.777114,-0.777096,-5.1575,-0.777114,-0.777114
-4.83713,0.99223,0.99223,0.979171,0.99223,0.99223
-0.577197,-0.545677,-0.545677,-0.545677,-0.545677,-0.545677
