x,std::sqrt_output,nr_sqrt_1000_output,nr_sqrt_10_output,nr_sqrt_5_output,quake3_nr_sqrt_3_output,quake3_nr_sqrt_5_output,intel_sqrt_output
60835.4,246.648,246.648,246.648,971.771,246.648,246.648,246.648
978300,989.09,989.09,1021.06,15307.2,989.09,989.09,989.09
95734.4,309.41,309.41,309.411,1517.1,309.41,309.41,309.41
353614,594.654,594.654,595.868,5546.51,594.654,594.654,594.654
801007,894.99,894.99,913.6,12537,894.99,894.99,894.99
669371,818.151,818.151,829.179,10480.2,818.151,818.151,818.151
601047,775.272,775.272,783.182,9412.67,775.272,775.272,775.272
907155,952.447,952.447,978.636,14195.6,952.447,952.447,952.447
581149,762.331,762.331,769.439,9101.75,762.331,762.331,762.331
172653,415.515,415.515,415.559,2718.98,415.515,415.515,415.515
46728.1,216.167,216.167,216.167,751.315,216.167,216.167,216.167
274450,523.88,523.88,524.301,4309.57,523.88,523.88,523.88
928024,963.34,963.34,991.167,14521.7,963.34,963.34,963.34
158031,397.531,397.531,397.558,2490.51,397.531,397.531,397.531
135988,368.766,368.766,368.777,2146.09,368.766,368.766,368.766
620.791,24.9157,24.9157,24.9157,25.2068,24.9157,24.9157,24.9157
884828,940.653,940.653,965.142,13846.7,940.653,940.653,940.653
790676,889.2,889.2,907.141,12375.6,889.2,889.2,889.2
555858,745.559,745.559,751.715,8706.58,745.559,745.559,745.559
796927,892.708,892.708,911.052,12473.3,892.708,892.708,892.708
358332,598.609,598.609,599.888,5620.24,598.609,598.609,598.609
124983,353.53,353.53,353.536,1974.13,353.53,353.53,353.53
740078,860.278,860.278,875.124,11585,860.278,860.278,860.278
689759,830.518,830.517,842.586,10798.8,830.517,830.517,830.518
952466,975.943,975.943,1005.75,14903.6,975.943,975.943,975.943
900991,949.206,949.206,974.92,14099.3,949.206,949.206,949.206
325591,570.606,570.606,571.477,5108.66,570.606,570.606,570.606
955793,977.647,977.647,1007.73,14955.6,977.647,977.647,977.647
588229,766.961,766.961,774.349,9212.38,766.961,766.961,766.961
962098,980.866,980.866,1011.47,15054.1,980.866,980.866,980.866
802918,896.057,896.057,914.792,12566.9,896.057,896.057,896.057
905522,951.589,951.589,977.652,14170.1,951.589,951.589,951.589
331344,575.625,575.625,576.56,5198.54,575.625,575.625,575.625
492630,701.876,701.876,705.989,7718.65,701.876,701.876,701.876
469070,684.887,684.887,688.357,7350.52,684.887,684.887,684.887
297250,545.206,545.206,545.802,4665.82,545.206,545.206,545.206
170087,412.416,412.416,412.456,2678.88,412.416,412.416,412.416
963558,981.61,981.61,1012.34,15076.9,981.61,981.61,981.61
669143,818.012,818.012,829.029,10476.7,818.012,818.012,818.012
513651,716.695,716.695,721.434,8047.1,716.695,716.695,716.695
63587.1,252.165,252.165,252.165,1014.77,252.165,252.165,252.165
292678,540.998,540.998,541.555,4594.39,540.998,540.998,540.998
15544.4,124.677,124.677,124.677,263.829,124.677,124.677,124.677
886023,941.288,941.288,965.866,13865.4,941.288,941.288,941.288
157716,397.135,397.135,397.162,2485.59,397.135,397.135,397.135
435377,659.831,659.831,662.494,6824.07,659.831,659.831,659.831
991980,995.982,995.982,1029.13,15521,995.982,995.982,995.982
518545,720.101,720.101,724.994,8123.57,720.101,720.101,720.101
907874,952.824,952.824,979.068,14206.8,952.824,952.824,952.824
251373,501.372,501.372,501.656,3949,501.372,501.372,501.372
346267,588.444,588.444,589.562,5431.71,588.444,588.444,588.444
862035,928.458,928.458,951.27,13490.6,928.458,928.458,928.458
696937,834.827,834.827,847.273,10910.9,834.827,834.827,834.827
448145,669.436,669.436,672.39,7023.56,669.436,669.436,669.436
728582,853.57,853.57,867.755,11405.4,853.57,853.57,853.57
537049,732.836,732.836,738.335,8412.69,732.836,732.836,732.836
102564,320.257,320.256,320.258,1623.82,320.256,320.256,320.257
992868,996.427,996.427,1029.65,15534.9,996.427,996.427,996.427
517147,719.13,719.13,723.978,8101.73,719.13,719.13,719.13
365639,604.681,604.681,606.065,5734.41,604.681,604.681,604.681
621867,788.585,788.585,797.386,9737.97,788.585,788.585,788.585
790835,889.289,889.289,907.24,12378.1,889.289,889.289,889.289
684506,827.349,827.349,839.144,10716.7,827.349,827.349,827.349
167662,409.466,409.466,409.503,2641,409.466,409.466,409.466
20705.6,143.894,143.894,143.894,344.562,143.894,143.894,143.894
342530,585.261,585.261,586.331,5373.33,585.261,585.261,585.261
341570,584.44,584.44,585.498,5358.33,584.44,584.44,584.44
915059,956.587,956.587,983.391,14319.1,956.587,956.587,956.587
753170,867.853,867.853,883.472,11789.6,867.853,867.853,867.853
655756,809.787,809.787,820.15,10267.5,809.787,809.787,809.787
660050,812.434,812.434,823.004,10334.6,812.434,812.434,812.434
418392,646.833,646.833,649.136,6558.68,646.833,646.833,646.833
389472,624.077,624.077,625.841,6106.8,624.077,624.077,624.077
184217,429.205,429.205,429.266,2899.66,429.205,429.205,429.205
470595,685.999,686,689.51,7374.35,686,686,685.999
668700,817.741,817.74,828.736,10469.7,817.74,817.74,817.741
800873,894.915,894.915,913.516,12534.9,894.915,894.915,894.915
109824,331.398,331.398,331.401,1737.27,331.398,331.398,331.398
241071,490.99,490.99,491.224,3788.02,490.99,490.99,490.99
75954.2,275.598,275.598,275.598,1208.02,275.598,275.598,275.598
133011,364.706,364.706,364.716,2099.56,364.706,364.706,364.706
926195,962.39,962.39,990.072,14493.1,962.39,962.39,962.39
383635,619.383,619.383,621.048,6015.59,619.383,619.383,619.383
51722.6,227.426,227.426,227.426,829.368,227.426,227.426,227.426
298061,545.95,545.95,546.553,4678.5,545.95,545.95,545.95
723897,850.821,850.821,864.741,11332.2,850.821,850.821,850.821
103125,321.13,321.13,321.132,1632.58,321.13,321.13,321.13
760313,871.959,871.959,888.007,11901.2,871.959,871.959,871.959
729247,853.96,853.96,868.182,11415.8,853.96,853.96,853.96
164655,405.777,405.777,405.811,2594.01,405.777,405.777,405.777
4385.62,66.224,66.224,66.224,88.6229,66.224,66.224,66.224
591814,769.295,769.295,776.826,9268.4,769.295,769.295,769.295
793071,890.545,890.545,908.641,12413,890.545,890.545,890.545
825404,908.518,908.518,928.756,12918.2,908.518,908.518,908.518
854117,924.185,924.185,946.427,13366.9,924.185,924.185,924.185
895389,946.25,946.25,971.536,14011.8,946.25,946.25,946.25
13603.8,116.635,116.635,116.635,233.457,116.635,116.635,116.635
592155,769.516,769.516,777.062,9273.72,769.516,769.516,769.516
960652,980.128,980.128,1010.61,15031.5,980.128,980.128,980.128
539618,734.587,734.587,740.173,8452.84,734.587,734.587,734.587
946447,972.855,972.855,1002.17,14809.5,972.855,972.855,972.855
172506,415.339,415.339,415.382,2716.69,415.339,415.339,415.339
611296,781.854,781.854,790.196,9572.8,781.854,781.854,781.854
373243,610.936,610.936,612.435,5853.21,610.936,610.936,610.936
265670,515.432,515.432,515.797,4172.39,515.432,515.432,515.432
203749,451.385,451.385,451.489,3204.86,451.385,451.385,451.385
915323,956.725,956.725,983.549,14323.2,956.725,956.725,956.725
276598,525.926,525.926,526.362,4343.13,525.926,525.926,525.926
132004,363.324,363.324,363.333,2083.84,363.324,363.324,363.324
746982,864.281,864.281,879.532,11692.9,864.281,864.281,864.281
588134,766.899,766.899,774.283,9210.89,766.899,766.899,766.899
183479,428.344,428.344,428.404,2888.14,428.344,428.344,428.344
282912,531.895,531.895,532.376,4441.79,531.895,531.895,531.895
733712,856.57,856.57,871.048,11485.6,856.57,856.57,856.57
545504,738.583,738.583,744.372,8544.81,738.583,738.583,738.583
923210,960.838,960.838,988.283,14446.5,960.838,960.838,960.838
115038,339.172,339.172,339.176,1818.72,339.172,339.172,339.172
226034,475.431,475.431,475.603,3553.07,475.431,475.431,475.431
270431,520.029,520.029,520.424,4246.77,520.029,520.029,520.029
305306,552.545,552.545,553.212,4791.7,552.545,552.545,552.545
762242,873.065,873.065,889.23,11931.3,873.065,873.065,873.065
861184,928,928,950.75,13477.3,928,928,928
215346,464.054,464.054,464.19,3386.06,464.054,464.054,464.054
376227,613.374,613.374,614.919,5899.84,613.374,613.374,613.374
873408,934.563,934.563,958.204,13668.3,934.563,934.563,934.563
765802,875.101,875.101,891.483,11987,875.101,875.101,875.101
811831,901.017,901.017,920.341,12706.2,901.017,901.017,901.017
781579,884.07,884.07,901.432,12233.5,884.07,884.07,884.07
429412,655.295,655.295,657.828,6730.86,655.295,655.295,655.295
697431,835.123,835.123,847.596,10918.7,835.123,835.123,835.123
611093,781.725,781.725,790.058,9569.63,781.725,781.725,781.725
582615,763.292,763.292,770.457,9124.66,763.292,763.292,763.292
833316,912.861,912.861,933.642,13041.9,912.861,912.861,912.861
655720,809.765,809.765,820.126,10266.9,809.765,809.765,809.765
709819,842.508,842.508,855.647,11112.2,842.508,842.508,842.508
286560,535.313,535.313,535.822,4498.79,535.313,535.313,535.313
586655,765.934,765.934,773.259,9187.79,765.934,765.934,765.934
462368,679.977,679.977,683.277,7245.81,679.977,679.977,679.977
496540,704.656,704.656,708.881,7779.74,704.656,704.656,704.656
997564,998.781,998.781,1032.41,15608.2,998.781,998.781,998.781
741812,861.285,861.285,876.232,11612.1,861.285,861.285,861.285
423624,650.864,650.864,653.276,6640.43,650.864,650.864,650.864
164532,405.625,405.625,405.658,2592.08,405.625,405.625,405.625
663698,814.676,814.676,825.425,10391.6,814.676,814.676,814.676
2205.46,46.9623,46.9623,46.9623,53.5347,46.9623,46.9623,46.9623
810634,900.352,900.352,919.597,12687.5,900.352,900.352,900.352
963876,981.772,981.772,1012.52,15081.9,981.772,981.772,981.772
778689,882.434,882.434,899.615,12188.3,882.434,882.434,882.434
599225,774.096,774.096,781.931,9384.2,774.096,774.096,774.096
248628,498.627,498.627,498.897,3906.11,498.627,498.627,498.627
307167,554.227,554.227,554.911,4820.79,554.227,554.227,554.227
384168,619.813,619.813,621.488,6023.93,619.813,619.813,619.813
721782,849.578,849.578,863.379,11299.2,849.578,849.578,849.578
723187,850.404,850.404,864.284,11321.1,850.404,850.404,850.404
387297,622.332,622.332,624.059,6072.82,622.332,622.332,622.332
127374,356.895,356.895,356.902,2011.48,356.895,356.895,356.895
121679,348.825,348.825,348.83,1922.49,348.825,348.825,348.825
657623,810.94,810.94,821.392,10296.7,810.94,810.94,810.94
610564,781.386,781.386,789.697,9561.37,781.386,781.386,781.386
614530,783.92,783.92,792.401,9623.34,783.92,783.92,783.92
670620,818.914,818.914,830.005,10499.7,818.914,818.914,818.914
308279,555.229,555.229,555.924,4838.15,555.229,555.229,555.229
505310,710.851,710.851,715.336,7916.76,710.851,710.851,710.851
449217,670.237,670.237,673.216,7040.32,670.237,670.237,670.237
586217,765.648,765.648,772.956,9180.94,765.648,765.648,765.648
452915,672.989,672.989,676.057,7098.09,672.989,672.989,672.989
633336,795.824,795.824,805.138,9917.18,795.824,795.824,795.824
852719,923.428,923.428,945.571,13345,923.428,923.428,923.428
704124,839.121,839.121,851.951,11023.2,839.121,839.121,839.121
333360,577.373,577.373,578.332,5230.04,577.373,577.373,577.373
412819,642.51,642.51,644.703,6471.59,642.51,642.51,642.51
640110,800.069,800.069,809.693,10023,800.069,800.069,800.069
628041,792.491,792.491,801.565,9834.45,792.491,792.491,792.491
646351,803.959,803.959,813.874,10120.5,803.959,803.959,803.959
353667,594.699,594.699,595.914,5547.35,594.699,594.699,594.699
761300,872.525,872.525,888.633,11916.6,872.525,872.525,872.525
539492,734.501,734.501,740.083,8450.86,734.501,734.501,734.501
726224,852.188,852.188,866.239,11368.6,852.188,852.188,852.188
517459,719.346,719.346,724.205,8106.6,719.346,719.346,719.346
12344.1,111.104,111.104,111.104,213.734,111.104,111.104,111.104
218183,467.101,467.101,467.246,3430.4,467.101,467.101,467.101
641906,801.19,801.19,810.898,10051.1,801.19,801.19,801.19
850206,922.066,922.066,944.03,13305.8,922.066,922.066,922.066
787794,887.578,887.578,905.335,12330.6,887.578,887.578,887.578
663107,814.314,814.314,825.033,10382.4,814.314,814.314,814.314
368129,606.736,606.736,608.157,5773.31,606.736,606.736,606.736
951758,975.581,975.581,1005.33,14892.5,975.581,975.581,975.581
877407,936.7,936.7,960.637,13730.8,936.7,936.7,936.7
313316,559.746,559.746,560.49,4916.86,559.746,559.746,559.746
280143,529.285,529.285,529.747,4398.53,529.285,529.285,529.285
134375,366.572,366.572,366.583,2120.88,366.572,366.572,366.572
823506,907.472,907.472,927.582,12888.6,907.472,907.472,907.472
448602,669.778,669.778,672.743,7030.71,669.778,669.778,669.778
143017,378.175,378.175,378.19,2255.91,378.175,378.175,378.175
899707,948.529,948.529,974.145,14079.2,948.529,948.529,948.529
493557,702.536,702.536,706.675,7733.12,702.536,702.536,702.536
592106,769.484,769.484,777.028,9272.96,769.484,769.484,769.484
121630,348.754,348.754,348.76,1921.73,348.754,348.754,348.754
508046,712.773,712.773,717.341,7959.52,712.773,712.773,712.773
652499,807.774,807.774,817.98,10216.6,807.774,807.774,807.774
319165,564.947,564.947,565.75,5008.25,564.947,564.947,564.947
690945,831.231,831.231,843.361,10817.3,831.231,831.231,831.231
68659.9,262.03,262.03,262.03,1094.04,262.03,262.03,262.03
199802,446.992,446.992,447.086,3143.19,446.992,446.992,446.992
870480,932.995,932.995,956.422,13622.6,932.995,932.995,932.995
359534,599.611,599.611,600.908,5639.01,599.611,599.611,599.611
259245,509.161,509.161,509.488,4072,509.161,509.161,509.161
489200,699.429,699.429,703.444,7665.05,699.429,699.429,699.429
467663,683.859,683.859,687.294,7328.54,683.859,683.859,683.859
763267,873.652,873.652,889.879,11947.4,873.652,873.652,873.652
262883,512.721,512.721,513.069,4128.83,512.721,512.721,512.721
647406,804.616,804.616,814.58,10137,804.616,804.616,804.616
819844,905.453,905.453,925.314,12831.4,905.453,905.453,905.453
216413,465.203,465.203,465.342,3402.75,465.203,465.203,465.203
998374,999.187,999.187,1032.89,15620.9,999.187,999.187,999.187
358147,598.454,598.454,599.73,5617.34,598.454,598.454,598.454
540078,734.9,734.9,740.502,8460.03,734.9,734.9,734.9
504099,710,710,714.448,7897.85,710,710,710
833430,912.924,912.924,933.713,13043.6,912.924,912.924,912.924
726139,852.138,852.138,866.184,11367.2,852.138,852.138,852.138
218455,467.391,467.391,467.537,3434.64,467.391,467.391,467.391
228894,478.428,478.428,478.611,3597.75,478.428,478.428,478.428
933503,966.18,966.18,994.445,14607.3,966.18,966.18,966.18
127852,357.565,357.565,357.572,2018.96,357.565,357.565,357.565
349231,590.957,590.958,592.113,5478.03,590.958,590.958,590.957
119513,345.707,345.707,345.712,1888.66,345.707,345.707,345.707
624960,790.544,790.544,799.481,9786.29,790.544,790.544,790.544
28061.8,167.517,167.517,167.517,459.575,167.517,167.517,167.517
485781,696.98,696.98,700.899,7611.63,696.98,696.98,696.98
327817,572.553,572.553,573.449,5143.44,572.553,572.553,572.553
494098,702.921,702.921,707.076,7741.59,702.921,702.921,702.921
529945,727.973,727.973,733.235,8301.69,727.973,727.973,727.973
864820,929.957,929.957,952.97,13534.1,929.957,929.957,929.957
343758,586.308,586.308,587.394,5392.51,586.308,586.308,586.308
801389,895.203,895.203,913.839,12543,895.203,895.203,895.203
434074,658.843,658.843,661.478,6803.71,658.843,658.843,658.843
869373,932.402,932.402,955.747,13605.3,932.402,932.402,932.402
419151,647.419,647.419,649.738,6570.54,647.419,647.419,647.419
551869,742.879,742.879,748.892,8644.25,742.879,742.879,742.879
991438,995.71,995.71,1028.81,15512.5,995.71,995.71,995.71
101940,319.281,319.281,319.282,1614.07,319.281,319.281,319.281
45266.9,212.76,212.76,212.76,728.48,212.76,212.76,212.76
297999,545.893,545.893,546.495,4677.52,545.893,545.893,545.893
138088,371.602,371.602,371.614,2178.89,371.602,371.602,371.602
907822,952.797,952.797,979.037,14206,952.797,952.797,952.797
338871,582.126,582.126,583.151,5316.16,582.126,582.126,582.126
532180,729.507,729.507,734.843,8336.62,729.507,729.507,729.507
519930,721.062,721.062,725.999,8145.21,721.062,721.062,721.062
594480,771.026,771.026,778.666,9310.06,771.026,771.026,771.026
936137,967.542,967.542,996.019,14648.5,967.542,967.542,967.542
307621,554.636,554.636,555.324,4827.87,554.636,554.636,554.636
293328,541.597,541.597,542.16,4604.54,541.597,541.597,541.597
731413,855.227,855.227,869.573,11449.6,855.227,855.227,855.227
760155,871.869,871.869,887.907,11898.7,871.869,871.869,871.869
625343,790.786,790.786,799.741,9792.28,790.786,790.786,790.786
998898,999.449,999.449,1033.19,15629.1,999.449,999.449,999.449
180347,424.673,424.673,424.728,2839.2,424.673,424.673,424.673
382206,618.228,618.228,619.87,5993.26,618.228,618.228,618.228
833334,912.871,912.871,933.654,13042.1,912.871,912.871,912.871
169988,412.297,412.297,412.337,2677.35,412.297,412.297,412.297
396974,630.059,630.059,631.954,6224.01,630.059,630.059,630.059
523664,723.647,723.647,728.703,8203.56,723.647,723.647,723.647
521012,721.812,721.812,726.783,8162.12,721.812,721.812,721.812
558021,747.008,747.008,753.243,8740.38,747.008,747.008,747.008
396928,630.023,630.023,631.917,6223.31,630.023,630.023,630.023
811799,900.999,900.999,920.321,12705.7,900.999,900.999,900.999
485718,696.935,696.935,700.853,7610.65,696.935,696.935,696.935
599017,773.962,773.962,781.788,9380.94,773.962,773.962,773.962
113824,337.378,337.378,337.381,1799.76,337.378,337.378,337.378
197250,444.128,444.128,444.216,3103.31,444.128,444.128,444.128
275513,524.894,524.894,525.322,4326.19,524.894,524.894,524.894
996277,998.137,998.137,1031.65,15588.1,998.137,998.137,998.137
177092,420.823,420.823,420.872,2788.34,420.823,420.823,420.823
210284,458.567,458.567,458.689,3306.97,458.567,458.567,458.567
882154,939.23,939.23,963.52,13805,939.23,939.23,939.23
659895,812.339,812.339,822.902,10332.2,812.339,812.339,812.339
83864.5,289.594,289.594,289.594,1331.63,289.594,289.594,289.594
119980,346.382,346.382,346.387,1895.95,346.382,346.382,346.382
339346,582.534,582.534,583.564,5323.57,582.534,582.534,582.534
591617,769.166,769.166,776.69,9265.32,769.166,769.166,769.166
995740,997.868,997.868,1031.34,15579.7,997.868,997.868,997.868
148345,385.156,385.156,385.174,2339.16,385.156,385.156,385.156
564819,751.544,751.544,758.029,8846.6,751.544,751.544,751.544
828730,910.346,910.346,930.812,12970.2,910.346,910.346,910.346
410131,640.414,640.414,642.555,6429.59,640.414,640.414,640.414
954545,977.008,977.008,1006.99,14936.1,977.008,977.008,977.008
547691,740.061,740.061,745.927,8578.97,740.061,740.061,740.061
588979,767.45,767.45,774.868,9224.1,767.45,767.45,767.45
388270,623.114,623.114,624.857,6088.02,623.114,623.114,623.114
225068,474.414,474.414,474.583,3537.98,474.414,474.414,474.414
410205,640.473,640.473,642.615,6430.76,640.473,640.473,640.473
258432,508.362,508.362,508.685,4059.3,508.362,508.362,508.362
164955,406.146,406.146,406.18,2598.7,406.146,406.146,406.146
434167,658.914,658.914,661.55,6805.16,658.914,658.914,658.914
778007,882.047,882.047,899.185,12177.7,882.047,882.047,882.047
767600,876.128,876.128,892.62,12015.1,876.128,876.128,876.128
6854.02,82.789,82.789,82.789,127.606,82.789,82.789,82.789
968584,984.166,984.167,1015.31,15155.4,984.167,984.167,984.166
208191,456.279,456.279,456.395,3274.27,456.279,456.279,456.279
841899,917.551,917.551,938.929,13176,917.551,917.551,917.551
615164,784.324,784.324,792.832,9633.25,784.324,784.324,784.324
185309,430.475,430.475,430.539,2916.73,430.475,430.475,430.475
981189,990.55,990.55,1022.77,15352.4,990.55,990.55,990.55
257448,507.393,507.393,507.71,4043.92,507.393,507.393,507.393
604409,777.437,777.437,785.488,9465.19,777.437,777.437,777.437
721360,849.329,849.329,863.106,11292.6,849.329,849.329,849.329
474263,688.668,688.668,692.275,7431.67,688.668,688.668,688.668
195328,441.959,441.959,442.043,3073.28,441.959,441.959,441.959
604160,777.277,777.277,785.317,9461.3,777.277,777.277,777.277
239919,489.816,489.816,490.044,3770.03,489.816,489.816,489.816
966193,982.951,982.951,1013.9,15118.1,982.951,982.951,982.951
635959,797.47,797.47,806.904,9958.16,797.47,797.47,797.47
633828,796.133,796.133,805.469,9924.87,796.133,796.133,796.133
462544,680.106,680.106,683.411,7248.56,680.106,680.106,680.106
555453,745.287,745.287,751.429,8700.26,745.287,745.287,745.287
192142,438.34,438.34,438.416,3023.5,438.34,438.34,438.34
146296,382.486,382.486,382.503,2307.14,382.486,382.486,382.486
123735,351.759,351.759,351.766,1954.62,351.759,351.759,351.759
130901,361.802,361.802,361.811,2066.59,361.802,361.802,361.802
348630,590.449,590.449,591.596,5468.63,590.449,590.449,590.449
456628,675.743,675.743,678.9,7156.12,675.743,675.743,675.743
272701,522.207,522.207,522.617,4282.24,522.207,522.207,522.207
102958,320.871,320.871,320.872,1629.97,320.871,320.871,320.871
155957,394.913,394.913,394.938,2458.1,394.913,394.913,394.913
562893,750.262,750.262,756.676,8816.51,750.262,750.262,750.262
456510,675.655,675.655,678.81,7154.27,675.655,675.655,675.655
32555.8,180.432,180.432,180.432,529.821,180.432,180.432,180.432
528799,727.186,727.186,732.41,8283.79,727.186,727.186,727.186
470429,685.878,685.878,689.384,7371.75,685.878,685.878,685.878
369949,608.234,608.234,609.683,5801.75,608.234,608.234,608.234
91859.9,303.084,303.084,303.085,1456.56,303.084,303.084,303.084
459073,677.549,677.549,680.767,7194.32,677.549,677.549,677.549
779983,883.167,883.167,900.429,12208.5,883.167,883.167,883.167
176023,419.551,419.551,419.599,2771.64,419.551,419.551,419.551
487669,698.333,698.333,702.305,7641.13,698.333,698.333,698.333
566829,752.881,752.881,759.44,8878.01,752.881,752.881,752.881
13962.8,118.164,118.164,118.164,239.077,118.164,118.164,118.164
95473.5,308.988,308.988,308.989,1513.03,308.988,308.988,308.988
682808,826.322,826.322,838.03,10690.2,826.322,826.322,826.322
929258,963.98,963.98,991.906,14541,963.98,963.98,963.98
453876,673.703,673.703,676.794,7113.11,673.703,673.703,673.703
588574,767.186,767.186,774.587,9217.78,767.186,767.186,767.186
198404,445.425,445.425,445.516,3121.34,445.425,445.425,445.425
250811,500.811,500.811,501.092,3940.22,500.811,500.811,500.811
679952,824.592,824.592,836.154,10645.6,824.592,824.592,824.592
234599,484.355,484.355,484.56,3686.9,484.355,484.355,484.355
756880,869.989,869.989,885.829,11847.6,869.989,869.989,869.989
634962,796.845,796.845,806.233,9942.58,796.845,796.845,796.845
236646,486.463,486.463,486.677,3718.89,486.463,486.463,486.463
402001,634.035,634.035,636.022,6302.56,634.035,634.035,634.035
951998,975.704,975.704,1005.47,14896.3,975.704,975.704,975.704
282833,531.821,531.821,532.302,4440.56,531.821,531.821,531.821
952349,975.884,975.884,1005.68,14901.8,975.884,975.884,975.884
446040,667.862,667.862,670.767,6990.67,667.862,667.862,667.862
190074,435.975,435.975,436.047,2991.19,435.975,435.975,435.975
162866,403.566,403.566,403.598,2566.05,403.566,403.566,403.566
314872,561.134,561.134,561.893,4941.17,561.134,561.134,561.134
458631,677.223,677.223,680.43,7187.41,677.223,677.223,677.223
700500,836.959,836.959,849.594,10966.6,836.959,836.959,836.959
284951,533.808,533.808,534.305,4473.66,533.808,533.808,533.808
663315,814.442,814.442,825.171,10385.6,814.442,814.442,814.442
809401,899.667,899.667,918.83,12668.2,899.667,899.667,899.667
662403,813.881,813.881,824.566,10371.3,813.881,813.881,813.881
441257,664.272,664.272,667.067,6915.94,664.272,664.272,664.272
823981,907.734,907.734,927.875,12896,907.734,907.734,907.734
351769,593.101,593.101,594.29,5517.68,593.101,593.101,593.101
550914,742.235,742.235,748.215,8629.33,742.235,742.235,742.235
529307,727.535,727.535,732.775,8291.72,727.535,727.535,727.535
814351,902.414,902.414,921.906,12745.5,902.414,902.414,902.414
472987,687.74,687.74,691.313,7411.72,687.74,687.74,687.74
916745,957.468,957.468,984.404,14345.4,957.468,957.468,957.468
554995,744.98,744.98,751.106,8693.1,744.98,744.98,744.98
338429,581.747,581.747,582.766,5309.25,581.747,581.747,581.747
239144,489.024,489.024,489.249,3757.91,489.024,489.024,489.024
774494,880.053,880.053,896.972,12122.8,880.053,880.053,880.053
315808,561.968,561.968,562.736,4955.79,561.968,561.968,561.968
273501,522.973,522.973,523.388,4294.74,522.973,522.973,522.973
367518,606.232,606.233,607.645,5763.76,606.233,606.233,606.232
456677,675.779,675.779,678.938,7156.88,675.779,675.779,675.779
802586,895.872,895.872,914.585,12561.7,895.872,895.872,895.872
257986,507.924,507.924,508.243,4052.33,507.924,507.924,507.924
952281,975.849,975.849,1005.64,14900.7,975.849,975.849,975.849
84616.2,290.889,290.889,290.889,1343.37,290.889,290.889,290.889
563740,750.826,750.826,757.271,8829.74,750.826,750.826,750.826
73194.8,270.545,270.545,270.545,1164.9,270.545,270.545,270.545
154463,393.018,393.018,393.041,2434.76,393.018,393.018,393.018
74445.8,272.848,272.848,272.848,1184.45,272.848,272.848,272.848
328921,573.517,573.517,574.425,5160.69,573.517,573.517,573.517
438577,662.252,662.252,664.986,6874.07,662.252,662.252,662.252
901300,949.368,949.368,975.106,14104.1,949.368,949.368,949.368
122565,350.092,350.092,350.098,1936.34,350.092,350.092,350.092
752474,867.453,867.453,883.029,11778.7,867.453,867.453,867.453
200746,448.047,448.047,448.143,3157.94,448.047,448.047,448.047
44821.2,211.71,211.71,211.71,721.516,211.71,211.71,211.71
850279,922.106,922.106,944.075,13306.9,922.106,922.106,922.106
739005,859.654,859.654,874.438,11568.3,859.654,859.654,859.654
60747,246.469,246.469,246.469,970.39,246.469,246.469,246.469
912952,955.485,955.485,982.124,14286.2,955.485,955.485,955.485
437946,661.775,661.775,664.495,6864.2,661.775,661.775,661.775
903402,950.475,950.475,976.374,14137,950.475,950.475,950.475
477136,690.751,690.751,694.434,7476.56,690.751,690.751,690.751
923871,961.182,961.182,988.679,14456.8,961.182,961.182,961.182
131066,362.031,362.031,362.04,2069.18,362.031,362.031,362.031
439072,662.625,662.625,665.371,6881.8,662.625,662.625,662.625
688617,829.83,829.83,841.838,10780.9,829.83,829.83,829.83
872916,934.3,934.3,957.905,13660.6,934.3,934.3,934.3
64357.7,253.688,253.688,253.688,1026.81,253.688,253.688,253.688
160985,401.229,401.229,401.259,2536.67,401.229,401.229,401.229
846046,919.807,919.807,941.477,13240.8,919.807,919.807,919.807
581279,762.417,762.417,769.529,9103.79,762.417,762.417,762.417
639950,799.969,799.969,809.586,10020.5,799.969,799.969,799.969
801938,895.51,895.51,914.181,12551.6,895.51,895.51,895.51
433649,658.521,658.521,661.146,6797.07,658.521,658.521,658.521
779055,882.641,882.641,899.845,12194,882.641,882.641,882.641
990975,995.477,995.477,1028.53,15505.3,995.477,995.477,995.477
427404,653.762,653.762,656.252,6699.49,653.762,653.762,653.762
738920,859.605,859.605,874.383,11566.9,859.605,859.605,859.605
617099,785.556,785.556,794.148,9663.47,785.556,785.556,785.556
392570,626.554,626.554,628.372,6155.21,626.554,626.554,626.554
369249,607.659,607.659,609.097,5790.82,607.659,607.659,607.659
894571,945.817,945.817,971.041,13999,945.817,945.817,945.817
73296.7,270.734,270.734,270.734,1166.5,270.734,270.734,270.734
145399,381.312,381.312,381.328,2293.12,381.312,381.312,381.312
188854,434.573,434.573,434.643,2972.12,434.573,434.573,434.573
442749,665.394,665.394,668.223,6939.26,665.394,665.394,665.394
255509,505.479,505.479,505.785,4013.62,505.479,505.479,505.479
758163,870.726,870.726,886.643,11867.6,870.726,870.726,870.726
419390,647.603,647.603,649.927,6574.26,647.603,647.603,647.603
618876,786.687,786.687,795.356,9691.24,786.687,786.687,786.687
177990,421.888,421.888,421.94,2802.37,421.888,421.888,421.888
832208,912.254,912.254,932.959,13024.6,912.254,912.254,912.254
567862,753.566,753.566,760.165,8894.15,753.566,753.566,753.566
14197.6,119.154,119.154,119.154,242.753,119.154,119.154,119.154
971960,985.88,985.88,1017.31,15208.2,985.88,985.88,985.88
705380,839.869,839.869,852.767,11042.9,839.869,839.869,839.869
769959,877.473,877.473,894.111,12051.9,877.473,877.473,877.473
716384,846.394,846.394,859.895,11214.8,846.394,846.394,846.394
37501,193.652,193.652,193.652,607.113,193.652,193.652,193.652
15371.7,123.983,123.983,123.983,261.128,123.983,123.983,123.983
423216,650.551,650.551,652.953,6634.05,650.551,650.551,650.551
120552,347.206,347.206,347.211,1904.89,347.206,347.206,347.206
68182.8,261.118,261.118,261.118,1086.58,261.118,261.118,261.118
670677,818.949,818.949,830.043,10500.6,818.949,818.949,818.949
66777,258.413,258.413,258.413,1064.62,258.413,258.413,258.413
181266,425.754,425.754,425.81,2853.57,425.754,425.754,425.754
41266.4,203.141,203.141,203.141,665.96,203.141,203.141,203.141
974532,987.184,987.184,1018.83,15248.4,987.184,987.184,987.184
17811.7,133.46,133.46,133.46,299.302,133.46,133.46,133.46
65375.8,255.687,255.687,255.687,1042.72,255.687,255.687,255.687
244852,494.825,494.825,495.077,3847.1,494.825,494.825,494.825
324568,569.709,569.709,570.569,5092.67,569.709,569.709,569.709
878343,937.199,937.199,961.205,13745.4,937.199,937.199,937.199
529317,727.542,727.542,732.782,8291.88,727.542,727.542,727.542
664568,815.211,815.211,826.002,10405.2,815.211,815.211,815.211
33464.4,182.933,182.933,182.933,544.022,182.933,182.933,182.933
21947,148.145,148.145,148.145,363.976,148.145,148.145,148.145
119696,345.971,345.971,345.976,1891.51,345.971,345.971,345.971
149653,386.849,386.849,386.869,2359.59,386.849,386.849,386.849
379910,616.369,616.369,617.973,5957.39,616.369,616.369,616.369
981283,990.597,990.597,1022.82,15353.9,990.597,990.597,990.597
368234,606.823,606.823,608.246,5774.95,606.823,606.823,606.823
621660,788.454,788.454,797.246,9734.74,788.454,788.454,788.454
229098,478.642,478.642,478.826,3600.95,478.642,478.642,478.642
103631,321.918,321.918,321.92,1640.49,321.918,321.918,321.918
380113,616.533,616.533,618.141,5960.57,616.533,616.533,616.533
52059.6,228.166,228.166,228.166,834.633,228.166,228.166,228.166
945403,972.318,972.318,1001.55,14793.2,972.318,972.318,972.318
348863,590.647,590.647,591.798,5472.29,590.647,590.647,590.647
309314,556.16,556.16,556.865,4854.33,556.16,556.16,556.16
761454,872.613,872.613,888.73,11919,872.613,872.613,872.613
105504,324.814,324.814,324.816,1669.76,324.814,324.814,324.814
404885,636.306,636.306,638.346,6347.62,636.306,636.306,636.306
615259,784.385,784.385,792.897,9634.73,784.385,784.385,784.385
611850,782.208,782.208,790.574,9581.45,782.208,782.208,782.208
956720,978.121,978.121,1008.28,14970.1,978.121,978.121,978.121
486166,697.256,697.256,701.186,7617.65,697.256,697.256,697.256
629253,793.254,793.254,802.384,9853.37,793.254,793.254,793.254
271747,521.294,521.294,521.698,4267.35,521.294,521.294,521.294
693064,832.505,832.505,844.746,10850.4,832.505,832.505,832.505
83565.8,289.078,289.078,289.078,1326.96,289.078,289.078,289.078
288958,537.548,537.548,538.076,4536.26,537.548,537.548,537.548
271978,521.515,521.515,521.92,4270.95,521.515,521.515,521.515
395671,629.024,629.024,630.896,6203.66,629.024,629.024,629.024
619079,786.816,786.816,795.494,9694.42,786.816,786.816,786.816
429191,655.127,655.127,657.656,6727.41,655.127,655.127,655.127
894870,945.976,945.976,971.222,14003.6,945.976,945.976,945.976
407716,638.526,638.526,640.621,6391.86,638.526,638.526,638.526
554941,744.944,744.944,751.067,8692.25,744.944,744.944,744.944
21231.1,145.709,145.709,145.709,352.78,145.709,145.709,145.709
520769,721.643,721.643,726.607,8158.31,721.643,721.643,721.643
722017,849.716,849.716,863.53,11302.8,849.716,849.716,849.716
96618.3,310.835,310.835,310.836,1530.91,310.835,310.835,310.835
333437,577.44,577.44,578.4,5231.24,577.44,577.44,577.44
26713.2,163.442,163.442,163.442,438.492,163.442,163.442,163.442
781859,884.228,884.228,901.608,12237.8,884.228,884.228,884.228
688123,829.532,829.531,841.514,10773.2,829.531,829.531,829.532
227226,476.683,476.683,476.859,3571.7,476.683,476.683,476.683
623498,789.619,789.619,798.492,9763.46,789.619,789.619,789.619
922626,960.534,960.534,987.933,14437.3,960.534,960.534,960.534
972662,986.236,986.236,1017.73,15219.2,986.236,986.236,986.236
314520,560.821,560.821,561.576,4935.67,560.821,560.821,560.821
27545.1,165.967,165.967,165.967,451.497,165.967,165.967,165.967
774102,879.831,879.831,896.725,12116.7,879.831,879.831,879.831
455137,674.638,674.638,677.76,7132.82,674.638,674.638,674.638
582592,763.277,763.277,770.442,9124.31,763.277,763.277,763.277
810228,900.126,900.126,919.344,12681.1,900.126,900.126,900.126
38258,195.597,195.597,195.597,618.944,195.597,195.597,195.597
123276,351.106,351.106,351.112,1947.45,351.106,351.106,351.106
994284,997.138,997.138,1030.48,15557,997.138,997.138,997.138
31286.4,176.88,176.88,176.88,509.979,176.88,176.88,176.88
690752,831.115,831.115,843.235,10814.3,831.115,831.115,831.115
23679,153.88,153.88,153.88,391.055,153.88,153.88,153.88
548910,740.884,740.884,746.793,8598.01,740.884,740.884,740.884
431403,656.813,656.813,659.389,6761.98,656.813,656.813,656.813
294686,542.849,542.849,543.424,4625.75,542.849,542.849,542.849
486757,697.679,697.679,701.626,7626.87,697.679,697.679,697.679
263140,512.972,512.972,513.321,4132.86,512.972,512.972,512.972
427509,653.841,653.841,656.334,6701.12,653.841,653.841,653.841
141625,376.331,376.331,376.345,2234.16,376.331,376.331,376.331
56692.5,238.102,238.102,238.102,907.032,238.102,238.102,238.102
265434,515.203,515.203,515.566,4168.69,515.203,515.203,515.203
414287,643.651,643.651,645.873,6494.53,643.651,643.651,643.651
129179,359.415,359.415,359.423,2039.7,359.415,359.415,359.415
159748,399.685,399.685,399.714,2517.34,399.685,399.685,399.685
720162,848.624,848.624,862.334,11273.8,848.624,848.624,848.624
589421,767.738,767.738,775.173,9231.01,767.738,767.738,767.738
347959,589.881,589.881,591.02,5458.16,589.881,589.881,589.881
898629,947.961,947.961,973.494,14062.4,947.961,947.961,947.961
792421,890.18,890.18,908.234,12402.9,890.18,890.18,890.18
497187,705.115,705.115,709.359,7789.84,705.115,705.115,705.115
335552,579.268,579.268,580.253,5264.29,579.268,579.268,579.268
483114,695.064,695.064,698.91,7569.96,695.064,695.064,695.064
279822,528.982,528.982,529.441,4393.51,528.982,528.982,528.982
252307,502.301,502.301,502.59,3963.58,502.301,502.301,502.301
184458,429.486,429.486,429.548,2903.44,429.486,429.486,429.486
339710,582.846,582.846,583.881,5329.26,582.846,582.846,582.846
833564,912.997,912.997,933.795,13045.7,912.997,912.997,912.997
89140.9,298.565,298.565,298.565,1414.07,298.565,298.565,298.565
511844,715.433,715.433,720.117,8018.87,715.433,715.433,715.433
906381,952.04,952.04,978.169,14183.5,952.04,952.04,952.04
199273,446.4,446.4,446.493,3134.93,446.4,446.4,446.4
988484,994.225,994.225,1027.07,15466.4,994.225,994.225,994.225
282887,531.871,531.871,532.352,4441.4,531.871,531.871,531.871
880610,938.408,938.408,962.582,13780.8,938.408,938.408,938.408
766751,875.643,875.643,892.084,12001.8,875.643,875.643,875.643
92123.5,303.519,303.519,303.519,1460.68,303.519,303.519,303.519
678154,823.501,823.501,834.972,10617.5,823.501,823.501,823.501
924447,961.481,961.481,989.024,14465.8,961.481,961.481,961.481
880103,938.138,938.138,962.274,13772.9,938.138,938.138,938.138
444871,666.987,666.987,669.864,6972.41,666.987,666.987,666.987
265502,515.269,515.269,515.632,4169.75,515.269,515.269,515.269
955854,977.678,977.678,1007.76,14956.5,977.678,977.678,977.678
645115,803.191,803.191,813.048,10101.2,803.191,803.191,803.191
869425,932.43,932.43,955.779,13606.1,932.43,932.43,932.43
616175,784.968,784.968,793.52,9649.04,784.968,784.968,784.968
688303,829.64,829.64,841.632,10776,829.64,829.64,829.64
562166,749.777,749.777,756.164,8805.15,749.777,749.777,749.777
46208.7,214.962,214.962,214.962,743.2,214.962,214.962,214.962
804174,896.758,896.758,915.575,12586.5,896.758,896.758,896.758
368339,606.91,606.91,608.334,5776.6,606.91,606.91,606.91
36687.9,191.541,191.541,191.541,594.404,191.541,191.541,191.541
812352,901.306,901.306,920.664,12714.3,901.306,901.306,901.306
641846,801.153,801.153,810.858,10050.1,801.153,801.153,801.153
892646,944.799,944.799,969.877,13968.9,944.799,944.799,944.799
549268,741.126,741.126,747.047,8603.61,741.126,741.126,741.126
530634,728.446,728.446,733.73,8312.45,728.446,728.446,728.446
880347,938.268,938.268,962.423,13776.7,938.268,938.268,938.268
676475,822.481,822.481,833.866,10591.2,822.481,822.481,822.481
226767,476.2,476.2,476.376,3564.52,476.2,476.2,476.2
993280,996.634,996.634,1029.89,15541.3,996.634,996.634,996.634
369773,608.089,608.089,609.535,5798.99,608.089,608.089,608.089
42548.7,206.273,206.273,206.273,686.001,206.273,206.273,206.273
254205,504.188,504.188,504.487,3993.25,504.188,504.188,504.188
755717,869.32,869.32,885.091,11829.4,869.32,869.32,869.32
813479,901.931,901.931,921.365,12731.9,901.931,901.931,901.931
262842,512.681,512.681,513.029,4128.19,512.681,512.681,512.681
197320,444.207,444.207,444.295,3104.41,444.207,444.207,444.207
855914,925.156,925.156,947.527,13395,925.156,925.156,925.156
585192,764.978,764.978,772.245,9164.92,764.978,764.978,764.978
573233,757.122,757.122,763.923,8978.07,757.122,757.122,757.122
438786,662.409,662.409,665.148,6877.33,662.409,662.409,662.409
667033,816.721,816.721,827.633,10443.7,816.721,816.721,816.721
379401,615.955,615.955,617.552,5949.43,615.955,615.955,615.955
973033,986.424,986.424,1017.95,15225,986.424,986.424,986.424
285311,534.145,534.145,534.644,4479.27,534.145,534.145,534.145
463368,680.712,680.712,684.037,7261.43,680.712,680.712,680.712
804120,896.727,896.727,915.541,12585.7,896.727,896.727,896.727
564942,751.626,751.626,758.116,8848.52,751.626,751.626,751.626
899359,948.346,948.346,973.935,14073.8,948.346,948.346,948.346
428019,654.232,654.232,656.735,6709.1,654.232,654.232,654.232
96758.7,311.061,311.061,311.062,1533.11,311.061,311.061,311.061
218131,467.045,467.045,467.191,3429.59,467.045,467.045,467.045
307048,554.119,554.119,554.802,4818.92,554.119,554.119,554.119
485865,697.04,697.04,700.962,7612.95,697.04,697.04,697.04
409578,639.983,639.983,642.113,6420.96,639.983,639.983,639.983
465588,682.34,682.34,685.722,7296.12,682.34,682.34,682.34
888135,942.409,942.409,967.146,13898.4,942.409,942.409,942.409
678654,823.805,823.804,835.3,10625.3,823.804,823.804,823.805
64748.7,254.458,254.458,254.458,1032.92,254.458,254.458,254.458
192362,438.591,438.591,438.668,3026.94,438.591,438.591,438.591
707876,841.354,841.354,854.387,11081.9,841.354,841.354,841.354
421055,648.887,648.887,651.245,6600.28,648.887,648.887,648.887
439750,663.136,663.136,665.897,6892.39,663.136,663.136,663.136
107321,327.598,327.598,327.601,1698.14,327.598,327.598,327.598
400180,632.598,632.598,634.551,6274.11,632.598,632.598,632.598
812844,901.578,901.578,920.97,12722,901.578,901.578,901.578
375580,612.845,612.845,614.381,5889.73,612.845,612.845,612.845
216908,465.734,465.734,465.875,3410.48,465.734,465.734,465.734
961335,980.477,980.477,1011.02,15042.2,980.477,980.477,980.477
191235,437.305,437.305,437.379,3009.33,437.305,437.305,437.305
858636,926.626,926.626,949.193,13437.5,926.626,926.626,926.626
16145.5,127.065,127.065,127.065,273.235,127.065,127.065,127.065
618820,786.651,786.651,795.318,9690.36,786.651,786.651,786.651
163144,403.911,403.911,403.942,2570.4,403.911,403.911,403.911
274091,523.537,523.537,523.956,4303.96,523.537,523.537,523.537
539534,734.53,734.53,740.113,8451.52,734.53,734.53,734.53
36832.7,191.918,191.918,191.918,596.668,191.918,191.918,191.918
676337,822.397,822.397,833.776,10589.1,822.397,822.397,822.397
843842,918.609,918.609,940.123,13206.3,918.609,918.609,918.609
872666,934.166,934.166,957.753,13656.7,934.166,934.166,934.166
139479,373.468,373.468,373.481,2200.62,373.468,373.468,373.468
192403,438.637,438.637,438.715,3027.57,438.637,438.637,438.637
689524,830.376,830.376,842.432,10795.1,830.376,830.376,830.376
582242,763.048,763.048,770.198,9118.83,763.048,763.048,763.048
743303,862.15,862.15,877.184,11635.4,862.15,862.15,862.15
571851,756.208,756.208,762.957,8956.48,756.208,756.208,756.208
76316.5,276.254,276.254,276.255,1213.68,276.254,276.254,276.254
447481,668.94,668.941,671.879,7013.2,668.941,668.941,668.94
312186,558.736,558.736,559.469,4899.2,558.736,558.736,558.736
218409,467.342,467.342,467.488,3433.92,467.342,467.342,467.342
471647,686.765,686.766,690.303,7390.78,686.766,686.766,686.765
845549,919.538,919.537,941.172,13233,919.537,919.537,919.538
325159,570.227,570.227,571.093,5101.9,570.227,570.227,570.227
598887,773.878,773.878,781.699,9378.91,773.878,773.878,773.878
181842,426.429,426.429,426.486,2862.56,426.429,426.429,426.429
195348,441.982,441.982,442.066,3073.6,441.982,441.982,441.982
444680,666.843,666.843,669.716,6969.42,666.843,666.843,666.843
372056,609.964,609.964,611.445,5834.67,609.964,609.964,609.964
358080,598.398,598.398,599.674,5616.3,598.398,598.398,598.398
376678,613.741,613.741,615.294,5906.89,613.741,613.741,613.741
223263,472.507,472.507,472.67,3509.78,472.507,472.507,472.507
141608,376.309,376.309,376.323,2233.9,376.309,376.309,376.309
375536,612.81,612.81,614.345,5889.05,612.81,612.81,612.81
656775,810.417,810.417,820.828,10283.4,810.417,810.417,810.417
135119,367.586,367.586,367.596,2132.51,367.586,367.586,367.586
814833,902.681,902.681,922.205,12753.1,902.681,902.681,902.681
363130,602.603,602.603,603.951,5695.21,602.603,602.603,602.603
784864,885.925,885.925,903.496,12284.8,885.925,885.925,885.925
839400,916.188,916.188,937.391,13136.9,916.188,916.188,916.188
211837,460.257,460.257,460.383,3331.23,460.257,460.257,460.257
266225,515.97,515.97,516.338,4181.06,515.97,515.97,515.97
217898,466.795,466.795,466.939,3425.94,466.795,466.795,466.795
368140,606.745,606.745,608.167,5773.48,606.745,606.745,606.745
686980,828.843,828.843,840.766,10755.4,828.843,828.843,828.843
179145,423.255,423.255,423.308,2820.42,423.255,423.255,423.255
71413.2,267.233,267.233,267.233,1137.06,267.233,267.233,267.233
868923,932.16,932.16,955.472,13598.2,932.16,932.16,932.16
466414,682.945,682.945,686.348,7309.02,682.945,682.945,682.945
973145,986.481,986.481,1018.01,15226.7,986.481,986.481,986.481
551705,742.768,742.768,748.776,8641.69,742.768,742.768,742.768
501580,708.223,708.223,712.596,7858.48,708.223,708.223,708.223
11991.6,109.506,109.506,109.506,208.214,109.506,109.506,109.506
143810,379.223,379.223,379.238,2268.3,379.223,379.223,379.223
932746,965.788,965.788,993.993,14595.5,965.788,965.788,965.788
763535,873.805,873.805,890.049,11951.5,873.805,873.805,873.805
867318,931.299,931.299,954.494,13573.1,931.299,931.299,931.299
218922,467.891,467.891,468.038,3441.94,467.891,467.891,467.891
686978,828.841,828.842,840.765,10755.3,828.842,828.842,828.841
344664,587.081,587.081,588.178,5406.68,587.081,587.081,587.081
129918,360.441,360.441,360.449,2051.23,360.441,360.441,360.441
371016,609.111,609.111,610.576,5818.43,609.111,609.111,609.111
326652,571.535,571.535,572.418,5125.23,571.535,571.535,571.535
175786,419.268,419.268,419.316,2767.93,419.268,419.268,419.268
362507,602.085,602.085,603.424,5685.47,602.085,602.085,602.085
764887,874.578,874.578,890.905,11972.7,874.578,874.578,874.578
274755,524.171,524.171,524.594,4314.34,524.171,524.171,524.171
365727,604.754,604.754,606.139,5735.78,604.754,604.754,604.754
121459,348.51,348.51,348.515,1919.06,348.51,348.51,348.51
945955,972.602,972.602,1001.88,14801.9,972.602,972.602,972.602
971939,985.87,985.87,1017.3,15207.8,985.87,985.87,985.87
263267,513.096,513.096,513.446,4134.84,513.096,513.096,513.096
757950,870.603,870.603,886.508,11864.3,870.603,870.603,870.603
801099,895.041,895.041,913.657,12538.5,895.041,895.041,895.041
709083,842.07,842.07,855.17,11100.7,842.07,842.07,842.07
595933,771.967,771.967,779.667,9332.76,771.967,771.967,771.967
727616,853.004,853.004,867.134,11390.3,853.004,853.004,853.004
336600,580.173,580.173,581.17,5280.68,580.173,580.173,580.173
724244,851.025,851.025,864.964,11337.6,851.025,851.025,851.025
561894,749.596,749.596,755.973,8800.9,749.596,749.596,749.596
636417,797.758,797.758,807.212,9965.33,797.758,797.758,797.758
757886,870.567,870.567,886.468,11863.3,870.567,870.567,870.567
217033,465.868,465.868,466.01,3412.43,465.868,465.868,465.868
406379,637.479,637.479,639.547,6370.97,637.479,637.479,637.479
879325,937.723,937.723,961.802,13760.8,937.723,937.723,937.723
260348,510.243,510.243,510.576,4089.22,510.243,510.243,510.243
524811,724.438,724.438,729.532,8221.47,724.438,724.438,724.438
58447.5,241.759,241.759,241.759,934.456,241.759,241.759,241.759
493074,702.192,702.192,706.318,7725.58,702.192,702.192,702.192
383742,619.469,619.469,621.136,6017.26,619.469,619.469,619.469
904525,951.065,951.065,977.051,14154.5,951.065,951.065,951.065
51072.5,225.992,225.992,225.992,819.208,225.992,225.992,225.992
505253,710.811,710.811,715.294,7915.88,710.811,710.811,710.811
742678,861.788,861.788,876.786,11625.7,861.788,861.788,861.788
167088,408.764,408.764,408.801,2632.03,408.764,408.764,408.764
81096.9,284.775,284.775,284.775,1288.38,284.775,284.775,284.775
77010,277.507,277.507,277.507,1224.52,277.507,277.507,277.507
541983,736.195,736.195,741.862,8489.78,736.195,736.195,736.195
414326,643.682,643.682,645.904,6495.15,643.682,643.682,643.682
751874,867.106,867.106,882.647,11769.3,867.106,867.106,867.106
144807,380.536,380.536,380.552,2283.89,380.536,380.536,380.536
134713,367.032,367.032,367.043,2126.16,367.032,367.032,367.032
482987,694.973,694.973,698.815,7567.97,694.973,694.973,694.973
562228,749.819,749.819,756.208,8806.12,749.819,749.819,749.819
295448,543.551,543.551,544.131,4637.66,543.551,543.551,543.551
885991,941.271,941.271,965.847,13864.9,941.271,941.271,941.271
599127,774.033,774.033,781.863,9382.66,774.033,774.033,774.033
245574,495.554,495.554,495.809,3858.39,495.554,495.554,495.554
770744,877.921,877.921,894.607,12064.2,877.921,877.921,877.921
766567,875.538,875.538,891.967,11998.9,875.538,875.538,875.538
337974,581.355,581.355,582.369,5302.14,581.355,581.355,581.355
64339.9,253.653,253.653,253.653,1026.53,253.653,253.653,253.653
443005,665.586,665.586,668.421,6943.26,665.586,665.586,665.586
878272,937.162,937.162,961.162,13744.3,937.162,937.162,937.162
347483,589.477,589.477,590.61,5450.73,589.477,589.477,589.477
340633,583.637,583.637,584.684,5343.68,583.637,583.637,583.637
765125,874.714,874.714,891.055,11976.4,874.714,874.714,874.714
651174,806.954,806.953,817.097,10195.9,806.953,806.953,806.954
730515,854.702,854.702,868.996,11435.6,854.702,854.702,854.702
220188,469.242,469.242,469.394,3461.72,469.242,469.242,469.242
989996,994.985,994.985,1027.96,15490,994.985,994.985,994.985
83164.9,288.383,288.383,288.384,1320.69,288.383,288.383,288.383
858197,926.389,926.389,948.924,13430.6,926.389,926.389,926.389
511722,715.347,715.347,720.027,8016.95,715.347,715.347,715.347
916691,957.44,957.44,984.371,14344.6,957.44,957.44,957.44
374157,611.684,611.684,613.197,5867.51,611.684,611.684,611.684
612382,782.549,782.549,790.937,9589.78,782.549,782.549,782.549
889821,943.303,943.303,968.168,13924.8,943.303,943.303,943.303
572651,756.737,756.737,763.517,8968.98,756.737,756.737,756.737
868618,931.997,931.997,955.286,13593.5,931.997,931.997,931.997
586311,765.709,765.709,773.021,9182.41,765.709,765.709,765.709
736343,858.104,858.104,872.734,11526.7,858.104,858.104,858.104
507250,712.215,712.215,716.758,7947.09,712.215,712.215,712.215
65129.3,255.204,255.204,255.205,1038.87,255.204,255.204,255.204
556263,745.83,745.83,752.002,8712.91,745.83,745.83,745.83
127351,356.862,356.862,356.87,2011.12,356.862,356.862,356.862
702453,838.125,838.125,850.865,10997.1,838.125,838.125,838.125
495719,704.073,704.073,708.275,7766.92,704.073,704.073,704.073
165818,407.207,407.207,407.242,2612.18,407.207,407.207,407.207
950770,975.074,975.074,1004.74,14877.1,975.074,975.074,975.074
554105,744.382,744.382,750.476,8679.19,744.382,744.382,744.382
570314,755.191,755.191,761.882,8932.46,755.191,755.191,755.191
152918,391.047,391.047,391.069,2410.61,391.047,391.047,391.047
476561,690.334,690.334,694.002,7467.56,690.334,690.334,690.334
733511,856.453,856.453,870.919,11482.4,856.453,856.453,856.453
147189,383.652,383.652,383.669,2321.1,383.652,383.652,383.652
103986,322.469,322.469,322.471,1646.04,322.469,322.469,322.469
156627,395.762,395.762,395.787,2468.58,395.762,395.762,395.762
369810,608.12,608.12,609.567,5799.58,608.12,608.12,608.12
230056,479.641,479.641,479.829,3615.91,479.641,479.641,479.641
953440,976.442,976.442,1006.33,14918.8,976.442,976.442,976.442
92995.6,304.952,304.952,304.953,1474.31,304.952,304.952,304.952
554988,744.975,744.975,751.101,8692.99,744.975,744.975,744.975
423234,650.565,650.565,652.968,6634.34,650.565,650.565,650.565
211436,459.822,459.822,459.946,3324.98,459.822,459.822,459.822
129558,359.942,359.942,359.95,2045.62,359.942,359.942,359.942
47575.8,218.119,218.119,218.119,764.563,218.119,218.119,218.119
34162.9,184.832,184.832,184.832,554.939,184.832,184.832,184.832
107326,327.606,327.606,327.608,1698.22,327.606,327.606,327.606
585686,765.302,765.302,772.588,9172.65,765.302,765.302,765.302
965884,982.794,982.794,1013.71,15113.2,982.794,982.794,982.794
791515,889.671,889.671,907.666,12388.7,889.671,889.671,889.671
306011,553.182,553.182,553.856,4802.71,553.182,553.182,553.182
605092,777.877,777.877,785.956,9475.86,777.877,777.877,777.877
126567,355.763,355.763,355.77,1998.88,355.763,355.763,355.763
577832,760.152,760.152,767.131,9049.92,760.152,760.152,760.152
881120,938.68,938.68,962.892,13788.8,938.68,938.68,938.68
213126,461.656,461.656,461.785,3351.38,461.656,461.656,461.656
332844,576.926,576.926,577.88,5221.98,576.926,576.926,576.926
8994.69,94.8404,94.8404,94.8404,161.237,94.8404,94.8404,94.8404
986509,993.232,993.232,1025.9,15435.5,993.232,993.232,993.232
227323,476.784,476.784,476.961,3573.21,476.784,476.784,476.784
360625,600.52,600.52,601.832,5656.06,600.52,600.52,600.52
586022,765.521,765.521,772.82,9177.89,765.521,765.521,765.521
518377,719.984,719.984,724.872,8120.94,719.984,719.984,719.984
112245,335.029,335.029,335.033,1775.08,335.029,335.029,335.029
638341,798.963,798.963,808.505,9995.39,798.963,798.963,798.963
706917,840.784,840.784,853.765,11066.9,840.784,840.784,840.784
174074,417.222,417.222,417.267,2741.19,417.222,417.222,417.222
420906,648.772,648.772,651.127,6597.95,648.772,648.772,648.772
733125,856.227,856.227,870.671,11476.4,856.227,856.227,856.227
486381,697.411,697.411,701.347,7621.01,697.411,697.411,697.411
147676,384.286,384.286,384.304,2328.7,384.286,384.286,384.286
767364,875.993,875.993,892.471,12011.4,875.993,875.993,875.993
821126,906.16,906.16,926.108,12851.4,906.16,906.16,906.16
618486,786.439,786.439,795.091,9685.14,786.439,786.439,786.439
628738,792.93,792.93,802.036,9845.34,792.93,792.93,792.93
982013,990.966,990.966,1023.25,15365.3,990.966,990.966,990.966
702813,838.34,838.34,851.099,11002.8,838.34,838.34,838.34
756109,869.545,869.545,885.339,11835.5,869.545,869.545,869.545
15413.6,124.151,124.151,124.151,261.783,124.151,124.151,124.151
354101,595.064,595.064,596.285,5554.12,595.064,595.064,595.064
782792,884.755,884.755,902.195,12252.4,884.755,884.755,884.755
798603,893.646,893.646,912.099,12499.5,893.646,893.646,893.646
814983,902.764,902.764,922.299,12755.4,902.764,902.764,902.764
470019,685.579,685.579,689.075,7365.35,685.579,685.579,685.579
669343,818.134,818.134,829.161,10479.8,818.134,818.134,818.134
500385,707.379,707.379,711.717,7839.82,707.379,707.379,707.379
162854,403.552,403.552,403.583,2565.87,403.552,403.552,403.552
220346,469.41,469.41,469.562,3464.19,469.41,469.41,469.41
338394,581.716,581.716,582.735,5308.7,581.716,581.716,581.716
773871,879.7,879.7,896.58,12113,879.7,879.7,879.7
203021,450.578,450.578,450.68,3193.48,450.578,450.578,450.578
173752,416.836,416.836,416.881,2736.16,416.836,416.836,416.836
184642,429.7,429.7,429.763,2906.32,429.7,429.7,429.7
85264.2,292,292,292.001,1353.5,292,292,292
334026,577.949,577.949,578.916,5240.44,577.949,577.949,577.949
363694,603.07,603.07,604.426,5704.01,603.07,603.07,603.07
627733,792.296,792.296,801.357,9829.62,792.296,792.296,792.296
824831,908.202,908.202,928.401,12909.3,908.202,908.202,908.202
888335,942.515,942.515,967.268,13901.5,942.515,942.515,942.515
731128,855.06,855.06,869.39,11445.2,855.06,855.06,855.06
989602,994.787,994.787,1027.73,15483.8,994.787,994.787,994.787
25142.2,158.563,158.563,158.563,413.932,158.563,158.563,158.563
851558,922.799,922.799,944.859,13326.9,922.799,922.799,922.799
919466,958.888,958.888,986.038,14388,958.888,958.888,958.888
851884,922.975,922.975,945.058,13332,922.975,922.975,922.975
647510,804.68,804.68,814.65,10138.7,804.68,804.68,804.68
593424,770.34,770.34,777.937,9293.56,770.34,770.34,770.34
607952,779.713,779.713,787.912,9520.55,779.713,779.713,779.713
848621,921.206,921.206,943.058,13281,921.206,921.206,921.206
695829,834.164,834.164,846.551,10893.6,834.164,834.164,834.164
303991,551.354,551.354,552.009,4771.16,551.354,551.354,551.354
695703,834.088,834.088,846.469,10891.7,834.088,834.088,834.088
200655,447.946,447.946,448.042,3156.52,447.946,447.946,447.946
506098,711.406,711.406,715.914,7929.08,711.406,711.406,711.406
653891,808.635,808.635,818.908,10238.3,808.635,808.635,808.635
783858,885.358,885.358,902.865,12269.1,885.358,885.358,885.358
218967,467.939,467.939,468.087,3442.65,467.939,467.939,467.939
467079,683.432,683.432,686.851,7319.41,683.432,683.432,683.432
148823,385.776,385.776,385.795,2346.64,385.776,385.776,385.776
29113.5,170.627,170.627,170.627,476.014,170.627,170.627,170.627
63190.9,251.378,251.378,251.378,1008.58,251.378,251.378,251.378
890130,943.467,943.467,968.355,13929.6,943.467,943.467,943.467
679594,824.375,824.375,835.919,10640,824.375,824.375,824.375
541714,736.012,736.012,741.67,8485.58,736.012,736.012,736.012
376552,613.638,613.638,615.189,5904.92,613.638,613.638,613.638
714023,844.999,844.999,858.369,11177.9,844.999,844.999,844.999
963947,981.808,981.808,1012.57,15083,981.808,981.808,981.808
981071,990.49,990.49,1022.7,15350.5,990.49,990.49,990.49
265578,515.343,515.343,515.707,4170.95,515.343,515.343,515.343
281925,530.966,530.966,531.441,4426.37,530.966,530.966,530.966
495237,703.73,703.73,707.918,7759.37,703.73,703.73,703.73
343122,585.766,585.766,586.843,5382.57,585.766,585.766,585.766
214581,463.228,463.228,463.362,3374.11,463.228,463.228,463.228
267498,517.203,517.203,517.579,4200.95,517.203,517.203,517.203
695619,834.038,834.038,846.414,10890.3,834.038,834.038,834.038
512757,716.07,716.07,720.782,8033.13,716.07,716.07,716.07
425270,652.127,652.127,654.572,6666.14,652.127,652.127,652.127
420483,648.446,648.446,650.793,6591.34,648.446,648.446,648.446
407177,638.104,638.104,640.188,6383.44,638.104,638.104,638.104
621942,788.633,788.633,797.437,9739.14,788.633,788.633,788.633
268111,517.795,517.795,518.175,4210.53,517.795,517.795,517.795
575823,758.83,758.83,765.731,9018.54,758.83,758.83,758.83
586443,765.796,765.796,773.112,9184.48,765.796,765.796,765.796
8536.28,92.392,92.392,92.392,154.042,92.392,92.392,92.392
107828,328.372,328.372,328.374,1706.07,328.372,328.372,328.372
679882,824.549,824.549,836.108,10644.5,824.549,824.549,824.549
518133,719.814,719.814,724.694,8117.12,719.814,719.814,719.814
771651,878.437,878.437,895.179,12078.4,878.437,878.437,878.437
605744,778.295,778.296,786.402,9486.05,778.296,778.296,778.295
936950,967.962,967.962,996.505,14661.2,967.962,967.962,967.962
405965,637.154,637.154,639.215,6364.5,637.154,637.154,637.154
802116,895.609,895.609,914.292,12554.4,895.609,895.609,895.609
257145,507.095,507.095,507.41,4039.19,507.095,507.095,507.095
528823,727.202,727.202,732.427,8284.16,727.202,727.202,727.202
650769,806.702,806.702,816.826,10189.6,806.702,806.702,806.702
858214,926.398,926.398,948.934,13430.9,926.398,926.398,926.398
92991.4,304.945,304.945,304.946,1474.24,304.945,304.945,304.945
396286,629.513,629.513,631.396,6213.27,629.513,629.513,629.513
469315,685.066,685.066,688.543,7354.35,685.066,685.066,685.066
560270,748.512,748.512,754.829,8775.52,748.512,748.512,748.512
510993,714.838,714.838,719.495,8005.57,714.838,714.838,714.838
332775,576.866,576.866,577.819,5220.9,576.866,576.866,576.866
737786,858.944,858.944,873.657,11549.2,858.944,858.944,858.944
60123.9,245.202,245.202,245.202,960.653,245.202,245.202,245.202
555565,745.362,745.362,751.508,8702,745.362,745.362,745.362
738684,859.467,859.467,874.232,11563.2,859.467,859.467,859.467
267768,517.463,517.464,517.841,4205.17,517.464,517.464,517.463
432454,657.612,657.612,660.211,6778.39,657.612,657.612,657.612
10277.1,101.376,101.376,101.376,181.349,101.376,101.376,101.376
808757,899.309,899.309,918.429,12658.1,899.309,899.309,899.309
381748,617.858,617.858,619.492,5986.11,617.858,617.858,617.858
851598,922.821,922.821,944.884,13327.5,922.821,922.821,922.821
878232,937.14,937.141,961.138,13743.7,937.141,937.141,937.14
116949,341.978,341.978,341.982,1848.59,341.978,341.978,341.978
693066,832.506,832.506,844.747,10850.5,832.506,832.506,832.506
872058,933.841,933.841,957.383,13647.2,933.841,933.841,933.841
281842,530.888,530.888,531.362,4425.08,530.888,530.888,530.888
459426,677.81,677.81,681.036,7199.83,677.81,677.81,677.81
420004,648.077,648.077,650.414,6583.86,648.077,648.077,648.077
969235,984.497,984.498,1015.7,15165.6,984.498,984.498,984.497
180591,424.96,424.96,425.015,2843.02,424.96,424.96,424.96
470071,685.617,685.617,689.114,7366.16,685.617,685.617,685.617
905000,951.315,951.315,977.337,14161.9,951.315,951.315,951.315
208019,456.092,456.091,456.206,3271.59,456.091,456.091,456.092
730361,854.612,854.612,868.898,11433.2,854.612,854.612,854.612
313251,559.689,559.689,560.432,4915.85,559.689,559.689,559.689
627631,792.232,792.232,801.288,9828.03,792.232,792.232,792.232
472676,687.515,687.515,691.079,7406.87,687.515,687.515,687.515
757169,870.155,870.155,886.013,11852.1,870.155,870.155,870.155
75875.7,275.455,275.455,275.456,1206.79,275.455,275.455,275.455
783633,885.23,885.23,902.723,12265.6,885.23,885.23,885.23
787900,887.637,887.637,905.401,12332.2,887.637,887.637,887.637
510117,714.225,714.225,718.856,7991.89,714.225,714.225,714.225
691402,831.506,831.506,843.66,10824.5,831.506,831.506,831.506
168397,410.362,410.362,410.4,2652.48,410.362,410.362,410.362
581635,762.65,762.65,769.777,9109.35,762.65,762.65,762.65
77034.3,277.551,277.551,277.551,1224.9,277.551,277.551,277.551
822833,907.102,907.102,927.165,12878.1,907.102,907.102,907.102
660773,812.879,812.879,823.484,10345.9,812.879,812.879,812.879
174694,417.964,417.964,418.01,2750.87,417.964,417.964,417.964
217386,466.247,466.247,466.39,3417.95,466.247,466.247,466.247
25762.8,160.508,160.508,160.508,423.635,160.508,160.508,160.508
748974,865.433,865.433,880.801,11724,865.433,865.433,865.433
786133,886.641,886.641,904.292,12304.6,886.641,886.641,886.641
18537.9,136.154,136.154,136.154,310.661,136.154,136.154,136.154
777273,881.631,881.631,898.723,12166.2,881.631,881.631,881.631
858709,926.665,926.665,949.237,13438.6,926.665,926.665,926.665
988881,994.425,994.425,1027.3,15472.6,994.425,994.425,994.425
301331,548.936,548.936,549.567,4729.58,548.936,548.936,548.936
581444,762.525,762.525,769.644,9106.36,762.525,762.525,762.525
334799,578.619,578.619,579.594,5252.54,578.619,578.619,578.619
956574,978.046,978.046,1008.19,14967.8,978.046,978.046,978.046
226903,476.343,476.343,476.519,3566.65,476.343,476.343,476.343
36264.2,190.432,190.432,190.432,587.783,190.432,190.432,190.432
76426.5,276.453,276.453,276.454,1215.4,276.453,276.453,276.453
638088,798.804,798.804,808.335,9991.44,798.804,798.804,798.804
530087,728.07,728.07,733.337,8303.9,728.07,728.07,728.07
368263,606.847,606.847,608.27,5775.41,606.847,606.847,606.847
695941,834.231,834.231,846.624,10895.4,834.231,834.231,834.231
367628,606.324,606.324,607.737,5765.49,606.324,606.324,606.324
819999,905.538,905.538,925.41,12833.8,905.538,905.538,905.538
108799,329.847,329.847,329.85,1721.25,329.847,329.847,329.847
171993,414.721,414.721,414.764,2708.68,414.721,414.721,414.721
926536,962.567,962.567,990.276,14498.4,962.567,962.567,962.567
525201,724.708,724.708,729.814,8227.57,724.708,724.708,724.708
938972,969.005,969.005,997.711,14692.7,969.005,969.005,969.005
465397,682.2,682.2,685.576,7293.12,682.2,682.2,682.2
754489,868.613,868.613,884.31,11810.2,868.613,868.613,868.613
955225,977.356,977.356,1007.39,14946.7,977.356,977.356,977.356
508128,712.831,712.831,717.401,7960.8,712.831,712.831,712.831
505300,710.845,710.845,715.329,7916.61,710.845,710.845,710.845
190330,436.268,436.268,436.341,2995.19,436.268,436.268,436.268
518855,720.316,720.316,725.219,8128.41,720.316,720.316,720.316
858990,926.817,926.817,949.409,13443,926.817,926.817,926.817
88003.4,296.654,296.654,296.654,1396.3,296.654,296.654,296.654
931421,965.102,965.102,993.2,14574.8,965.102,965.102,965.102
989566,994.769,994.769,1027.7,15483.3,994.769,994.769,994.769
919126,958.711,958.711,985.833,14382.7,958.711,958.711,958.711
255014,504.989,504.989,505.292,4005.88,504.989,504.989,504.989
152628,390.676,390.676,390.698,2406.08,390.676,390.676,390.676
115354,339.638,339.638,339.641,1823.66,339.638,339.638,339.638
392820,626.753,626.753,628.575,6159.11,626.753,626.753,626.753
720774,848.984,848.984,862.729,11283.4,848.984,848.984,848.984
877629,936.818,936.818,960.771,13734.3,936.818,936.818,936.818
312375,558.905,558.905,559.639,4902.15,558.905,558.905,558.905
563745,750.83,750.83,757.274,8829.82,750.83,750.83,750.83
487462,698.184,698.184,702.151,7637.89,698.184,698.184,698.184
522125,722.582,722.582,727.589,8179.51,722.582,722.582,722.582
843809,918.591,918.591,940.103,13205.8,918.591,918.591,918.591
324967,570.059,570.059,570.923,5098.91,570.059,570.059,570.059
325859,570.841,570.841,571.715,5112.85,570.841,570.841,570.841
907453,952.603,952.603,978.815,14200.3,952.603,952.603,952.603
490481,700.343,700.343,704.394,7685.06,700.343,700.343,700.343
370206,608.446,608.446,609.898,5805.77,608.446,608.446,608.446
72542.7,269.338,269.338,269.338,1154.71,269.338,269.338,269.338
345436,587.738,587.738,588.845,5418.73,587.738,587.738,587.738
522933,723.141,723.141,728.174,8192.13,723.141,723.141,723.141
973448,986.634,986.634,1018.19,15231.4,986.634,986.634,986.634
165680,407.038,407.038,407.073,2610.03,407.038,407.038,407.038
869379,932.405,932.405,955.751,13605.4,932.405,932.405,932.405
302646,550.133,550.133,550.776,4750.14,550.133,550.133,550.133
138163,371.703,371.703,371.715,2180.07,371.703,371.703,371.703
330930,575.265,575.265,576.197,5192.08,575.265,575.265,575.265
401093,633.319,633.319,635.289,6288.38,633.319,633.319,633.319
540218,734.995,734.995,740.602,8462.2,734.995,734.995,734.995
802866,896.028,896.028,914.759,12566.1,896.028,896.028,896.028
4721.77,68.7151,68.7151,68.7151,93.9553,68.7151,68.7151,68.7151
256266,506.228,506.228,506.538,4025.45,506.228,506.228,506.228
912634,955.319,955.319,981.933,14281.2,955.319,955.319,955.319
76006.4,275.693,275.693,275.693,1208.84,275.693,275.693,275.693
508914,713.382,713.382,717.976,7973.08,713.382,713.382,713.382
773635,879.565,879.565,896.431,12109.4,879.565,879.565,879.565
611090,781.723,781.723,790.056,9569.59,781.723,781.723,781.723
337532,580.975,580.975,581.984,5295.23,580.975,580.975,580.975
376788,613.831,613.831,615.385,5908.61,613.831,613.831,613.831
431014,656.516,656.516,659.084,6755.89,656.516,656.516,656.516
281644,530.701,530.701,531.174,4421.98,530.701,530.701,530.701
153469,391.751,391.751,391.774,2419.23,391.751,391.751,391.751
44533,211.028,211.028,211.028,717.012,211.028,211.028,211.028
