x1,x2,std::pow_output,pow_fast_bit_output,pow_classic_output
5.54198,1.41947,11.366,11.0891,11.366
7.71935,2.62266,212.729,215.551,212.729
0.861855,-1.93254,1.33283,1.53394,1.33283
2.57063,0.197088,1.20452,1.25332,1.20452
2.84609,2.39712,12.2711,11.2897,12.2711
1.0096,-0.594238,0.99434,0.997147,0.994297
8.10948,-2.25084,0.008995,0.00950521,0.00899358
2.9601,2.58025,16.4472,14.5514,16.4472
0.286129,-1.97349,11.8159,13.2942,11.8156
4.50805,-0.523211,0.454806,0.471781,0.454802
9.85131,1.73436,52.8536,51.3418,52.8539
4.59559,0.515305,2.19436,2.21466,2.19437
6.25244,-0.451488,0.437112,0.460697,0.437112
5.23149,1.58622,13.8006,13.2864,13.8006
0.980649,2.07797,0.960209,0.959785,0.960209
1.33256,-0.17519,0.950946,0.970867,0.950946
5.82786,-0.118471,0.811538,0.854458,0.811538
3.66351,-0.369028,0.619307,0.662014,0.619307
6.69281,-1.71502,0.0383765,0.0442314,0.0383765
3.3238,-2.69848,0.0391181,0.0473561,0.0391181
5.1645,1.73309,17.2086,15.7659,17.2086
8.82812,2.75627,404.643,397.859,404.668
3.39597,0.508055,1.86105,1.86267,1.86105
0.264838,-2.30571,21.4012,23.593,21.3993
2.26769,1.5194,3.46957,3.44556,3.46965
9.41175,0.083853,1.20683,1.26636,1.20683
9.6213,1.59979,37.4083,35.9551,37.4087
6.97878,-2.58217,0.00662554,0.00747171,0.00662554
0.658718,-2.41486,2.74041,3.2966,2.7404
1.03441,1.8547,1.06476,1.06384,1.06487
7.20885,0.935303,6.34402,6.4837,6.34402
5.57529,-2.33842,0.0179852,0.0219098,0.0179852
0.231754,1.51397,0.109313,0.109442,0.109313
1.55779,0.256573,1.12045,1.14311,1.12045
8.15285,0.245935,1.67542,1.74251,1.67545
7.47456,-2.59754,0.00538055,0.00604925,0.00538055
5.74391,-1.31396,0.100562,0.112452,0.100562
9.87822,1.35311,22.1772,22.032,22.1773
7.32443,-1.14119,0.103069,0.110574,0.103069
7.83483,-2.0618,0.0143445,0.0148416,0.0143445
5.33422,-2.45774,0.0163322,0.0197611,0.0163322
1.72934,-0.252688,0.870744,0.907852,0.870744
6.80275,2.21904,70.43,63.7734,70.4301
8.08979,2.21344,102.251,106.571,102.267
3.08652,-0.744367,0.43217,0.462812,0.43217
4.57095,-2.32407,0.029248,0.0318792,0.0292471
3.16251,2.63982,20.8925,18.7874,20.8925
6.19338,-0.365971,0.513071,0.533691,0.513071
8.25978,2.4857,190.243,196.84,190.269
0.534068,1.5648,0.374751,0.385456,0.374772
4.63476,-0.454924,0.497747,0.50898,0.497745
9.99888,0.904592,8.0269,7.75922,8.02692
7.81197,-1.78271,0.0256132,0.0271199,0.0256132
4.53125,0.290475,1.55101,1.61953,1.55102
3.62051,-2.60652,0.0349586,0.0400476,0.0349586
1.3478,-1.14333,0.710879,0.801174,0.710879
4.00786,-1.4703,0.129879,0.132063,0.129864
8.4122,-0.672895,0.238579,0.24333,0.238572
8.05331,-1.1384,0.0930325,0.0985746,0.0930245
2.61572,0.668541,1.90185,1.87436,1.90185
1.2648,2.73403,1.90078,1.72398,1.90079
2.8244,0.636598,1.93668,1.899,1.93668
4.23495,1.05481,4.58356,4.68622,4.58375
5.3236,-1.48431,0.0835763,0.0962629,0.0835762
2.68603,-1.96495,0.143489,0.17013,0.143489
8.82928,-0.226922,0.610026,0.647858,0.610023
4.63915,1.29112,7.25191,7.15417,7.25201
2.88123,0.576832,1.84119,1.83099,1.84119
7.13468,2.79958,244.956,229.518,244.956
4.25134,-1.65381,0.0913134,0.0992785,0.0913076
7.52325,2.78883,278.063,264.727,278.063
1.24854,0.853553,1.2086,1.21214,1.20861
4.46027,-2.33197,0.0305992,0.0333664,0.0305978
8.41246,-1.44183,0.046389,0.050005,0.046386
0.996606,-0.631822,1.00215,1.00429,1.00215
0.294339,-1.80254,9.06622,10.2832,9.06608
3.91029,1.26306,5.59751,5.87787,5.59751
4.90792,-2.03189,0.0394612,0.0460947,0.0394609
5.13385,-0.740323,0.297881,0.327375,0.297881
3.70242,-2.00021,0.0729303,0.0810742,0.0729303
9.68412,2.69722,456.69,424.82,456.697
8.55806,-1.68321,0.0269533,0.0286396,0.0269517
3.916,2.56058,32.9625,32.436,32.9625
3.60842,-2.05981,0.0711269,0.0802288,0.0711269
1.16432,-0.393195,0.941935,0.967697,0.941931
4.82719,0.378009,1.81319,1.83419,1.81319
0.0152925,1.95876,0.000277856,0.000284191,0.000277856
8.13751,-1.24399,0.0736811,0.0779157,0.073675
5.99307,-1.13077,0.132025,0.146878,0.132025
5.20041,1.12422,6.38244,6.34326,6.38245
2.47603,-2.62315,0.0927084,0.10953,0.0927076
2.25601,-0.872014,0.491906,0.508183,0.491899
8.33607,0.291362,1.85495,1.88632,1.85498
7.0635,2.21745,76.3242,72.5234,76.3242
4.8971,0.674902,2.92174,3.00232,2.92174
9.01707,-0.132226,0.747679,0.793255,0.747677
5.60677,-2.66414,0.0101233,0.0125122,0.0101233
4.23513,2.13621,21.8334,22.3677,21.8353
4.96807,0.147885,1.26752,1.33156,1.26752
7.86838,0.283402,1.7943,1.84088,1.7943
0.323332,0.385857,0.646836,0.670734,0.646837
7.74735,-1.70917,0.0302195,0.0309443,0.0302195
3.1431,-0.317059,0.695517,0.750862,0.695517
2.823,-1.42355,0.228239,0.248832,0.228238
3.4547,0.657716,2.26007,2.27222,2.26007
5.34177,-2.41119,0.0175961,0.0213875,0.017596
2.0671,1.2747,2.52343,2.63495,2.52361
7.15429,1.24807,11.6563,11.8428,11.6563
9.60911,1.4191,24.8045,24.6841,24.8047
4.97147,-1.31392,0.121583,0.131631,0.121583
3.75901,1.46186,6.92914,6.9903,6.92914
6.94921,-2.57184,0.006834,0.00765657,0.006834
6.27356,0.541761,2.70435,2.7829,2.70435
1.01909,-2.65951,0.950959,0.974617,0.950793
3.9803,0.567759,2.19082,2.25983,2.19082
0.0681722,-2.00796,219.82,236.75,219.809
3.26437,-2.35004,0.0620232,0.0727687,0.0620232
5.51945,-0.296507,0.602591,0.647179,0.602591
4.88441,2.38361,43.8389,41.4155,43.8394
4.6509,1.00271,4.67033,4.67432,4.67038
6.28903,-0.429309,0.45411,0.473927,0.45411
9.23057,-0.901691,0.134791,0.144528,0.13479
4.22084,0.529198,2.14269,2.17523,2.14274
3.97161,0.582111,2.23185,2.31192,2.23185
3.15399,0.598139,1.98787,1.94326,1.98787
3.64236,0.785766,2.76131,2.86206,2.76131
9.82621,-2.36013,0.00454821,0.00539398,0.00454817
1.16781,-1.23479,0.825675,0.896397,0.825665
7.08314,1.11782,8.92079,8.77795,8.92079
8.12259,0.769158,5.0084,5.27704,5.00866
9.37088,0.74556,5.30299,5.45776,5.30302
1.82839,1.37618,2.29431,2.28,2.29431
8.19115,-1.63359,0.0322086,0.0331314,0.0322053
2.38623,-0.595347,0.59584,0.64484,0.595838
4.79149,-2.23765,0.0300153,0.0338097,0.0300149
3.31214,-2.49524,0.0503739,0.0583661,0.0503738
0.637016,1.80243,0.443604,0.422874,0.443605
0.381114,1.197,0.315155,0.308447,0.315155
1.27022,-0.658934,0.854184,0.910973,0.854183
8.69941,-1.77921,0.0213035,0.023544,0.0213025
2.92522,-0.455789,0.613099,0.666683,0.613099
8.7312,2.33834,158.691,157.279,158.7
3.12179,2.31993,14.0277,12.9695,14.0277
9.86612,1.5776,37.0141,35.2256,37.0143
5.42924,1.84977,22.8611,21.7678,22.8611
4.39858,-2.11574,0.0435431,0.0486784,0.0435409
2.47299,0.123456,1.11827,1.15266,1.11827
3.71607,2.96201,48.8194,48.1123,48.8194
8.16354,-2.75506,0.00307413,0.00327832,0.00307358
9.73338,-1.9513,0.0117923,0.0134633,0.0117922
2.36011,1.1833,2.76242,2.79272,2.76245
1.29742,-0.833549,0.804901,0.876045,0.804901
7.80876,-0.335313,0.502002,0.505047,0.502002
5.79368,-2.7434,0.00807068,0.0100233,0.00807068
3.93355,-1.03133,0.243546,0.24645,0.243546
1.93948,-2.84462,0.15193,0.165941,0.15193
2.14303,2.93295,9.35165,9.1416,9.35259
1.61238,1.07996,1.67516,1.66135,1.67516
2.20562,-1.82544,0.235996,0.24836,0.235987
3.6792,-1.05682,0.252408,0.263971,0.252408
6.60103,0.936313,5.85347,5.92584,5.85347
0.254251,1.54181,0.121068,0.121413,0.121081
8.29272,-1.52407,0.0397964,0.042876,0.0397931
5.99453,-2.61664,0.00922353,0.0114219,0.00922353
7.27392,1.63965,25.8822,25.9412,25.8822
3.77033,2.24201,19.5995,19.6248,19.5995
3.52175,-0.0563827,0.931477,0.950359,0.931477
7.0339,0.0257821,1.05158,1.07112,1.05158
6.4067,-2.02571,0.023227,0.0270277,0.023227
3.55334,1.20094,4.58442,4.53473,4.58442
4.43609,2.99787,87.0211,84.6455,87.0266
5.63624,2.41511,65.121,58.1802,65.1211
9.56441,1.89338,71.9043,67.2246,71.9052
8.18426,2.16126,94.0133,98.1475,94.0261
7.5769,2.61647,200.059,201.299,200.059
2.7685,2.8937,19.0424,16.0894,19.0424
0.749855,-1.28622,1.44813,1.64348,1.44813
4.72405,-0.884126,0.253408,0.267927,0.253407
9.58155,-2.90196,0.00141876,0.00168008,0.00141873
1.80536,-1.05274,0.536916,0.576084,0.536916
3.73485,-0.827133,0.336244,0.363846,0.336244
2.12805,1.47993,3.05766,3.14935,3.05783
3.75513,0.00905848,1.01206,1.01701,1.01206
1.98685,-1.07779,0.477134,0.484097,0.477134
5.02895,-0.993527,0.200938,0.219672,0.200938
8.05058,0.404513,2.32498,2.43219,2.32505
2.87428,-0.433343,0.632849,0.688614,0.632848
6.55371,-2.18203,0.0165348,0.0194198,0.0165348
2.50691,-1.40239,0.275583,0.310545,0.275582
4.55021,-2.46879,0.0237388,0.0269191,0.023738
0.525651,1.84729,0.304822,0.311869,0.304847
0.198648,1.67703,0.0665064,0.0611556,0.0665064
3.03199,2.60917,18.068,15.6438,18.068
9.84576,-1.1852,0.066497,0.073185,0.0664967
5.60945,-2.92113,0.00649089,0.00774372,0.00649088
0.920311,1.82932,0.859062,0.854221,0.859062
5.59115,0.191948,1.39149,1.46025,1.39149
0.0579002,-0.178144,1.6612,1.7388,1.6612
8.69202,1.29693,16.5188,16.0479,16.5194
1.68047,-0.19151,0.905374,0.934841,0.905374
7.48029,-1.77025,0.0283756,0.0299883,0.0283756
5.81826,-1.34084,0.0943057,0.106802,0.0943057
5.93973,2.55974,95.6403,87.0908,95.6403
3.12785,-2.52767,0.0559994,0.065433,0.0559994
5.22346,-1.06661,0.171481,0.192567,0.17148
4.69422,1.28524,7.29664,7.17419,7.29673
3.60062,-0.29718,0.68337,0.732491,0.68337
6.56853,2.02487,45.2131,43.1992,45.213
8.07413,1.38261,17.954,18.5703,17.9558
5.11609,0.161674,1.30202,1.36846,1.30202
8.73096,-0.975381,0.120811,0.124046,0.120808
5.9811,2.1499,46.7735,43.6665,46.7735
6.26165,-1.92345,0.02935,0.0332985,0.02935
3.01004,1.76027,6.95687,6.59692,6.95687
5.24635,0.212842,1.42304,1.492,1.42304
1.78238,-2.69292,0.2109,0.23664,0.2109
5.76192,-2.4636,0.0133742,0.0155285,0.0133742
2.65706,-2.60759,0.0782231,0.0959826,0.0782229
6.43883,-2.9058,0.0044645,0.00553405,0.0044645
9.69612,1.02218,10.1971,10.266,10.1971
7.68377,-1.72597,0.0296161,0.0306023,0.0296161
7.04434,-2.03416,0.0188519,0.0216174,0.0188519
2.53276,1.27426,3.26801,3.22742,3.26802
0.447105,0.765662,0.539923,0.536171,0.539923
8.53825,1.77001,44.518,45.7319,44.5208
3.22358,2.6512,22.2693,20.3708,22.2693
4.67032,-0.331808,0.599661,0.640388,0.599659
4.27135,2.66824,48.1389,48.5596,48.1436
4.51233,1.8411,16.0257,15.3441,16.0262
5.36289,-2.47869,0.0155612,0.0187196,0.0155612
1.37287,1.04529,1.39271,1.38976,1.39271
5.99037,2.23163,54.3235,50.3579,54.3235
8.52792,0.302996,1.91444,1.92899,1.91446
8.95338,-0.143708,0.72978,0.775875,0.729778
0.746996,-0.164277,1.04909,1.08312,1.04909
6.77773,-1.66998,0.040936,0.0468862,0.040936
8.75988,1.29811,16.7289,16.2822,16.7294
3.94898,-0.47391,0.521578,0.532135,0.521578
1.28258,0.61463,1.16528,1.17368,1.16528
6.6189,1.65194,22.6927,22.167,22.6927
2.99438,-0.337721,0.690464,0.747185,0.690464
1.46969,-0.985138,0.684322,0.768646,0.684322
6.10285,-1.2674,0.101022,0.112432,0.101022
4.00944,1.28079,5.9214,6.25842,5.92201
0.957526,2.91351,0.881215,0.876255,0.881215
4.80656,-0.983631,0.213465,0.2293,0.213464
6.79284,2.44044,107.294,101.43,107.294
0.980363,0.864342,0.983004,0.983025,0.983004
5.84559,2.62371,102.786,93.3105,102.786
9.15173,1.83115,57.6312,56.2266,57.6326
0.73807,-0.246397,1.07771,1.12907,1.07771
0.226744,2.35882,0.0301876,0.028805,0.0301876
5.12416,1.09424,5.97722,5.98401,5.97723
8.79587,-1.09831,0.0918095,0.0997372,0.0918071
1.22695,-0.971397,0.81981,0.889771,0.819806
5.44237,2.84452,123.869,109.744,123.869
0.622355,-0.307839,1.15719,1.23251,1.15718
0.171086,-0.67418,3.28815,3.54794,3.28815
7.64918,-2.2221,0.0108772,0.0119421,0.0108772
4.35859,-2.83214,0.0154625,0.0169035,0.0154614
8.64948,2.77191,395.594,394.438,395.627
3.23716,0.449124,1.69483,1.72694,1.69483
5.51407,1.7941,21.3933,20.2771,21.3934
1.78908,0.166457,1.10167,1.13135,1.10167
5.20559,-2.82959,0.00939034,0.0116249,0.0093903
6.98052,0.314918,1.84398,1.86449,1.84398
1.68328,2.97003,4.69561,4.11743,4.69561
6.43057,0.812355,4.53508,4.47333,4.53508
9.55943,-0.757434,0.180879,0.197506,0.180878
3.85267,2.60199,33.4306,32.3931,33.4306
0.784601,-1.76224,1.5334,1.75918,1.5334
9.28263,0.710023,4.86485,4.97559,4.86488
4.05988,1.68499,10.6007,11.1616,10.602
9.8139,-2.8364,0.00153722,0.00180434,0.00153721
0.982688,-1.98647,1.0353,1.06878,1.0353
6.4107,2.45536,95.7731,88.9922,95.7731
0.99326,-1.22911,1.00835,1.01657,1.00835
9.87855,0.717907,5.17723,5.28918,5.17724
7.14688,-1.49122,0.0532508,0.0576377,0.0532508
1.56889,0.40956,1.20256,1.23299,1.20256
3.87199,-0.495537,0.511278,0.520325,0.511278
7.44598,0.496212,2.70806,2.83981,2.70806
1.14741,-2.83748,0.676932,0.790855,0.676907
8.5656,2.89883,505.713,486.762,505.764
9.99609,-1.36192,0.0434821,0.0492008,0.0434819
8.33055,-0.715856,0.219245,0.227857,0.219238
6.02777,1.70799,21.503,20.5093,21.503
6.7291,2.16803,62.3783,58.0884,62.3783
4.7784,0.334113,1.68639,1.73325,1.68639
4.96766,1.65848,14.2743,13.7454,14.2743
3.92999,-1.22192,0.187803,0.199867,0.187803
1.20422,2.94127,1.72733,1.60065,1.72736
6.54979,-2.68757,0.00640225,0.00746745,0.00640225
8.50982,-2.44008,0.00538167,0.00595418,0.00538117
2.82249,2.33181,11.2405,10.3259,11.2405
4.38083,2.60461,46.8815,46.6294,46.8846
4.80627,1.01319,4.9068,4.92236,4.90682
3.49003,-2.69357,0.0345026,0.0406153,0.0345026
9.147,-1.48134,0.0376722,0.0419877,0.0376714
8.34183,1.6404,32.4519,31.8606,32.4545
3.78329,-1.78151,0.0934371,0.101876,0.093437
3.85883,2.62916,34.8245,34.3271,34.8245
0.0113473,1.84705,0.000255442,0.000232711,0.000255442
2.30528,2.31542,6.91606,6.67535,6.91624
8.71821,1.84612,54.4679,54.5312,54.4706
5.63041,-1.72837,0.0504413,0.057461,0.0504412
6.57269,1.54658,18.3952,17.406,18.3952
5.61295,1.39183,11.0343,10.7592,11.0343
7.9785,1.60355,27.9434,28.8328,27.9434
5.28781,2.20655,39.4409,35.9521,39.441
2.47832,1.07954,2.66385,2.67548,2.66386
9.89392,-2.41907,0.00390962,0.00457069,0.00390959
8.77599,-2.49464,0.00443421,0.00497696,0.00443393
7.81306,1.16286,10.9201,11.4739,10.9201
4.50106,-0.0930357,0.869397,0.901138,0.869396
2.33066,2.42678,7.79451,7.31195,7.7947
9.10563,0.753164,5.27858,5.45428,5.27864
4.78593,-2.04485,0.040698,0.0471413,0.0406975
7.56187,0.31572,1.89409,1.91258,1.89409
6.07533,0.90356,5.10508,5.10364,5.10508
3.11237,2.04334,10.1754,9.43848,10.1754
5.40737,-2.50431,0.0146009,0.0173482,0.0146009
1.62751,-0.791136,0.68023,0.751778,0.68023
6.77144,2.24716,73.5652,67.2812,73.5652
7.51924,1.48829,20.1371,20.5757,20.1371
7.99646,2.7995,337.024,357.379,337.024
4.59837,-2.20256,0.0347195,0.0395432,0.0347186
9.10828,-2.80754,0.00202461,0.00232115,0.00202453
9.07816,0.575305,3.55747,3.6069,3.5575
7.31188,-1.0234,0.130543,0.138231,0.130543
4.14069,-0.468118,0.514206,0.523651,0.514193
4.97754,2.57196,62.0437,56.7192,62.0442
0.215379,-0.70439,2.94907,3.20773,2.94907
6.98079,2.70308,191.046,181.82,191.046
6.88468,2.67211,173.347,162.725,173.347
8.26455,2.86538,424.794,432.863,424.862
3.80195,-2.27963,0.0476214,0.052078,0.0476214
7.21614,-0.787067,0.211084,0.22413,0.211084
1.64702,1.89502,2.57422,2.45221,2.57422
1.90701,2.63314,5.47281,5.55316,5.47281
2.37244,0.736987,1.89023,1.87423,1.89024
0.913026,-1.53039,1.14941,1.26621,1.14941
0.766477,-0.588826,1.16953,1.27501,1.16953
4.82145,0.361707,1.76649,1.7977,1.76649
6.79368,0.849089,5.08782,5.16479,5.08782
9.46163,0.485207,2.9754,3.08853,2.97541
9.74892,-0.287773,0.519284,0.536884,0.519284
9.27092,0.775889,5.62834,5.80371,5.62839
9.75276,-2.8367,0.00156367,0.0018246,0.00156365
6.40779,-1.41425,0.0722961,0.0825129,0.0722961
2.74432,-0.402082,0.666366,0.72414,0.666366
0.495999,2.18487,0.216105,0.22252,0.216105
3.17156,-0.13243,0.858255,0.894997,0.858255
6.17881,-2.65981,0.00787671,0.00962162,0.00787671
4.97654,0.0326791,1.05384,1.07333,1.05384
3.82345,2.79523,42.4717,42.999,42.4717
4.94604,0.0475266,1.07894,1.10629,1.07894
0.238914,1.52104,0.113313,0.113938,0.113313
5.35592,-2.69756,0.0108126,0.013207,0.0108126
3.47018,2.92838,38.2258,34.5923,38.2258
3.91396,-0.307314,0.657478,0.699299,0.657478
3.64828,1.75011,9.63196,9.53955,9.63196
9.7371,-1.96129,0.0115188,0.0132053,0.0115187
5.79597,-0.899266,0.205943,0.224713,0.205943
6.89861,1.51847,18.7773,18.1968,18.7773
0.419575,1.05701,0.399308,0.400738,0.399308
3.49185,2.59076,25.5228,24.3723,25.5228
8.59981,-1.33396,0.0566803,0.0593159,0.0566778
5.11598,-0.16304,0.766331,0.814217,0.766331
0.614904,-0.129525,1.06501,1.09976,1.06501
9.60102,2.0864,112.073,107.312,112.075
7.1886,-0.0387621,0.926392,0.945789,0.926392
7.57306,-0.0843019,0.843093,0.878048,0.843093
4.02705,-1.17593,0.194347,0.205025,0.19433
3.09689,-0.082967,0.910478,0.935764,0.910478
1.23672,0.310165,1.06812,1.07343,1.06812
6.68176,2.18475,63.4138,58.6963,63.4138
9.92967,1.93997,85.9064,82.4229,85.9069
7.35207,-1.944,0.0206872,0.0231705,0.0206872
3.30489,-0.222578,0.766385,0.816101,0.766385
7.85675,1.35827,16.4431,16.4187,16.4431
2.71418,2.20991,9.08453,7.99615,9.08453
7.89039,-1.59716,0.036914,0.039134,0.036914
1.59239,0.346574,1.17496,1.20531,1.17496
5.79363,-1.34908,0.0934799,0.106056,0.0934799
9.73701,2.29692,186.353,177.857,186.355
8.83965,1.27248,16.0073,15.6079,16.0078
4.6174,-2.56107,0.0198807,0.0231652,0.0198802
0.898189,-2.92523,1.36902,1.59563,1.36902
3.41231,-1.23671,0.219167,0.236247,0.219166
9.52699,-2.13632,0.00810292,0.00924444,0.0081028
3.98357,-0.976714,0.259242,0.263647,0.259242
4.7749,-0.605585,0.387998,0.417879,0.387997
5.53342,1.96696,28.9362,27.0078,28.9362
7.15488,1.47262,18.1345,17.7075,18.1345
3.32412,2.55401,21.4964,19.9187,21.4964
1.20023,0.835453,1.16472,1.16728,1.16472
1.65234,1.82291,2.4979,2.37833,2.4979
1.41869,-0.37873,0.875942,0.920715,0.875941
5.20522,2.04389,29.1289,27.2578,29.129
6.73257,1.15863,9.11084,8.87012,9.11083
8.57832,0.424943,2.49255,2.61111,2.49258
0.678218,0.542316,0.810119,0.825493,0.81012
5.13686,1.2857,8.19874,7.74725,8.19876
4.9734,-2.92734,0.00913388,0.0111949,0.00913379
7.43905,-2.00444,0.0179099,0.019809,0.0179099
8.64049,0.391095,2.32421,2.40918,2.32424
3.4062,-0.740304,0.403606,0.434797,0.403606
3.82609,-1.60261,0.116432,0.120884,0.116432
1.09,1.84073,1.1719,1.16566,1.17195
9.28661,-1.33726,0.0507833,0.0554109,0.0507826
7.48694,-1.82024,0.0256185,0.0276991,0.0256185
7.968,0.00863123,1.01807,1.02583,1.01807
3.45319,-1.62775,0.133019,0.148693,0.133019
1.4109,2.51761,2.37889,2.069,2.37889
8.84298,-2.245,0.00749704,0.00803471,0.00749667
7.19264,-0.525267,0.354736,0.382555,0.354736
0.937501,1.08431,0.932414,0.932232,0.932414
2.44609,-1.98476,0.169425,0.19657,0.169423
5.86568,-1.60728,0.0582235,0.0647364,0.0582235
4.99042,-2.59142,0.0155179,0.0183674,0.0155178
1.79999,0.735989,1.54126,1.58878,1.54126
9.5561,1.91465,75.3171,71.4482,75.318
1.96845,1.10101,2.10782,2.13254,2.10782
2.98912,-2.23619,0.0864165,0.103619,0.0864165
0.343973,-2.63916,16.7181,20.5806,16.7181
6.84287,-0.828698,0.20316,0.219203,0.20316
9.82185,2.01072,98.8613,95.3652,98.8622
8.08178,-1.99942,0.0153289,0.0154788,0.0153267
0.888602,0.492216,0.943524,0.945168,0.943524
3.38403,1.85419,9.5867,9.09851,9.5867
3.25966,-1.07271,0.281525,0.312916,0.281525
6.97977,1.19794,10.2536,10.3064,10.2536
0.643723,-2.0836,2.50377,2.96936,2.50377
7.66524,-1.83794,0.0236754,0.0256252,0.0236754
0.685437,-0.839603,1.37316,1.52822,1.37316
0.617607,-0.318413,1.16584,1.24352,1.16584
7.01693,-1.10828,0.115408,0.121722,0.115408
7.92445,0.648095,3.82488,3.86407,3.82488
5.28277,-2.64073,0.0123343,0.0146224,0.0123343
0.674527,-0.165043,1.06714,1.10744,1.06714
0.769667,1.09491,0.750779,0.747807,0.750779
4.46223,-1.39504,0.124123,0.131091,0.12412
4.90953,-2.68564,0.0139352,0.0159068,0.0139351
2.54802,-1.06759,0.368421,0.409973,0.36842
9.55459,-2.37743,0.00467319,0.00549111,0.00467312
8.84895,0.987823,8.61712,8.54639,8.6173
7.53039,-2.46036,0.0069617,0.00745225,0.0069617
2.71163,2.86978,17.5095,15.1272,17.5095
5.41403,1.01624,5.56462,5.56696,5.56462
0.257586,2.59404,0.0296421,0.029541,0.0296465
8.5074,2.01965,75.4864,75.9727,75.4922
7.39707,-1.68069,0.0346245,0.037852,0.0346245
8.54573,-1.72578,0.0246605,0.0266392,0.024659
4.75045,-2.32705,0.0266197,0.0298332,0.0266192
3.17823,-1.94615,0.105359,0.119209,0.105359
6.38302,2.89561,214.309,194.084,214.309
8.92675,1.49917,26.6224,26.7388,26.6232
3.4975,0.299294,1.4546,1.52339,1.4546
3.40197,1.12238,3.95185,3.8183,3.95185
0.0965006,0.541477,0.281933,0.282164,0.281933
3.1529,-1.26913,0.232847,0.24991,0.232847
9.12697,2.06482,96.1402,95.0615,96.1429
8.84247,0.118753,1.29541,1.36877,1.29542
3.20989,2.65539,22.1273,20.1885,22.1273
3.66037,-1.18592,0.214636,0.228693,0.214636
9.07893,-1.25925,0.0621721,0.0657759,0.0621709
2.47119,2.09713,6.66768,6.36481,6.66773
8.69127,-1.06839,0.0992406,0.106406,0.0992375
1.41661,-1.09315,0.68338,0.772293,0.68338
1.11119,0.743682,1.08156,1.08269,1.08158
8.99138,-0.380092,0.433968,0.453156,0.433966
4.12202,0.867336,3.41592,3.52225,3.41608
7.49204,-2.2486,0.0107988,0.0120292,0.0107988
4.25875,-1.69109,0.086263,0.0942764,0.0862575
8.25875,-2.59587,0.00416687,0.00440788,0.00416627
8.67302,0.581125,3.50909,3.58453,3.50915
5.48763,-2.08975,0.0285017,0.0326037,0.0285017
1.03171,-2.21996,0.933036,0.964798,0.93292
7.79665,-0.446551,0.399685,0.420763,0.399685
7.23932,-2.55859,0.00631513,0.00707337,0.00631513
0.831138,2.10346,0.677697,0.644806,0.677697
4.23002,2.55109,39.6145,39.9644,39.6186
9.17819,1.3065,18.1069,17.7908,18.1072
7.48529,0.432971,2.3906,2.48639,2.3906
9.71538,0.222256,1.65756,1.71442,1.65756
8.84221,2.27772,143.218,137.334,143.225
2.93324,0.967126,2.83129,2.83679,2.83129
6.04598,-2.56033,0.00998126,0.0122637,0.00998126
0.327384,-1.18805,3.7682,4.03339,3.7682
7.14319,1.31539,13.2802,13.3153,13.2802
9.5436,0.26094,1.80155,1.83317,1.80155
1.39972,1.48989,1.65039,1.59555,1.65039
9.24394,0.27626,1.84853,1.87173,1.84854
9.44013,0.73249,5.17799,5.31732,5.17802
8.66766,-2.03692,0.0122906,0.0134315,0.0122898
9.94551,-1.50595,0.03145,0.0348718,0.0314498
7.78204,1.00073,7.79363,7.79059,7.79363
1.95016,-0.370241,0.780915,0.824108,0.780915
7.32569,2.47512,138.232,129.039,138.232
6.60996,-2.53816,0.00828336,0.00990272,0.00828336
3.57168,1.17681,4.47325,4.40637,4.47325
7.44859,0.274078,1.73387,1.78445,1.73387
2.88576,0.716587,2.13706,2.0679,2.13706
0.181629,-1.14023,6.99354,7.61652,6.99354
4.65947,2.73994,67.7953,61.8115,67.7971
9.32845,0.697375,4.74592,4.83173,4.74595
2.48666,-2.80913,0.0773854,0.0942073,0.0773847
8.38001,-1.95305,0.0157347,0.0163763,0.0157333
1.02279,0.930057,1.02118,1.0212,1.02124
8.66761,1.0885,10.4932,10.8507,10.4935
8.94125,0.598218,3.70803,3.73007,3.70807
7.29518,-1.68651,0.0350331,0.0386763,0.0350331
2.68849,2.94734,18.4463,15.6954,18.4463
5.29376,0.234746,1.47877,1.54542,1.47877
5.83361,-0.924468,0.195846,0.21591,0.195846
1.05853,1.58349,1.09425,1.09269,1.09432
5.14897,0.794754,3.67827,3.63559,3.67827
4.76465,2.62733,60.4521,56.2212,60.4533
6.23278,-1.54478,0.05921,0.0655098,0.05921
4.63541,2.9117,86.9866,82.3008,86.9893
9.47931,-1.73845,0.020041,0.0228623,0.0200407
8.06077,1.58708,27.4466,28.3726,27.4499
9.31866,-0.97608,0.113197,0.11943,0.113195
3.77314,-1.30989,0.175622,0.1911,0.175622
9.60928,0.249127,1.75717,1.79749,1.75718
8.28772,1.41113,19.7712,20.5464,19.7726
5.0436,0.463014,2.11533,2.09366,2.11533
1.99755,2.04989,4.13033,4.17938,4.13033
2.36905,-2.93688,0.0794181,0.0950747,0.0794163
3.90645,-1.52903,0.124494,0.126684,0.124494
8.34163,2.58692,241.657,239.518,241.687
7.67604,-0.0636902,0.878265,0.907043,0.878265
5.87348,-2.23613,0.0190831,0.0231313,0.0190831
1.36431,-1.48464,0.630523,0.729565,0.630523
0.263737,0.488123,0.521748,0.525288,0.521759
9.31323,-2.41102,0.00460768,0.00535613,0.00460757
6.929,0.0799162,1.1673,1.21835,1.1673
1.52152,-0.164812,0.933165,0.957024,0.933165
6.25079,-0.151729,0.75724,0.80558,0.75724
4.45308,-1.65704,0.0841671,0.0936394,0.0841643
5.47329,0.161006,1.31481,1.38131,1.31481
0.454734,-1.69771,3.81091,4.02045,3.81091
9.29102,-1.17169,0.0734064,0.0809913,0.0734055
3.40367,1.35497,5.25744,5.22375,5.25744
6.55729,-1.89172,0.0285094,0.0314729,0.0285094
5.70572,1.00808,5.7866,5.78418,5.7866
1.81474,-2.95243,0.172135,0.199316,0.172135
3.78916,-1.3733,0.160505,0.174772,0.160505
6.08099,0.528899,2.59802,2.66592,2.59802
7.26302,1.12616,9.32721,9.3678,9.32721
3.31072,-0.442584,0.588696,0.633682,0.588696
2.21426,-0.849364,0.509067,0.529819,0.509058
2.19215,-0.430924,0.713035,0.76384,0.713027
0.853857,-1.41611,1.25074,1.4139,1.25074
9.63162,1.90658,75.0758,70.9492,75.0766
8.38828,-1.2234,0.0741282,0.079402,0.074124
9.85567,-0.0894222,0.814971,0.855495,0.814971
9.31267,-0.918505,0.128796,0.136723,0.128794
6.9527,-2.98091,0.00308755,0.00358935,0.00308755
0.444432,2.47999,0.133832,0.123048,0.133832
2.35399,-1.21946,0.352046,0.391172,0.352042
2.54293,0.336957,1.36956,1.42843,1.36956
6.54152,2.60201,132.556,118.865,132.556
4.04189,-0.802792,0.325866,0.346502,0.325847
5.57115,1.14866,7.19182,6.99402,7.19182
2.45382,0.744908,1.95163,1.91394,1.95163
1.82002,-1.19752,0.48815,0.509007,0.48815
7.56614,-1.01646,0.127839,0.132609,0.127839
4.17163,-0.218561,0.731855,0.776749,0.731847
2.67846,-0.481957,0.621982,0.677273,0.621982
1.65984,1.90854,2.63031,2.51868,2.63031
3.32869,0.813734,2.66067,2.70868,2.66067
6.50998,-1.44695,0.0664959,0.0748844,0.0664959
5.99093,-0.381728,0.504904,0.523273,0.504904
1.9015,0.423769,1.31302,1.38203,1.31302
2.7011,2.34794,10.3093,9.36816,10.3094
0.75206,2.25902,0.525353,0.46995,0.525353
5.95231,1.41882,12.5642,12.2411,12.5642
5.41903,-1.97628,0.0354459,0.0420735,0.0354458
7.59918,2.26393,98.6259,100.155,98.6259
4.75539,0.143213,1.25021,1.31347,1.25021
9.50356,2.32084,186.002,179.033,186.005
7.02637,0.621286,3.35786,3.42526,3.35786
1.44068,1.18915,1.54369,1.52404,1.54369
1.75957,2.53364,4.18574,3.84897,4.18574
4.67783,2.07585,24.5985,24.0557,24.599
2.01549,2.99913,8.18233,8.17896,8.18417
0.0957622,-2.82103,748.304,912.773,748.303
7.92427,1.04957,8.78053,9.03064,8.78053
8.32483,-1.14712,0.087946,0.0945034,0.0879409
9.23843,-2.88551,0.00163591,0.00185235,0.00163586
9.16971,-0.87762,0.143027,0.154853,0.143025
4.31514,1.34836,7.18126,7.21179,7.18157
7.49268,0.500998,2.74279,2.87891,2.74279
9.46149,0.257338,1.783,1.81902,1.783
1.01916,-1.23505,0.976836,0.988171,0.976758
1.04075,1.53942,1.06342,1.06273,1.0635
4.23275,2.93548,69.0942,66.6729,69.1024
4.2595,-0.644599,0.392931,0.417246,0.392921
5.25805,1.10543,6.2636,6.23419,6.26361
7.57837,2.72266,248.194,240.77,248.194
0.79657,0.585196,0.87538,0.880955,0.87538
8.88219,0.00620317,1.01364,1.01929,1.01364
9.957,2.15508,141.593,127.516,141.594
1.2584,-0.586548,0.873879,0.924217,0.873878
2.85637,-1.04416,0.33424,0.377186,0.33424
3.01663,0.242708,1.30733,1.36608,1.30733
9.03623,0.832816,6.25405,6.42529,6.25414
5.15574,1.36948,9.45082,9.07727,9.45084
2.8542,-0.092123,0.907903,0.934265,0.907903
1.96974,-1.97507,0.262133,0.271175,0.262133
3.92373,-2.21669,0.0483008,0.0515985,0.0483008
0.743971,-1.71154,1.65896,1.8764,1.65896
3.11931,-2.10574,0.0911257,0.107235,0.0911257
4.41251,-1.8366,0.0654592,0.0710864,0.0654564
5.58273,-2.59274,0.0115778,0.0139738,0.0115778
1.81884,-0.521811,0.731874,0.786362,0.731874
7.84378,-2.98483,0.00213793,0.00226964,0.00213793
2.74994,-0.244558,0.780836,0.831871,0.780836
5.23036,-2.01618,0.0355888,0.0421093,0.0355887
2.9234,-0.486602,0.593332,0.644367,0.593332
7.20196,0.920067,6.15052,6.30658,6.15052
9.63501,-1.46792,0.0359573,0.0405076,0.035957
4.79174,-2.22574,0.0305774,0.0346241,0.0305769
0.823139,2.52853,0.611324,0.552803,0.611324
8.30803,2.35775,147.214,148.996,147.232
8.55428,1.52591,26.4499,26.9351,26.4514
9.78011,2.69525,466.899,431.484,466.904
5.60565,-0.445857,0.463682,0.482328,0.463682
0.536812,1.52649,0.38688,0.396473,0.3869
2.20481,1.95739,4.70013,4.63135,4.70034
3.7024,2.01156,13.9167,13.7903,13.9167
9.05132,1.45227,24.5133,24.7622,24.5139
1.35815,0.327646,1.1055,1.11735,1.1055
3.07382,0.937363,2.86505,2.88129,2.86505
9.68962,0.0582089,1.14133,1.18692,1.14133
4.39189,-2.17788,0.0398457,0.0447142,0.0398436
7.34778,1.90146,44.3565,44.6182,44.3565
6.7901,-1.6799,0.0400438,0.0458889,0.0400438
1.76301,-1.98654,0.324192,0.371059,0.324192
7.32902,-2.21357,0.0121662,0.0135202,0.0121662
0.604913,1.348,0.507834,0.483711,0.507838
9.00317,-2.2176,0.00764781,0.00835264,0.00764752
9.64463,-0.203841,0.630031,0.673286,0.63003
9.59053,1.78387,56.4256,54.6006,56.4262
4.55732,1.72638,13.7146,13.5464,13.715
7.51501,-1.14918,0.0984914,0.105737,0.0984914
3.37255,2.5407,21.9475,20.5493,21.9475
2.17058,-1.89772,0.229758,0.242551,0.229746
5.42699,0.327214,1.73923,1.77116,1.73924
8.30565,0.727049,4.66047,4.83569,4.66065
4.9572,1.63066,13.6048,13.2123,13.6049
1.93993,-0.731472,0.615876,0.656235,0.615876
1.75286,-2.16705,0.29634,0.342133,0.29634
1.14362,-0.932137,0.882415,0.933064,0.882404
3.87285,-2.53022,0.03252,0.0343874,0.03252
6.0399,0.0967231,1.18999,1.24277,1.18999
3.84835,-1.2591,0.183266,0.197159,0.183266
9.60146,1.80017,58.6638,56.3477,58.6645
0.622943,-1.56191,2.09437,2.35571,2.09436
1.28576,1.48285,1.45167,1.42374,1.45167
0.536699,-0.0179086,1.01121,1.01659,1.01121
3.66787,2.99989,49.3382,48.0518,49.3382
5.80847,-0.658118,0.314165,0.346554,0.314165
7.71965,2.94505,411.169,416.961,411.169
0.972831,-1.07732,1.03012,1.05854,1.03012
6.36803,-1.40346,0.0744063,0.0851383,0.0744063
8.75705,-2.9587,0.0016287,0.00180067,0.00162858
6.6999,-2.60336,0.00707039,0.00809431,0.00707039
4.3071,-0.32223,0.624664,0.665401,0.624658
1.12842,0.11556,1.01406,1.01484,1.01406
0.572097,-1.73095,2.6291,2.96271,2.62904
2.2128,2.17256,5.61573,5.61487,5.61599
3.86603,-0.982363,0.264906,0.275269,0.264906
7.11649,-1.36588,0.0685337,0.0752521,0.0685337
9.68903,-0.894097,0.131271,0.141118,0.131271
8.03828,2.0348,69.4745,71.3057,69.4855
5.21632,1.09494,6.102,6.09131,6.10201
1.13513,0.485971,1.06353,1.06567,1.06354
3.67381,1.94076,12.4956,12.52,12.4956
0.905392,-1.9137,1.20949,1.36211,1.20949
4.44177,2.68418,54.7212,53.2739,54.7242
1.43897,-2.312,0.431109,0.496279,0.431109
9.56589,2.62125,372.154,352.465,372.16
8.03114,2.71617,286.765,296.723,286.826
8.08818,0.697794,4.30024,4.4043,4.30046
8.44919,-2.76005,0.00276661,0.00305641,0.0027663
9.7984,2.04403,106.158,101.863,106.159
4.35358,-2.75619,0.0173466,0.0194372,0.0173453
8.84258,-2.41877,0.00513386,0.00581622,0.00513359
2.89618,-0.878663,0.392835,0.431904,0.392835
9.76212,2.11966,125.169,116.854,125.17
4.29251,-1.50706,0.111293,0.11723,0.111287
6.59414,-1.17459,0.1091,0.118067,0.1091
1.95584,2.07095,4.01178,3.95898,4.01178
0.960858,-2.08944,1.08701,1.16357,1.08701
6.61102,1.59261,20.2472,19.5967,20.2472
7.5739,0.545589,3.0182,3.15729,3.0182
7.07531,-0.778449,0.21803,0.230576,0.21803
9.34333,2.45235,239.89,226.414,239.896
6.94616,0.969198,6.54361,6.60901,6.54361
8.36179,0.876069,6.42684,6.67133,6.42711
3.72934,-0.519997,0.504374,0.51519,0.504374
8.41428,1.87908,54.7242,55.5054,54.7287
9.63518,2.33351,197.626,189.117,197.629
3.26041,1.16497,3.96229,3.79828,3.96229
6.38715,1.06295,7.17794,7.04102,7.17795
3.64752,-1.01233,0.269821,0.288441,0.269821
7.66071,2.63966,215.857,216.969,215.857
1.91434,-0.435919,0.753464,0.800713,0.753464
6.89053,-1.33736,0.0756747,0.0849285,0.0756747
7.08613,1.26838,11.985,12.1227,11.985
4.49915,0.983063,4.386,4.35522,4.38607
5.00832,-2.95981,0.00849262,0.010424,0.00849255
8.73576,-2.27066,0.00728822,0.0077312,0.00728778
4.18321,-1.30051,0.155496,0.167425,0.155487
0.112531,1.49411,0.0382384,0.0381126,0.0382384
5.5257,1.52143,13.4737,12.9854,13.4737
7.58098,1.76828,35.942,35.8276,35.942
3.97681,-1.78516,0.0850615,0.0906487,0.0850615
0.611162,1.73506,0.425568,0.41267,0.425571
8.11205,-0.203765,0.652756,0.692924,0.652747
9.27571,-2.53678,0.00351602,0.00387718,0.00351592
6.90865,-1.52815,0.0521529,0.057265,0.0521529
6.36888,-0.890665,0.192242,0.2114,0.192242
8.45372,-0.663874,0.242414,0.246341,0.242407
8.30679,2.29364,128.484,126.008,128.499
4.86033,0.364594,1.77973,1.80761,1.77973
0.903362,-1.41608,1.15479,1.2737,1.15479
8.09985,-0.456073,0.385184,0.406523,0.385172
2.63021,0.767336,2.10027,2.01825,2.10027
1.00828,0.268883,1.00222,1.00223,1.00224
5.03173,-2.09747,0.0337418,0.0395014,0.0337416
1.66875,-1.98579,0.361723,0.417999,0.361723
6.18823,-1.73245,0.0425257,0.0496047,0.0425257
9.44636,2.13859,121.813,115.356,121.815
2.70251,-1.10125,0.334592,0.377981,0.334591
7.57055,-2.26804,0.0101416,0.0112452,0.0101416
9.46079,2.96592,784.367,736.938,784.385
8.77817,-0.850915,0.157486,0.17056,0.157483
0.268344,-2.65739,32.9754,35.8335,32.9724
0.29361,-0.71939,2.4148,2.62659,2.41478
9.234,-2.25585,0.00664093,0.00736132,0.00664076
5.3307,-2.11416,0.0290709,0.0333858,0.0290708
7.17243,-2.18692,0.0134502,0.0147789,0.0134502
4.52367,-1.3794,0.124685,0.132575,0.124682
5.7622,-0.0714808,0.882333,0.912773,0.882333
8.48495,-1.33774,0.0572416,0.0595529,0.0572386
9.34187,1.3194,19.0717,18.8723,19.072
9.35619,-2.78822,0.00196047,0.00227082,0.00196042
7.49478,0.871922,5.79058,6.02252,5.79058
3.53094,-2.855,0.0272755,0.0306184,0.0272755
4.62226,0.788288,3.34269,3.39841,3.34272
0.940926,-0.0374382,1.00228,1.00443,1.00228
2.93722,2.92379,23.3427,20.7026,23.3427
8.45149,-0.908623,0.143803,0.152856,0.143797
0.705885,-2.33227,2.25317,2.74384,2.25317
8.88428,1.52898,28.2113,28.0952,28.2122
5.72342,0.632899,3.01661,3.07697,3.01661
3.40759,-2.56223,0.0432264,0.0510776,0.0432264
8.98863,-1.92937,0.0144535,0.0154176,0.014453
1.74793,0.540279,1.35217,1.40409,1.35217
7.74202,2.24104,98.1644,101.028,98.1644
9.97024,0.537717,3.44366,3.49115,3.44367
2.75873,-0.225956,0.795095,0.844162,0.795095
8.51087,1.78756,45.9606,47.2588,45.9637
0.697479,2.16559,0.458302,0.422432,0.458302
0.834188,-0.543414,1.10354,1.18021,1.10354
9.93438,-2.25562,0.00563416,0.00659278,0.00563412
4.64961,2.55729,50.9072,48.9565,50.9086
1.3499,-0.654235,0.821772,0.88554,0.821772
7.30871,2.32738,102.443,101.114,102.443
0.00159255,2.07105,1.60476e-06,1.52198e-06,1.60476e-06
4.48535,-0.767843,0.31588,0.342787,0.315876
8.60727,1.46002,23.1698,23.8542,23.1709
2.17069,1.01218,2.19128,2.19714,2.19135
7.42143,-0.374205,0.472345,0.482878,0.472345
1.69452,-1.77745,0.391635,0.441381,0.391635
3.19011,-0.375585,0.646812,0.700459,0.646812
8.45412,0.181348,1.47273,1.55434,1.47274
6.73638,1.35054,13.1469,12.9998,13.1469
5.31078,1.72341,17.7724,16.1853,17.7724
2.77068,1.97179,7.4591,6.92645,7.45911
5.29575,1.93875,25.3228,24.0886,25.3228
7.59625,-1.80993,0.0254785,0.0273889,0.0254785
0.149417,0.0135605,0.974551,0.980984,0.974551
9.61983,-2.76972,0.0018919,0.00220704,0.00189187
0.383339,-1.20263,3.16806,3.52765,3.16806
4.46111,2.87644,73.8045,69.4062,73.8086
8.87351,1.55505,29.8079,29.3589,29.8089
4.79264,0.82879,3.66483,3.64365,3.66485
6.43197,0.840089,4.77618,4.76379,4.77618
0.711908,0.806132,0.760386,0.767757,0.760386
7.41469,-0.98024,0.140314,0.15034,0.140314
2.15474,-0.339145,0.77078,0.817307,0.770772
9.50124,-0.495551,0.327688,0.355089,0.327687
4.85465,-2.8379,0.0112915,0.0134206,0.0112914
1.86799,2.26151,4.10882,3.92593,4.10882
4.6937,-0.755209,0.311075,0.339651,0.311073
2.82365,2.75809,17.5136,15.1514,17.5136
0.139411,-1.68208,27.5019,29.6372,27.501
6.46461,2.63605,136.972,121.364,136.973
6.41132,1.03405,6.83001,6.76581,6.83001
3.26518,-0.927721,0.333608,0.371351,0.333609
1.18966,-0.337522,0.943067,0.967991,0.943065
4.45752,1.00924,4.51948,4.53564,4.51957
8.87451,0.796374,5.68954,5.90472,5.68964
5.85099,-0.967469,0.181021,0.20217,0.181021
0.517017,0.615359,0.66635,0.702793,0.666372
2.71754,0.507187,1.66038,1.68915,1.66038
7.99272,1.78793,41.1109,43.5376,41.1109
2.63199,-0.425287,0.662611,0.720161,0.662611
7.70653,-2.70791,0.00396706,0.004199,0.00396706
2.81972,-2.19943,0.102284,0.118694,0.102283
9.97134,1.04367,11.0248,11.1055,11.0248
2.48113,-0.529336,0.618155,0.671661,0.618154
6.95675,1.83219,34.9501,32.5986,34.9501
8.36252,-2.24313,0.00853251,0.00913244,0.0085316
0.984958,-2.74116,1.04242,1.08246,1.04242
8.52402,-0.731701,0.208471,0.219621,0.208466
5.5063,0.527233,2.45813,2.50601,2.45813
8.23964,-0.441927,0.393764,0.415245,0.393754
2.91207,-1.28129,0.254228,0.283598,0.254228
0.0681725,-1.15138,22.0273,24.0164,22.0266
6.98738,-0.802241,0.210211,0.224546,0.210211
2.19406,0.299606,1.26544,1.32867,1.26544
5.4151,-0.160301,0.762785,0.811344,0.762785
4.57516,-2.95942,0.0111065,0.0129347,0.0111061
4.64439,-1.33969,0.127798,0.1381,0.127796
0.342884,0.460876,0.610605,0.624741,0.610605
4.27893,1.70863,11.9872,12.2913,11.9879
4.91794,0.884614,4.09224,3.94446,4.09225
9.18246,-0.343526,0.466872,0.47966,0.46687
6.36773,-2.44855,0.01075,0.0129182,0.01075
6.11089,2.06309,41.8608,38.8779,41.8608
3.25937,2.57256,20.8964,19.0796,20.8964
0.259185,1.64427,0.108597,0.110742,0.108606
9.80209,-2.10205,0.00824513,0.00953382,0.00824506
2.73896,2.23719,9.52715,8.51025,9.52716
8.36499,0.377912,2.23157,2.30194,2.23161
3.06833,-0.516009,0.56073,0.604179,0.56073
1.32378,1.60229,1.56742,1.51879,1.56742
8.37669,-1.68887,0.0276093,0.0289669,0.0276071
2.03352,-1.4008,0.370003,0.393932,0.369968
8.33754,-0.967081,0.128612,0.132244,0.128606
0.148811,-2.94372,272.604,325.23,272.598
6.93487,2.94924,302.291,271.973,302.291
8.98139,-1.16567,0.0773956,0.0849991,0.077394
8.61416,-0.679815,0.231328,0.238546,0.231323
8.84677,1.25762,15.5131,15.2479,15.5136
1.41212,-0.144976,0.951201,0.970127,0.951201
4.97724,-2.29657,0.0250795,0.0288407,0.0250794
4.21527,-0.236818,0.711263,0.756809,0.711256
1.11198,1.43689,1.16475,1.1609,1.16479
7.56886,-2.83327,0.00323195,0.00352651,0.00323196
1.66403,-1.12717,0.563265,0.625759,0.563265
1.9435,1.97653,3.71874,3.72974,3.71874
1.80877,1.98527,3.24323,3.21127,3.24323
7.09569,2.31534,93.3986,91.0449,93.3986
8.60637,-2.32272,0.00674023,0.00724921,0.00673973
9.77262,1.20486,15.5894,15.0525,15.5895
8.24556,-0.81358,0.179714,0.191786,0.179706
4.72241,-1.09456,0.182846,0.20165,0.182845
2.67883,2.87152,16.9377,14.7693,16.9378
4.94963,-0.969342,0.212189,0.228898,0.212188
4.50565,-0.88067,0.265617,0.281832,0.265613
3.45773,1.57787,7.0818,6.91174,7.0818
1.8318,-1.24812,0.469784,0.490456,0.469784
1.22561,2.50427,1.66439,1.56499,1.66441
2.30564,-1.2735,0.345133,0.382973,0.345127
7.09667,0.532609,2.83975,2.95511,2.83975
4.58762,-2.84657,0.0130842,0.0147552,0.0130837
4.77528,-2.30071,0.0274045,0.0305104,0.0274041
2.62793,0.622122,1.82411,1.81744,1.82411
8.22045,-2.22538,0.00920462,0.0098635,0.00920341
9.07698,-0.586785,0.274091,0.290161,0.274089
5.22948,-1.48475,0.0857567,0.0983829,0.0857565
5.2727,-2.7344,0.010609,0.012978,0.010609
3.43734,-1.40007,0.17752,0.199216,0.17752
3.44684,-2.65396,0.0374719,0.0445662,0.0374719
0.476097,-1.50495,3.05529,3.2977,3.05529
8.62259,1.11884,11.1386,11.5488,11.139
3.03003,1.05607,3.22436,3.19995,3.22436
8.85465,0.285997,1.8659,1.88854,1.86591
1.9439,-0.990463,0.5177,0.532551,0.5177
7.4665,0.733528,4.36974,4.41101,4.36974
5.16658,-0.102601,0.844938,0.882439,0.844938
3.56029,-1.30931,0.189643,0.208654,0.189643
5.39675,-1.1296,0.148932,0.168297,0.148931
3.6358,0.589745,2.14097,2.1442,2.14097
4.41016,1.88465,16.3896,15.7003,16.3903
7.06659,0.803822,4.81519,4.89557,4.81519
2.71354,0.601873,1.82362,1.8166,1.82362
9.79125,-0.918697,0.122948,0.129776,0.122947
5.2292,1.69238,16.4386,15.2385,16.4386
3.97051,-2.95221,0.0170639,0.0177983,0.0170639
1.73557,-2.355,0.272969,0.316933,0.272969
9.98379,0.738438,5.46913,5.59369,5.46914
9.15661,1.44035,24.2793,24.4688,24.2797
8.30234,0.245993,1.68313,1.74728,1.68315
1.08357,-2.94455,0.789526,0.876968,0.789458
4.42676,2.53423,43.3839,42.8423,43.3862
8.12666,0.0104585,1.02215,1.03154,1.02215
7.19518,-2.63332,0.00553527,0.00636673,0.00553527
2.69706,0.798032,2.20731,2.15234,2.20732
2.51396,-1.76953,0.195684,0.221966,0.195683
0.564443,-1.01866,1.79067,1.88737,1.79064
8.45207,-0.7305,0.210307,0.220903,0.210301
7.34391,2.25925,90.4371,90.0605,90.4371
4.51668,-1.02116,0.214448,0.228222,0.214445
1.38456,0.132336,1.044,1.05089,1.044
4.55368,1.80436,15.4142,14.8677,15.4146
4.21767,1.04078,4.47263,4.55273,4.47282
0.912034,-2.48189,1.25675,1.43665,1.25675
4.10192,2.71241,45.991,47.8062,45.9986
4.31051,1.56046,9.77584,9.93628,9.77632
2.01116,-0.185558,0.878402,0.906704,0.878389
5.20165,1.84754,21.0424,20.0015,21.0425
8.51961,-2.16835,0.00960555,0.0105789,0.00960477
5.08667,-2.25378,0.0255771,0.0293773,0.025577
5.43361,0.630324,2.90632,2.97311,2.90632
4.22917,-1.25704,0.163221,0.176738,0.163212
6.34063,0.439507,2.25187,2.2724,2.25187
3.45792,-0.974518,0.29848,0.328775,0.29848
5.58373,0.236524,1.50199,1.5667,1.50199
1.50246,1.65542,1.96193,1.83179,1.96193
1.87714,-1.82571,0.31672,0.349651,0.31672
9.15174,-2.62045,0.00302293,0.00344023,0.00302283
1.90893,-0.0219467,0.985911,0.990025,0.985911
5.80604,1.63393,17.7062,16.0894,17.7062
7.11661,2.94596,324.165,303.938,324.165
8.81465,1.09572,10.8562,11.1899,10.8565
2.15347,2.4492,6.54526,6.54858,6.54577
3.02468,-2.18444,0.089122,0.106023,0.089122
3.63537,-1.29297,0.188464,0.206223,0.188464
2.10273,2.35707,5.76529,5.91254,5.76589
3.77709,1.50726,7.41181,7.38611,7.41181
5.20932,-0.720245,0.304609,0.335442,0.304608
8.85579,-1.10623,0.0895678,0.0976858,0.0895656
7.43712,2.0029,55.634,55.2598,55.6339
8.05875,2.44645,164.868,173.734,164.899
9.5198,2.03221,97.4486,94.8916,97.45
6.69353,-2.19156,0.0155071,0.0178301,0.0155071
9.81223,-0.765306,0.174179,0.191339,0.174178
9.69447,0.588015,3.80269,3.77719,3.8027
6.45198,-2.4976,0.00949967,0.0115139,0.00949966
7.51595,-2.29698,0.00972484,0.0108362,0.00972483
3.03714,2.82894,23.1667,20.7351,23.1667
7.56554,1.31161,14.2132,14.3389,14.2132
9.20044,0.262321,1.78989,1.82632,1.7899
3.88703,-2.32495,0.0425761,0.0462945,0.0425761
5.73621,-1.8631,0.0386014,0.0457847,0.0386014
9.31097,1.70821,45.2109,44.9453,45.2117
3.88141,2.35062,24.2377,24.9897,24.2377
5.65273,-2.46053,0.0140944,0.0165986,0.0140944
0.116323,-2.62159,281.481,314.562,281.481
0.963065,1.66705,0.939189,0.938431,0.939189
9.34663,0.748602,5.32886,5.4873,5.3289
8.24733,-0.362021,0.465881,0.475685,0.465871
0.395757,-0.614173,1.76705,1.87027,1.76705
0.11481,2.31888,0.00661007,0.00650507,0.00661007
8.95523,-1.12123,0.0856061,0.0939026,0.0856043
5.67424,0.489854,2.34048,2.36948,2.34048
4.53278,2.11893,24.5917,24.3213,24.5925
6.29915,-1.51387,0.0616578,0.068881,0.0616578
2.21602,-1.1684,0.394668,0.426348,0.394658
9.73505,2.96543,852.794,788.195,852.806
3.38526,-0.224545,0.760471,0.809963,0.760471
8.30478,-0.592783,0.285127,0.299767,0.285118
8.49111,2.09333,88.0291,90.1426,88.0363
6.21767,2.61023,117.911,106.728,117.911
2.41583,0.578461,1.66567,1.69873,1.66567
7.33752,-0.0751746,0.86086,0.893463,0.86086
6.27072,-2.31193,0.0143437,0.0166208,0.0143437
2.05609,-2.21316,0.202857,0.215596,0.202831
8.13366,-1.1087,0.0978956,0.10346,0.0978882
5.76232,-2.28467,0.018293,0.0222512,0.018293
6.38924,-0.274145,0.601437,0.643982,0.601437
9.62498,1.71001,48.0425,47.2764,48.043
4.35643,2.64032,48.6981,48.5098,48.7016
2.76022,-1.22944,0.287002,0.325808,0.287002
8.86799,-0.415942,0.403422,0.42676,0.403418
8.64918,-0.843463,0.162068,0.175146,0.162063
9.32178,-1.91897,0.0137898,0.0150471,0.0137896
9.31286,-2.92378,0.00146763,0.00170787,0.00146759
3.96063,-0.332456,0.632805,0.670815,0.632805
9.15477,1.83306,57.911,56.4414,57.9124
9.00301,1.09251,11.0325,11.316,11.0327
9.57174,-1.98002,0.0114187,0.0130541,0.0114186
9.97749,2.59553,391.735,365.617,391.737
9.92084,0.94909,8.82701,8.6012,8.82704
3.3538,2.83803,31.0091,28.1453,31.0091
9.46832,-2.692,0.00235435,0.00279282,0.0023543
8.0898,-1.82691,0.0219421,0.0234179,0.0219392
5.85921,-0.243679,0.649971,0.699692,0.649971
8.85148,-0.296954,0.523335,0.538765,0.523331
2.89346,-2.88929,0.0464332,0.056874,0.0464331
8.44017,-2.92509,0.00195136,0.00207768,0.00195112
9.39209,-2.51598,0.00356901,0.00396189,0.00356894
