x,std::log_output,ln_fast_bit_tricks_output,ln_poly_output,taylor_series_ln_100_output,taylor_series_ln_10_output,ln_horners_method_output
7.93387,2.07114,2.06798,2.15336,-nan,-2.21465e+07,2.07114
4.51408,1.5072,1.47538,1.5072,-nan,-21830.2,1.50722
4.5416,1.51328,1.48015,1.51328,-nan,-23645.3,1.51329
7.9724,2.07599,2.07466,2.16278,-nan,-2.34263e+07,2.07599
7.40411,2.00203,1.97618,2.03879,-nan,-9.89044e+06,2.00203
0.218688,-1.52011,-1.55992,-1.50206,-1.52011,-1.49811,-1.52011
0.349073,-1.05248,-1.1116,-1.05199,-1.05248,-1.05045,-1.05248
6.77891,1.91382,1.86785,1.9256,-nan,-3.48512e+06,1.91382
7.41783,2.00389,1.97856,2.04148,-nan,-1.01076e+07,2.00389
9.55436,2.257,2.21411,2.25701,-nan,-1.85741e+08,2.257
2.20841,0.792273,0.765375,0.792274,-907061,0.445484,0.792296
1.00977,0.0097199,0.00676902,0.0097199,0.0097199,0.0097199,0.00979316
8.52468,2.14297,2.1249,2.14297,-nan,-5.07169e+07,2.143
0.189388,-1.66396,-1.7224,-1.66179,-1.66396,-1.62713,-1.66396
2.42639,0.886406,0.840923,0.886419,-1.5539e+13,-1.07766,0.886411
5.01435,1.6123,1.56207,1.61234,-nan,-85165.3,1.61231
9.71008,2.27316,2.22761,2.27318,-nan,-2.22918e+08,2.27317
8.33663,2.12066,2.10861,2.12066,-nan,-3.92473e+07,2.12071
4.49902,1.50386,1.47277,1.50386,-nan,-20891,1.50388
6.64455,1.8938,1.84456,1.90271,-nan,-2.74405e+06,1.8938
9.22802,2.22224,2.18584,2.22225,-nan,-1.25319e+08,2.22226
6.5775,1.88365,1.83294,1.89136,-nan,-2.4302e+06,1.88365
8.41637,2.13018,2.11552,2.13018,-nan,-4.37896e+07,2.13022
9.07609,2.20564,2.17267,2.20564,-nan,-1.03778e+08,2.20566
2.42303,0.885017,0.83976,0.88503,-1.22558e+13,-1.03119,0.885022
5.10638,1.63049,1.57802,1.63055,-nan,-107352,1.63049
8.32274,2.11899,2.10741,2.11899,-nan,-3.85013e+07,2.11904
2.69683,0.992079,0.934653,0.992309,-5.76931e+20,-10.9867,0.992079
0.506581,-0.68007,-0.684025,-0.68007,-0.68007,-0.68,-0.68
9.59941,2.2617,2.21802,2.26171,-nan,-1.95877e+08,2.26171
9.28545,2.22845,2.19081,2.22845,-nan,-1.34457e+08,2.22846
9.47226,2.24837,2.20701,2.24837,-nan,-1.68478e+08,2.24837
5.30684,1.669,1.61275,1.66915,-nan,-174630,1.669
2.49665,0.91495,0.865271,0.914982,-1.94119e+15,-2.32799,0.914953
4.87849,1.58484,1.53852,1.58485,-nan,-59905.5,1.58484
5.73739,1.747,1.68736,1.74782,-nan,-461388,1.747
2.80254,1.03053,0.97129,1.03105,-2.48497e+23,-21.4091,1.03053
8.21933,2.10649,2.09845,2.10649,-nan,-3.33342e+07,2.10655
2.45106,0.896522,0.849469,0.89654,-8.69359e+13,-1.45232,0.896526
6.24004,1.83099,1.77447,1.83447,-nan,-1.28822e+06,1.83099
8.6712,2.16001,2.13759,2.16001,-nan,-6.16554e+07,2.16004
5.69864,1.74023,1.68064,1.74094,-nan,-424346,1.74023
9.65024,2.26698,2.22243,2.26699,-nan,-2.07906e+08,2.26699
6.20516,1.82538,1.76842,1.82857,-nan,-1.20357e+06,1.82538
3.69505,1.30699,1.2806,1.34292,-nan,-1431.47,1.30699
7.02119,1.94893,1.90982,1.96778,-nan,-5.28937e+06,1.94893
6.67904,1.89897,1.85053,1.90856,-nan,-2.91931e+06,1.89897
8.83984,2.17927,2.15221,2.17927,-nan,-7.68405e+07,2.17929
3.22148,1.16984,1.11648,1.17553,-3.17293e+32,-194.19,1.16984
2.77811,1.02177,0.962818,1.02221,-6.31848e+22,-18.4543,1.02177
5.19285,1.64728,1.593,1.64738,-nan,-132807,1.64728
5.83943,1.76463,1.70504,1.76577,-nan,-573267,1.76463
1.6982,0.529569,0.483953,0.541686,0.529568,0.528502,0.529569
9.26788,2.22655,2.18929,2.22656,-nan,-1.31599e+08,2.22657
7.41819,2.00394,1.97863,2.04155,-nan,-1.01134e+07,2.00394
3.43676,1.23453,1.19109,1.24875,-3.39435e+36,-506.306,1.23453
8.30342,2.11667,2.10573,2.11667,-nan,-3.74842e+07,2.11672
4.7492,1.55798,1.51612,1.55798,-nan,-42355.2,1.55798
5.38632,1.68386,1.62652,1.68409,-nan,-210451,1.68386
0.741327,-0.299314,-0.358599,-0.29782,-0.299314,-0.299313,-0.299313
4.07727,1.40543,1.39968,1.40543,-nan,-5597.94,1.40549
4.39864,1.4813,1.45537,1.4813,-nan,-15504.9,1.48132
5.58893,1.72079,1.66163,1.72128,-nan,-333534,1.72079
6.82114,1.92003,1.87515,1.93285,-nan,-3.7527e+06,1.92003
6.00025,1.7918,1.73291,1.79363,-nan,-799720,1.7918
4.36484,1.47358,1.44951,1.47358,-nan,-13995.4,1.47361
4.51689,1.50782,1.47587,1.50782,-nan,-22009.7,1.50784
5.70599,1.74152,1.68192,1.74225,-nan,-431157,1.74152
6.23664,1.83044,1.77387,1.83389,-nan,-1.27973e+06,1.83044
6.11871,1.81135,1.75344,1.81389,-nan,-1.01498e+06,1.81135
6.30362,1.84112,1.78549,1.84521,-nan,-1.45638e+06,1.84112
4.90248,1.58974,1.54268,1.58976,-nan,-63801.9,1.58974
9.56064,2.25765,2.21466,2.25766,-nan,-1.87125e+08,2.25766
0.291218,-1.23368,-1.27201,-1.23368,-1.23368,-1.22768,-1.23367
7.04808,1.95276,1.91449,1.97256,-nan,-5.53418e+06,1.95276
4.34431,1.46887,1.44596,1.46887,-nan,-13144.7,1.4689
7.89904,2.06674,2.06195,2.145,-nan,-2.10444e+07,2.06674
6.61259,1.88898,1.83903,1.89729,-nan,-2.59016e+06,1.88898
1.05904,0.0573601,0.0409208,0.0573601,0.0573601,0.0573601,0.0574002
2.98643,1.09408,1.03501,1.09577,-4.25444e+27,-60.3428,1.09408
2.66421,0.979909,0.923347,0.980083,-8.22062e+19,-8.80977,0.97991
2.99309,1.09631,1.03733,1.09806,-5.9513e+27,-62.5063,1.09631
8.5857,2.1501,2.13019,2.1501,-nan,-5.504e+07,2.15013
8.35341,2.12267,2.11006,2.12267,-nan,-4.01666e+07,2.12272
9.6002,2.26178,2.21809,2.26179,-nan,-1.96058e+08,2.26179
8.76768,2.17107,2.14596,2.17107,-nan,-6.99734e+07,2.1711
3.72607,1.31535,1.29136,1.3551,-nan,-1610.47,1.31535
4.88721,1.58662,1.54004,1.58664,-nan,-61297,1.58663
9.76735,2.27904,2.23257,2.27906,-nan,-2.38192e+08,2.27905
9.97409,2.29999,2.25049,2.30002,-nan,-3.01491e+08,2.29999
3.91638,1.36517,1.35731,1.43632,-nan,-3224.39,1.36517
4.11016,1.41346,1.40539,1.41346,-nan,-6243.35,1.41352
6.78611,1.91488,1.86909,1.92683,-nan,-3.52949e+06,1.91488
2.73237,1.00517,0.946964,1.00548,-4.61991e+21,-13.8525,1.00517
2.3933,0.872674,0.829458,0.872682,-1.4715e+12,-0.664577,0.87268
6.85923,1.92559,1.88177,1.93943,-nan,-4.00978e+06,1.92559
5.83682,1.76419,1.70459,1.76531,-nan,-570127,1.76419
4.3254,1.46451,1.44268,1.46451,-nan,-12402.5,1.46454
4.09624,1.41007,1.40297,1.41007,-nan,-5962.32,1.41013
2.29999,0.832903,0.797115,0.832905,-1.39379e+09,0.0879387,0.832915
1.71866,0.541543,0.498136,0.555798,0.541543,0.540094,0.541543
7.00307,1.94635,1.90668,1.96457,-nan,-5.1299e+06,1.94635
5.07642,1.62461,1.57282,1.62466,-nan,-99617,1.62461
2.3442,0.851945,0.812441,0.851948,-4.00891e+10,-0.204844,0.851954
1.45128,0.372443,0.312803,0.37346,0.372443,0.372433,0.372443
1.80051,0.588072,0.554874,0.614182,0.588072,0.58353,0.588072
3.55962,1.26965,1.23367,1.2922,-inf,-841.346,1.26965
8.89263,2.18522,2.15678,2.18522,-nan,-8.22421e+07,2.18524
7.34678,1.99426,1.96625,2.02769,-nan,-9.02793e+06,1.99426
7.1413,1.96589,1.93064,1.98935,-nan,-6.464e+06,1.96589
8.99647,2.19683,2.16578,2.19683,-nan,-9.38761e+07,2.19685
4.94171,1.59771,1.54948,1.59774,-nan,-70670.7,1.59772
7.59967,2.02811,2.01007,2.0783,-nan,-1.34201e+07,2.02811
0.3569,-1.0303,-1.08991,-1.02955,-1.0303,-1.02855,-1.0303
5.34962,1.67702,1.62016,1.67722,-nan,-193160,1.67703
5.01604,1.61264,1.56236,1.61268,-nan,-85533.1,1.61264
2.79057,1.02625,0.967134,1.02672,-1.27314e+23,-19.9137,1.02625
1.3223,0.279372,0.223399,0.279518,0.279372,0.279371,0.279372
5.09579,1.62842,1.57618,1.62847,-nan,-104560,1.62842
7.87264,2.06339,2.05737,2.13876,-nan,-2.02419e+07,2.06339
7.82868,2.05779,2.04975,2.12853,-nan,-1.8967e+07,2.05779
8.5205,2.14248,2.12454,2.14248,-nan,-5.04324e+07,2.14251
3.79778,1.33442,1.31621,1.38429,-nan,-2103.93,1.33442
8.74893,2.16893,2.14433,2.16893,-nan,-6.82822e+07,2.16896
6.24126,1.83118,1.77468,1.83467,-nan,-1.29126e+06,1.83118
8.9812,2.19513,2.16446,2.19513,-nan,-9.20771e+07,2.19515
2.45828,0.899461,0.851976,0.899481,-1.43036e+14,-1.57408,0.899465
5.04242,1.61789,1.56693,1.61793,-nan,-91448.8,1.61789
7.66107,2.03615,2.02071,2.0913,-nan,-1.47418e+07,2.03615
7.13991,1.9657,1.9304,1.9891,-nan,-6.44923e+06,1.9657
5.90105,1.77513,1.71572,1.7765,-nan,-652121,1.77513
6.56586,1.88188,1.83092,1.8894,-nan,-2.37915e+06,1.88188
4.64061,1.53485,1.49731,1.53485,-nan,-31356.1,1.53486
8.97026,2.19391,2.1635,2.19391,-nan,-9.08079e+07,2.19393
0.563793,-0.573068,-0.604711,-0.573067,-0.573068,-0.573051,-0.573051
6.41714,1.85897,1.80515,1.86433,-nan,-1.80645e+06,1.85897
5.28467,1.66481,1.60891,1.66495,-nan,-165672,1.66481
5.20078,1.64881,1.59438,1.64891,-nan,-135394,1.64881
0.982839,-0.0173102,-0.023792,0.0569888,-0.0173102,-0.0173102,-0.0173102
0.232064,-1.46074,-1.48575,-1.42264,-1.46074,-1.44337,-1.46074
8.86603,2.18223,2.15447,2.18223,-nan,-7.94789e+07,2.18225
6.90552,1.93232,1.88978,1.94746,-nan,-4.3435e+06,1.93232
4.83742,1.57638,1.53141,1.57639,-nan,-53728.5,1.57639
6.92262,1.93479,1.89274,1.95044,-nan,-4.47295e+06,1.93479
8.332,2.1201,2.10821,2.1201,-nan,-3.89972e+07,2.12015
1.00546,0.0054492,0.00378642,0.0054492,0.0054492,0.0054492,0.00552636
4.99563,1.60856,1.55882,1.6086,-nan,-81195.5,1.60857
9.76121,2.27842,2.23204,2.27843,-nan,-2.36511e+08,2.27842
3.64516,1.2934,1.26332,1.3238,-nan,-1180.81,1.2934
4.07206,1.40415,1.39879,1.40415,-nan,-5501.39,1.40422
3.84746,1.34741,1.33342,1.40546,-nan,-2521.46,1.34741
2.60813,0.958634,0.903907,0.958739,-2.63322e+18,-5.89474,0.958635
1.42088,0.351273,0.291729,0.351955,0.351273,0.351268,0.351273
8.68972,2.16214,2.1392,2.16214,-nan,-6.31798e+07,2.16217
8.76281,2.17052,2.14553,2.17052,-nan,-6.95307e+07,2.17054
8.55826,2.1469,2.12781,2.1469,-nan,-5.30561e+07,2.14693
0.623584,-0.472272,-0.521822,-0.472241,-0.472272,-0.472269,-0.472269
6.82961,1.92127,1.87662,1.93431,-nan,-3.80855e+06,1.92127
9.55579,2.25715,2.21424,2.25715,-nan,-1.86055e+08,2.25715
2.97008,1.08859,1.02936,1.09012,-1.85607e+27,-55.3064,1.08859
0.16909,-1.77732,-1.83495,-1.77708,-1.77732,-1.7247,-1.77732
1.61552,0.479659,0.426649,0.485609,0.479659,0.47938,0.479659
9.47502,2.24866,2.20724,2.24866,-nan,-1.69034e+08,2.24867
0.795101,-0.229287,-0.28405,-0.224597,-0.229287,-0.229287,-0.229287
6.11881,1.81137,1.75346,1.81391,-nan,-1.01517e+06,1.81137
1.97669,0.681424,0.676991,0.760551,0.680959,0.644357,0.681424
3.63472,1.29053,1.25969,1.31987,-nan,-1133.64,1.29053
1.09341,0.0893045,0.0647499,0.0893046,0.0893045,0.0893045,0.0893305
6.58609,1.88496,1.83442,1.89281,-nan,-2.46851e+06,1.88496
6.06501,1.80254,1.74413,1.80473,-nan,-911657,1.80254
2.51394,0.921851,0.871267,0.92189,-6.1499e+15,-2.73348,0.921854
2.68456,0.987517,0.930401,0.987725,-2.78396e+20,-10.1206,0.987518
9.22988,2.22245,2.186,2.22245,-nan,-1.25605e+08,2.22246
7.30587,1.98868,1.95915,2.01989,-nan,-8.45447e+06,1.98868
1.67617,0.516511,0.468686,0.526626,0.516511,0.515752,0.516511
4.70811,1.54929,1.509,1.54929,-nan,-37839.8,1.54929
2.20971,0.792859,0.76583,0.792859,-1.01003e+06,0.44216,0.792881
9.31797,2.23195,2.19364,2.23195,-nan,-1.39893e+08,2.23196
0.176728,-1.73315,-1.7926,-1.73253,-1.73315,-1.68714,-1.73315
5.06068,1.6215,1.57009,1.62155,-nan,-95757.8,1.6215
4.3895,1.47921,1.45378,1.47921,-nan,-15082.8,1.47924
5.88325,1.77211,1.71263,1.77341,-nan,-628398,1.77211
4.23155,1.44257,1.42642,1.44257,-nan,-9247.45,1.44261
5.21087,1.65075,1.59612,1.65085,-nan,-138750,1.65075
1.87911,0.630796,0.609349,0.674854,0.630797,0.618578,0.630796
6.75306,1.91,1.86336,1.92117,-nan,-3.32991e+06,1.91
2.11068,0.747009,0.731508,0.747009,-188.867,0.603804,0.747051
0.214722,-1.53841,-1.58192,-1.52425,-1.53841,-1.51482,-1.53841
8.71649,2.16522,2.14153,2.16522,-nan,-6.54425e+07,2.16524
1.75377,0.561768,0.522473,0.580404,0.561768,0.559366,0.561768
6.67461,1.89831,1.84977,1.90781,-nan,-2.89629e+06,1.89831
5.50174,1.70506,1.64653,1.70542,-nan,-274284,1.70506
6.59339,1.88607,1.83569,1.89405,-nan,-2.50151e+06,1.88607
1.96952,0.677788,0.67202,0.753742,0.677567,0.64349,0.677788
1.66197,0.508006,0.458844,0.51698,0.508006,0.5074,0.508006
4.20008,1.4351,1.42096,1.4351,-nan,-8364.4,1.43515
5.63347,1.72873,1.66936,1.7293,-nan,-368043,1.72873
1.9752,0.680667,0.675955,0.759124,0.680269,0.644194,0.680667
8.86524,2.18214,2.15441,2.18214,-nan,-7.93985e+07,2.18216
5.43188,1.69228,1.63442,1.69255,-nan,-233842,1.69229
8.0932,2.09102,2.08751,2.09102,-nan,-2.78814e+07,2.0911
2.63687,0.969592,0.91387,0.969729,-1.55839e+19,-7.27062,0.969593
2.65492,0.976414,0.920121,0.976574,-4.68514e+19,-8.25932,0.976415
4.16377,1.42642,1.41467,1.42642,-nan,-7440.24,1.42647
2.35927,0.85835,0.817655,0.858355,-1.22778e+11,-0.328955,0.858359
2.58209,0.948601,0.894885,0.948682,-5.11452e+17,-4.83389,0.948602
1.39985,0.336363,0.277154,0.336871,0.336363,0.33636,0.336363
3.74525,1.32049,1.298,1.36277,-nan,-1731.07,1.32049
9.46866,2.24799,2.20669,2.24799,-nan,-1.67755e+08,2.24799
5.8136,1.7602,1.70057,1.76124,-nan,-542850,1.7602
5.72487,1.74482,1.68519,1.7456,-nan,-449113,1.74482
5.9377,1.78132,1.72207,1.78285,-nan,-703517,1.78132
9.98961,2.30155,2.25183,2.30158,-nan,-3.06803e+08,2.30155
7.42738,2.00517,1.98021,2.04336,-nan,-1.02612e+07,2.00517
4.86779,1.58264,1.53667,1.58265,-nan,-58236.5,1.58264
8.43299,2.13215,2.11696,2.13215,-nan,-4.47939e+07,2.13219
9.00808,2.19812,2.16678,2.19812,-nan,-9.52655e+07,2.19814
6.46822,1.8669,1.814,1.87293,-nan,-1.98734e+06,1.8669
3.08595,1.12686,1.0695,1.12978,-5.74041e+29,-100.778,1.12686
5.77736,1.75395,1.69428,1.75488,-nan,-502632,1.75395
8.03456,2.08375,2.08243,2.08375,-nan,-2.56316e+07,2.08383
8.05678,2.08651,2.08436,2.08651,-nan,-2.64644e+07,2.08659
5.47796,1.70073,1.64241,1.70105,-nan,-259861,1.70073
6.69878,1.90192,1.85396,1.91192,-nan,-3.02409e+06,1.90192
6.77293,1.91293,1.86681,1.92457,-nan,-3.44868e+06,1.91293
2.54614,0.934577,0.882426,0.934633,-5.08675e+16,-3.61682,0.934579
0.682177,-0.382467,-0.440599,-0.382169,-0.382467,-0.382466,-0.382466
5.54008,1.71201,1.65317,1.71242,-nan,-299054,1.71201
9.82288,2.28471,2.23738,2.28473,-nan,-2.53897e+08,2.28472
4.05299,1.39945,1.39547,1.39945,-nan,-5160.53,1.39952
9.12879,2.21143,2.17724,2.21143,-nan,-1.10839e+08,2.21145
1.06093,0.0591469,0.0422323,0.0591469,0.0591469,0.0591469,0.0591861
6.57144,1.88273,1.83189,1.89034,-nan,-2.40348e+06,1.88273
8.50401,2.14054,2.12311,2.14054,-nan,-4.93236e+07,2.14058
4.90681,1.59062,1.54343,1.59064,-nan,-64529.5,1.59063
4.78695,1.56589,1.52266,1.5659,-nan,-46925.8,1.5659
5.21923,1.65235,1.59757,1.65246,-nan,-141589,1.65235
1.46075,0.378949,0.319365,0.380094,0.378949,0.378936,0.378949
2.22104,0.797974,0.769753,0.797974,-2.57666e+06,0.411298,0.797994
9.87296,2.2898,2.24172,2.28982,-nan,-2.68851e+08,2.2898
9.44339,2.24531,2.2045,2.24532,-nan,-1.6276e+08,2.24532
5.28721,1.66529,1.60935,1.66544,-nan,-166677,1.66529
7.47928,2.01214,1.98921,2.05366,-nan,-1.11338e+07,2.01214
6.69613,1.90153,1.85349,1.91146,-nan,-3.00983e+06,1.90153
1.73463,0.550796,0.50921,0.566926,0.550796,0.548966,0.550796
9.62485,2.26435,2.22023,2.26436,-nan,-2.01815e+08,2.26435
7.85903,2.06166,2.05501,2.13557,-nan,-1.98393e+07,2.06166
3.28373,1.18898,1.13805,1.19652,-5.0747e+33,-258.709,1.18898
5.20353,1.64934,1.59485,1.64944,-nan,-136303,1.64934
3.76516,1.32579,1.30491,1.37083,-nan,-1864.71,1.32579
1.9944,0.690344,0.689266,0.777767,0.687514,0.645558,0.690344
5.95556,1.78433,1.72517,1.78593,-nan,-729863,1.78433
1.72405,0.544674,0.50187,0.55954,0.544674,0.543105,0.544674
2.98709,1.0943,1.03525,1.096,-4.39772e+27,-60.553,1.0943
2.5533,0.937388,0.884911,0.937449,-8.09278e+16,-3.83863,0.93739
8.87782,2.18356,2.1555,2.18356,-nan,-8.06931e+07,2.18358
9.19047,2.21817,2.18258,2.21817,-nan,-1.19651e+08,2.21818
4.19213,1.43321,1.41959,1.43321,-nan,-8153.54,1.43325
6.8491,1.92412,1.88001,1.93767,-nan,-3.93993e+06,1.92412
9.46967,2.24809,2.20678,2.2481,-nan,-1.67958e+08,2.2481
4.62389,1.53124,1.49441,1.53124,-nan,-29912.9,1.53125
1.87112,0.626536,0.603812,0.668407,0.626536,0.61544,0.626536
1.24937,0.22264,0.172848,0.222673,0.22264,0.22264,0.222643
6.10158,1.80855,1.75047,1.81097,-nan,-980928,1.80855
2.91198,1.06883,1.00922,1.06991,-9.20493e+25,-40.2853,1.06883
8.82199,2.17725,2.15066,2.17725,-nan,-7.50875e+07,2.17727
9.10289,2.20859,2.175,2.20859,-nan,-1.07316e+08,2.20861
8.10363,2.09231,2.08842,2.09231,-nan,-2.82998e+07,2.09238
1.68206,0.520021,0.472768,0.530644,0.520022,0.519189,0.520021
6.12823,1.81291,1.75509,1.81551,-nan,-1.03435e+06,1.81291
4.06161,1.40158,1.39697,1.40158,-nan,-5312.12,1.40165
5.95378,1.78403,1.72486,1.78562,-nan,-727195,1.78403
0.120673,-2.11467,-2.12743,-2.05412,-2.11467,-1.98954,-2.11467
0.271011,-1.3056,-1.32804,-1.3056,-1.3056,-1.29693,-1.30557
5.10695,1.6306,1.57811,1.63066,-nan,-107505,1.6306
7.91253,2.06845,2.06429,2.14822,-nan,-2.14653e+07,2.06845
6.71224,1.90393,1.85629,1.91421,-nan,-3.09748e+06,1.90393
7.3011,1.98802,1.95833,2.01899,-nan,-8.38975e+06,1.98802
7.18942,1.97261,1.93897,1.99815,-nan,-6.99701e+06,1.97261
6.68783,1.90029,1.85206,1.91005,-nan,-2.96556e+06,1.90029
4.79722,1.56804,1.52445,1.56805,-nan,-48243.4,1.56804
4.81631,1.57201,1.52775,1.57202,-nan,-50781.1,1.57201
4.50589,1.50539,1.47396,1.50539,-nan,-21315.2,1.5054
6.04255,1.79883,1.74024,1.80088,-nan,-871331,1.79883
9.49292,2.25055,2.20879,2.25055,-nan,-1.7268e+08,2.25055
1.35818,0.306148,0.248275,0.306418,0.306148,0.306147,0.306149
6.25706,1.83371,1.77742,1.83734,-nan,-1.33142e+06,1.83371
9.42993,2.24389,2.20334,2.24389,-nan,-1.60154e+08,2.2439
1.05047,0.0492376,0.0349821,0.0492376,0.0492376,0.0492376,0.0492822
7.05076,1.95313,1.91495,1.97304,-nan,-5.5591e+06,1.95313
9.41809,2.24263,2.20231,2.24264,-nan,-1.57894e+08,2.24264
5.35724,1.67845,1.62149,1.67865,-nan,-196645,1.67845
7.88871,2.06543,2.06016,2.14255,-nan,-2.07269e+07,2.06543
8.31097,2.11758,2.10638,2.11758,-nan,-3.78786e+07,2.11763
8.49108,2.13902,2.12199,2.13902,-nan,-4.84696e+07,2.13906
5.53872,1.71176,1.65293,1.71217,-nan,-298148,1.71176
0.691722,-0.368572,-0.427363,-0.368172,-0.368572,-0.368571,-0.368571
7.19908,1.97395,1.94066,1.99993,-nan,-7.10865e+06,1.97395
0.832825,-0.182932,-0.231754,-0.173673,-0.182932,-0.182932,-0.182932
4.08137,1.40643,1.40039,1.40643,-nan,-5674.81,1.4065
1.55658,0.442489,0.385792,0.445852,0.44249,0.442394,0.442489
9.69543,2.27165,2.22634,2.27167,-nan,-2.19157e+08,2.27166
0.938054,-0.0639473,-0.0858766,-0.0207205,-0.0639473,-0.0639473,-0.0639473
2.77551,1.02083,0.961919,1.02126,-5.45284e+22,-18.1606,1.02083
2.76886,1.01843,0.959614,1.01884,-3.74147e+22,-17.4299,1.01843
5.64052,1.72998,1.67057,1.73056,-nan,-373795,1.72998
9.93587,2.29615,2.24718,2.29618,-nan,-2.88759e+08,2.29615
2.03202,0.709031,0.704242,0.709031,0.590873,0.642839,0.709099
9.78155,2.2805,2.2338,2.28051,-nan,-2.42122e+08,2.2805
3.28128,1.18823,1.13721,1.19569,-4.55599e+33,-255.841,1.18823
3.75072,1.32195,1.29989,1.36497,-nan,-1766.85,1.32195
4.09684,1.41022,1.40308,1.41022,-nan,-5974.31,1.41028
9.92363,2.29492,2.24611,2.29495,-nan,-2.84785e+08,2.29492
8.16693,2.10009,2.09391,2.10009,-nan,-3.09624e+07,2.10016
8.07174,2.08837,2.08566,2.08837,-nan,-2.70384e+07,2.08844
1.77626,0.574512,0.538063,0.596489,0.574512,0.571232,0.574512
3.85698,1.34988,1.33672,1.40961,-nan,-2609.52,1.34988
1.30847,0.26886,0.213816,0.268973,0.26886,0.268859,0.268861
2.57063,0.944153,0.890919,0.944225,-2.46518e+17,-4.41683,0.944154
2.36775,0.86194,0.820595,0.861946,-2.29363e+11,-0.405113,0.861948
6.13164,1.81346,1.75568,1.81609,-nan,-1.04137e+06,1.81346
6.47263,1.86758,1.81477,1.87368,-nan,-2.00368e+06,1.86758
2.85349,1.04854,0.988943,1.04928,-4.07533e+24,-28.917,1.04854
8.94942,2.19159,2.16171,2.19159,-nan,-8.8433e+07,2.19161
7.26406,1.98294,1.95191,2.01201,-nan,-7.90239e+06,1.98294
5.43954,1.69369,1.63574,1.69397,-nan,-237998,1.69369
7.73036,2.04516,2.03271,2.10637,-nan,-1.6373e+07,2.04516
1.75098,0.560175,0.520537,0.578427,0.560175,0.557866,0.560175
8.99942,2.19716,2.16603,2.19716,-nan,-9.42272e+07,2.19718
7.44677,2.00778,1.98358,2.04719,-nan,-1.05798e+07,2.00778
1.45891,0.377692,0.318096,0.378811,0.377692,0.37768,0.377692
2.05892,0.722181,0.713571,0.722182,-0.846085,0.63543,0.722239
1.13194,0.12393,0.0914505,0.123931,0.12393,0.12393,0.123945
4.60592,1.52734,1.49129,1.52734,-nan,-28429.4,1.52735
2.09464,0.739379,0.725945,0.739379,-43.2173,0.61646,0.739426
9.25654,2.22533,2.18832,2.22533,-nan,-1.29784e+08,2.22534
5.67815,1.73663,1.6771,1.7373,-nan,-405867,1.73663
1.15025,0.139982,0.104148,0.139984,0.139982,0.139982,0.139994
8.47424,2.13703,2.12053,2.13703,-nan,-4.73771e+07,2.13707
2.61078,0.959649,0.904827,0.959756,-3.10608e+18,-6.01207,0.95965
2.555,0.938051,0.885493,0.938113,-9.02846e+16,-3.89248,0.938053
3.76509,1.32577,1.30488,1.3708,-nan,-1864.22,1.32577
7.31514,1.98995,1.96076,2.02165,-nan,-8.58135e+06,1.98995
9.84522,2.28699,2.23932,2.28701,-nan,-2.60473e+08,2.28699
0.598975,-0.512536,-0.555937,-0.512527,-0.512536,-0.51253,-0.51253
4.87081,1.58326,1.53719,1.58328,-nan,-58704.4,1.58327
4.77169,1.5627,1.52001,1.56271,-nan,-45027.6,1.56271
7.08427,1.95788,1.92076,1.97904,-nan,-5.8798e+06,1.95788
1.11786,0.111412,0.0816936,0.111413,0.111412,0.111412,0.111431
1.52591,0.422588,0.364527,0.425023,0.422588,0.422536,0.422588
9.15742,2.21456,2.17973,2.21457,-nan,-1.14854e+08,2.21458
8.55159,2.14612,2.12724,2.14612,-nan,-5.25842e+07,2.14615
9.19592,2.21876,2.18306,2.21876,-nan,-1.20459e+08,2.21877
6.01061,1.79353,1.73471,1.79541,-nan,-816756,1.79353
9.7578,2.27807,2.23174,2.27808,-nan,-2.35582e+08,2.27807
7.42698,2.00512,1.98015,2.04328,-nan,-1.02549e+07,2.00512
5.52472,1.70923,1.65051,1.70962,-nan,-288898,1.70923
2.28451,0.826151,0.791753,0.826152,-4.18514e+08,0.168913,0.826164
6.08307,1.80551,1.74726,1.80781,-nan,-945292,1.80551
1.22468,0.202679,0.155735,0.202697,0.202679,0.202679,0.202684
3.61696,1.28563,1.25355,1.31323,-nan,-1057.31,1.28563
0.115899,-2.15504,-2.18038,-2.11747,-2.15504,-2.01844,-2.15504
9.53031,2.25448,2.21203,2.25448,-nan,-1.80526e+08,2.25448
2.26322,0.81679,0.78437,0.81679,-7.81273e+07,0.26498,0.816805
4.04847,1.39834,1.39469,1.39834,-nan,-5082.64,1.39841
4.05353,1.39959,1.39557,1.39959,-nan,-5170.05,1.39966
5.71706,1.74345,1.68383,1.74422,-nan,-441609,1.74345
7.84764,2.06021,2.05304,2.13292,-nan,-1.95078e+07,2.06021
7.21437,1.97608,1.9433,2.00275,-nan,-7.28877e+06,1.97608
3.18839,1.15952,1.10501,1.16439,-7.04205e+31,-166.138,1.15952
3.59938,1.28076,1.24746,1.30672,-nan,-986.331,1.28076
3.35064,1.20915,1.16125,1.21919,-9.19122e+34,-348.949,1.20915
2.58472,0.949619,0.895795,0.949702,-6.04265e+17,-4.93374,0.94962
4.97051,1.60352,1.55447,1.60355,-nan,-76126.9,1.60353
6.66957,1.89756,1.84889,1.90695,-nan,-2.87024e+06,1.89756
6.8306,1.92141,1.87679,1.93448,-nan,-3.81512e+06,1.92141
5.40007,1.68641,1.62891,1.68665,-nan,-217277,1.68641
7.13269,1.96469,1.92915,1.98778,-nan,-6.37261e+06,1.96469
6.80978,1.91836,1.87319,1.9309,-nan,-3.67896e+06,1.91836
8.87471,2.18321,2.15523,2.18321,-nan,-8.03718e+07,2.18323
9.57299,2.25895,2.21573,2.25895,-nan,-1.89874e+08,2.25895
2.37652,0.865638,0.823641,0.865645,-4.35868e+11,-0.488915,0.865646
2.83046,1.04044,0.980968,1.04107,-1.162e+24,-25.2796,1.04044
6.39137,1.85495,1.80069,1.85999,-nan,-1.72091e+06,1.85495
8.15751,2.09894,2.09309,2.09894,-nan,-3.05523e+07,2.099
1.96511,0.675549,0.668964,0.749606,0.675409,0.642857,0.675549
2.72695,1.00318,0.945092,1.00348,-3.37195e+21,-13.378,1.00318
4.9604,1.60149,1.55272,1.60151,-nan,-74169.1,1.60149
2.2424,0.807547,0.777157,0.807548,-1.47157e+07,0.34385,0.807565
6.24267,1.83141,1.77492,1.83491,-nan,-1.29481e+06,1.83141
2.56922,0.943601,0.890422,0.943672,-2.25156e+17,-4.36722,0.943603
2.7443,1.00953,0.9511,1.00986,-9.19759e+21,-14.9456,1.00953
6.97034,1.94166,1.90101,1.9588,-nan,-4.85284e+06,1.94166
1.36541,0.311458,0.253288,0.311761,0.311458,0.311457,0.311459
6.11722,1.81111,1.75319,1.81363,-nan,-1.01196e+06,1.81111
1.61678,0.480437,0.427521,0.486456,0.480437,0.480152,0.480437
8.7872,2.1733,2.14765,2.1733,-nan,-7.17739e+07,2.17332
2.23195,0.802876,0.77354,0.802876,-6.29917e+06,0.378429,0.802895
0.270841,-1.30622,-1.32851,-1.30622,-1.30622,-1.29753,-1.30619
0.985872,-0.0142288,-0.0195878,0.0626988,-0.0142288,-0.0142288,-0.0142288
1.51792,0.417342,0.358996,0.419574,0.417342,0.417297,0.417342
5.73734,1.74699,1.68736,1.74781,-nan,-461338,1.747
7.83559,2.05868,2.05095,2.13012,-nan,-1.91625e+07,2.05868
7.51172,2.01646,1.99483,2.06019,-nan,-1.17123e+07,2.01646
5.75414,1.74992,1.69027,1.75078,-nan,-478289,1.74992
1.27052,0.239424,0.187507,0.239477,0.239424,0.239424,0.239426
2.98308,1.09295,1.03385,1.09461,-3.59028e+27,-59.2769,1.09295
6.00561,1.79269,1.73384,1.79455,-nan,-808502,1.79269
6.01924,1.79496,1.7362,1.79689,-nan,-831193,1.79496
4.34771,1.46965,1.44655,1.46965,-nan,-13282.3,1.46968
7.42673,2.00509,1.98011,2.04323,-nan,-1.02508e+07,2.00509
3.4233,1.2306,1.18643,1.24409,-1.94694e+36,-478.115,1.2306
1.14402,0.134548,0.0998271,0.134549,0.134548,0.134548,0.134561
2.05094,0.7183,0.7108,0.7183,-0.0152079,0.638176,0.71836
6.13294,1.81368,1.7559,1.81631,-nan,-1.04407e+06,1.81368
8.54714,2.1456,2.12685,2.1456,-nan,-5.22715e+07,2.14563
1.91212,0.648213,0.632231,0.702315,0.648212,0.630184,0.648213
9.2021,2.21943,2.1836,2.21943,-nan,-1.21381e+08,2.21944
4.5192,1.50834,1.47627,1.50834,-nan,-22158.4,1.50835
4.06636,1.40275,1.39779,1.40275,-nan,-5397.36,1.40282
0.318161,-1.1452,-1.19731,-1.14514,-1.1452,-1.14155,-1.1452
2.40713,0.878435,0.834249,0.878445,-3.96652e+12,-0.825754,0.87844
7.61566,2.03021,2.01284,2.08165,-nan,-1.37535e+07,2.03021
9.15653,2.21447,2.17964,2.21447,-nan,-1.14728e+08,2.21448
1.42483,0.354054,0.294473,0.354774,0.354054,0.354049,0.354054
8.36878,2.12451,2.11139,2.12451,-nan,-4.10253e+07,2.12456
2.44783,0.895204,0.848359,0.895221,-6.95101e+13,-1.39968,0.895208
1.11664,0.110321,0.0808474,0.110322,0.110321,0.110321,0.11034
2.29646,0.831368,0.795888,0.831369,-1.06082e+09,0.107282,0.83138
3.44845,1.23792,1.19514,1.25281,-5.48335e+36,-531.956,1.23792
3.79697,1.3342,1.31593,1.38395,-nan,-2097.64,1.3342
0.996725,-0.00328035,-0.00454264,0.0836787,-0.00328035,-0.00328035,-0.00328035
3.53847,1.26369,1.22634,1.28458,-2.04985e+38,-772.328,1.26369
0.427931,-0.848794,-0.892965,-0.835295,-0.848794,-0.84838,-0.848794
4.05336,1.39954,1.39554,1.39954,-nan,-5166.93,1.39962
4.37489,1.47588,1.45126,1.47588,-nan,-14429.7,1.47591
5.52834,1.70989,1.65113,1.71028,-nan,-291265,1.70989
4.75826,1.55988,1.51769,1.55989,-nan,-43414.3,1.55989
8.22747,2.10748,2.09915,2.10748,-nan,-3.37171e+07,2.10754
3.32754,1.20223,1.15324,1.21134,-3.41261e+34,-315.019,1.20223
3.49174,1.2504,1.21014,1.26797,-3.18037e+37,-637.539,1.2504
7.89661,2.06643,2.06152,2.14443,-nan,-2.09693e+07,2.06643
3.25959,1.1816,1.12969,1.18837,-1.74757e+33,-231.702,1.1816
0.36849,-0.998341,-1.05777,-0.996995,-0.998341,-0.99695,-0.998341
2.44496,0.894027,0.847354,0.894044,-5.69209e+13,-1.35371,0.894032
0.221528,-1.5072,-1.54418,-1.48586,-1.5072,-1.48628,-1.5072
1.7523,0.56093,0.521457,0.579364,0.56093,0.558577,0.56093
7.71539,2.04322,2.03012,2.10308,-nan,-1.60074e+07,2.04322
3.21171,1.16681,1.11309,1.17224,-2.0396e+32,-185.5,1.16681
3.60712,1.28291,1.25013,1.30958,-nan,-1017.02,1.28291
6.17527,1.82055,1.76324,1.8235,-nan,-1.13507e+06,1.82055
8.82612,2.17772,2.15102,2.17772,-nan,-7.54897e+07,2.17774
0.777205,-0.252052,-0.308857,-0.248763,-0.252052,-0.252052,-0.252052
5.62156,1.72661,1.66729,1.72716,-nan,-358514,1.72661
6.2527,1.83301,1.77666,1.83661,-nan,-1.32023e+06,1.83301
2.41497,0.881689,0.836968,0.8817,-6.93275e+12,-0.92434,0.881694
5.12148,1.63344,1.58063,1.63351,-nan,-111452,1.63344
0.709711,-0.342897,-0.402429,-0.342229,-0.342897,-0.342897,-0.342897
2.6547,0.976332,0.920047,0.976492,-4.62396e+19,-8.24684,0.976333
1.26756,0.237094,0.18546,0.237144,0.237094,0.237094,0.237096
6.50524,1.87261,1.82042,1.87917,-nan,-2.12845e+06,1.87261
0.231507,-1.46314,-1.48884,-1.42613,-1.46314,-1.4456,-1.46314
6.72517,1.90586,1.85853,1.91641,-nan,-3.16949e+06,1.90586
3.66417,1.2986,1.26991,1.33102,-nan,-1271.23,1.2986
0.92506,-0.0778962,-0.103889,-0.041355,-0.0778962,-0.0778962,-0.0778962
8.9117,2.18736,2.15844,2.18736,-nan,-8.42758e+07,2.18738
6.09382,1.80727,1.74912,1.80965,-nan,-965838,1.80727
6.07752,1.8046,1.7463,1.80686,-nan,-934839,1.8046
5.51975,1.70833,1.64965,1.70871,-nan,-285682,1.70833
4.30814,1.46051,1.4397,1.46051,-nan,-11758.3,1.46054
2.22719,0.80074,0.771879,0.80074,-4.26877e+06,0.393166,0.80076
6.0199,1.79507,1.73632,1.797,-nan,-832308,1.79507
1.24625,0.220142,0.17069,0.220173,0.220142,0.220142,0.220145
8.35985,2.12344,2.11062,2.12344,-nan,-4.05244e+07,2.12349
6.20922,1.82603,1.76912,1.82925,-nan,-1.21315e+06,1.82603
2.74714,1.01056,0.952083,1.0109,-1.08292e+22,-15.2165,1.01056
7.5963,2.02766,2.00949,2.07759,-nan,-1.33507e+07,2.02766
0.30774,-1.1785,-1.22621,-1.17848,-1.1785,-1.17407,-1.1785
0.921295,-0.0819747,-0.109108,-0.0472049,-0.0819747,-0.0819747,-0.0819747
7.06431,1.95505,1.9173,1.97546,-nan,-5.68683e+06,1.95505
6.74496,1.90879,1.86196,1.91979,-nan,-3.28257e+06,1.90879
8.69387,2.16262,2.13956,2.16262,-nan,-6.35255e+07,2.16265
6.72898,1.90642,1.85919,1.91706,-nan,-3.19099e+06,1.90642
4.59935,1.52592,1.49016,1.52592,-nan,-27903.9,1.52593
4.11621,1.41493,1.40643,1.41493,-nan,-6369.11,1.41499
0.877892,-0.130232,-0.169278,-0.111315,-0.130232,-0.130232,-0.130232
9.34795,2.23516,2.19623,2.23516,-nan,-1.45079e+08,2.23517
5.9216,1.77861,1.71929,1.78006,-nan,-680505,1.77861
1.10473,0.0996039,0.0725977,0.0996041,0.0996039,0.0996039,0.0996262
5.61673,1.72575,1.66646,1.72629,-nan,-354718,1.72575
0.259673,-1.34833,-1.35948,-1.34833,-1.34833,-1.3377,-1.34828
8.80869,2.17574,2.14951,2.17574,-nan,-7.38051e+07,2.17576
6.36113,1.85021,1.79545,1.8549,-nan,-1.62524e+06,1.85021
1.71232,0.537851,0.493747,0.551413,0.537851,0.536532,0.537851
8.32592,2.11937,2.10768,2.11937,-nan,-3.86708e+07,2.11942
8.02455,2.08251,2.08157,2.08251,-nan,-2.52643e+07,2.08258
4.73107,1.55415,1.51298,1.55416,-nan,-40306.8,1.55416
4.81854,1.57247,1.52814,1.57248,-nan,-51085.4,1.57248
1.79742,0.586354,0.552732,0.611904,0.586354,0.581994,0.586354
6.25303,1.83307,1.77672,1.83666,-nan,-1.32107e+06,1.83307
9.97748,2.30033,2.25077,2.30036,-nan,-3.02643e+08,2.30033
3.77918,1.32951,1.30976,1.37657,-nan,-1964.31,1.32951
5.73646,1.74684,1.6872,1.74766,-nan,-460470,1.74684
7.82664,2.05753,2.0494,2.12806,-nan,-1.89097e+07,2.05753
2.57052,0.944109,0.890876,0.944182,-2.44766e+17,-4.41291,0.944111
9.49305,2.25056,2.2088,2.25057,-nan,-1.72708e+08,2.25057
2.72401,1.0021,0.944066,1.00239,-2.84211e+21,-13.1269,1.0021
9.48034,2.24922,2.2077,2.24923,-nan,-1.70111e+08,2.24923
6.72187,1.90537,1.85796,1.91585,-nan,-3.15097e+06,1.90537
5.7839,1.75508,1.69542,1.75603,-nan,-509677,1.75508
7.67957,2.03856,2.02391,2.09528,-nan,-1.51623e+07,2.03856
8.54551,2.14541,2.12671,2.14541,-nan,-5.21568e+07,2.14544
4.852,1.57939,1.53393,1.5794,-nan,-55852.1,1.5794
8.45491,2.13475,2.11886,2.13475,-nan,-4.61504e+07,2.13479
7.39328,2.00057,1.9743,2.03668,-nan,-9.72202e+06,2.00057
7.92571,2.07011,2.06657,2.15139,-nan,-2.18839e+07,2.07011
6.19191,1.82324,1.76612,1.82632,-nan,-1.17277e+06,1.82324
6.90583,1.93237,1.88984,1.94751,-nan,-4.34582e+06,1.93237
8.5877,2.15033,2.13036,2.15033,-nan,-5.51871e+07,2.15036
8.19614,2.10366,2.09644,2.10366,-nan,-3.22651e+07,2.10372
1.35424,0.303243,0.245541,0.303496,0.303243,0.303242,0.303243
5.05143,1.61967,1.5685,1.61972,-nan,-93552.4,1.61967
0.684076,-0.379686,-0.437966,-0.37937,-0.379686,-0.379686,-0.379686
8.33438,2.12039,2.10841,2.12039,-nan,-3.91259e+07,2.12044
8.30939,2.11739,2.10625,2.11739,-nan,-3.77962e+07,2.11744
8.33216,2.12012,2.10822,2.12012,-nan,-3.90059e+07,2.12017
9.72176,2.27437,2.22862,2.27438,-nan,-2.25962e+08,2.27437
1.32935,0.284688,0.228285,0.284854,0.284688,0.284688,0.284689
8.35839,2.12327,2.11049,2.12327,-nan,-4.04427e+07,2.12331
6.76291,1.91145,1.86508,1.92286,-nan,-3.38832e+06,1.91145
2.59299,0.95281,0.898661,0.9529,-1.01839e+18,-5.25775,0.952811
4.22179,1.44026,1.42473,1.44026,-nan,-8964.96,1.4403
3.46424,1.24249,1.20061,1.25832,-1.04504e+37,-568.499,1.24249
4.56283,1.51794,1.48382,1.51794,-nan,-25137.3,1.51796
6.09793,1.80795,1.74983,1.81035,-nan,-973805,1.80795
3.33707,1.20509,1.15654,1.21458,-5.14339e+34,-328.65,1.20509
4.85694,1.58041,1.53479,1.58042,-nan,-56588.7,1.58041
6.81104,1.91854,1.87341,1.93111,-nan,-3.6871e+06,1.91854
8.77073,2.17142,2.14622,2.17142,-nan,-7.02523e+07,2.17145
8.8962,2.18562,2.15709,2.18562,-nan,-8.26197e+07,2.18564
7.04051,1.95168,1.91318,1.97121,-nan,-5.46421e+06,1.95168
6.17222,1.82006,1.76272,1.82298,-nan,-1.12828e+06,1.82006
0.388078,-0.946548,-1.00346,-0.943329,-0.946547,-0.945606,-0.946548
8.36397,2.12393,2.11098,2.12393,-nan,-4.07546e+07,2.12398
3.6752,1.30161,1.27373,1.33524,-nan,-1326.49,1.30161
1.82303,0.600502,0.570485,0.630996,0.600502,0.594412,0.600502
8.74166,2.1681,2.1437,2.1681,-nan,-6.76357e+07,2.16813
8.64921,2.15747,2.13569,2.15747,-nan,-5.98891e+07,2.1575
2.91523,1.06995,1.01034,1.07105,-1.09187e+26,-41.02,1.06995
8.03918,2.08433,2.08284,2.08433,-nan,-2.58029e+07,2.08441
1.2764,0.244041,0.191584,0.244101,0.244041,0.244041,0.244043
3.83529,1.34425,1.32921,1.4002,-nan,-2412.86,1.34425
3.91074,1.36373,1.35536,1.43373,-nan,-3160.93,1.36373
2.8927,1.06219,1.00253,1.06314,-3.32947e+25,-36.1678,1.06219
5.83324,1.76357,1.70397,1.76468,-nan,-565840,1.76357
2.64462,0.972528,0.916556,0.972675,-2.50418e+19,-7.6828,0.972529
8.72008,2.16563,2.14183,2.16563,-nan,-6.57513e+07,2.16566
7.40122,2.00165,1.97569,2.03823,-nan,-9.84535e+06,2.00165
3.0541,1.11648,1.05847,1.11895,-1.22595e+29,-85.7884,1.11649
1.2563,0.228172,0.177655,0.228211,0.228172,0.228172,0.228175
6.55152,1.8797,1.82844,1.88698,-nan,-2.31754e+06,1.8797
1.8111,0.593936,0.562214,0.622038,0.593936,0.588717,0.593936
6.12532,1.81243,1.75458,1.81501,-nan,-1.0284e+06,1.81243
8.60789,2.15268,2.13211,2.15268,-nan,-5.66927e+07,2.15271
6.5788,1.88385,1.83317,1.89158,-nan,-2.43598e+06,1.88385
2.71524,0.99888,0.941031,0.999147,-1.70361e+21,-12.401,0.99888
2.04961,0.717649,0.710345,0.717649,0.0720185,0.638588,0.71771
4.48395,1.5005,1.47016,1.50051,-nan,-19987.8,1.50052
6.07183,1.80366,1.74532,1.80589,-nan,-924243,1.80366
5.22481,1.65342,1.59853,1.65353,-nan,-143511,1.65342
8.98093,2.1951,2.16443,2.1951,-nan,-9.20459e+07,2.19512
2.50323,0.917581,0.867555,0.917616,-3.01481e+15,-2.47702,0.917584
1.09715,0.0927199,0.0673411,0.09272,0.0927199,0.0927199,0.0927446
9.84149,2.28661,2.23899,2.28663,-nan,-2.59362e+08,2.28661
8.31102,2.11758,2.10639,2.11758,-nan,-3.78816e+07,2.11763
5.09528,1.62831,1.57609,1.62837,-nan,-104425,1.62832
6.65406,1.89523,1.84621,1.90432,-nan,-2.79144e+06,1.89523
4.94909,1.5992,1.55076,1.59923,-nan,-72033.2,1.59921
8.76553,2.17083,2.14577,2.17083,-nan,-6.97776e+07,2.17085
4.84311,1.57756,1.53239,1.57757,-nan,-54547.8,1.57756
1.77433,0.573421,0.536725,0.595093,0.573421,0.570227,0.573421
9.36378,2.23685,2.1976,2.23685,-nan,-1.47886e+08,2.23686
8.2703,2.11267,2.10286,2.11267,-nan,-3.57972e+07,2.11273
7.95159,2.07337,2.07105,2.15767,-nan,-2.2727e+07,2.07337
6.4455,1.86338,1.81007,1.86911,-nan,-1.90495e+06,1.86338
6.13667,1.81428,1.75655,1.81694,-nan,-1.0518e+06,1.81428
4.2223,1.44038,1.42481,1.44038,-nan,-8979.51,1.44042
5.07741,1.6248,1.57299,1.62485,-nan,-99864.4,1.6248
5.28717,1.66528,1.60934,1.66543,-nan,-166662,1.66528
0.810843,-0.209681,-0.262225,-0.203387,-0.209681,-0.209681,-0.209681
2.5813,0.948295,0.89461,0.948375,-4.86421e+17,-4.80419,0.948296
9.28656,2.22857,2.19092,2.22857,-nan,-1.34639e+08,2.22858
0.234206,-1.45156,-1.47387,-1.409,-1.45156,-1.43483,-1.45156
1.03527,0.0346665,0.0244478,0.0346665,0.0346665,0.0346665,0.0347204
7.99347,2.07862,2.07831,2.168,-nan,-2.41537e+07,2.07862
2.20743,0.791829,0.765036,0.791829,-836025,0.447977,0.791852
1.78727,0.580689,0.545694,0.60447,0.580689,0.576882,0.580689
3.85603,1.34964,1.33639,1.4092,-nan,-2600.6,1.34964
9.47386,2.24854,2.20714,2.24854,-nan,-1.68801e+08,2.24854
6.83954,1.92272,1.87835,1.93602,-nan,-3.87497e+06,1.92272
8.02806,2.08294,2.08187,2.08294,-nan,-2.53926e+07,2.08302
4.2642,1.45025,1.43208,1.45025,-nan,-10251.8,1.45029
8.24729,2.10988,2.10087,2.10988,-nan,-3.46656e+07,2.10994
0.512172,-0.669095,-0.676272,-0.669095,-0.669095,-0.669033,-0.669033
1.58679,0.461714,0.406733,0.466252,0.461714,0.461546,0.461714
2.80391,1.03101,0.971756,1.03154,-2.68089e+23,-21.5854,1.03101
2.00069,0.693491,0.69339,0.693491,0.68816,0.645634,0.693573
3.37015,1.21496,1.168,1.22585,-2.10613e+35,-380.125,1.21496
2.48119,0.908736,0.859908,0.908763,-6.84126e+14,-2.00138,0.90874
5.01865,1.61316,1.56282,1.6132,-nan,-86101.8,1.61316
1.52048,0.419024,0.360767,0.42132,0.419024,0.418977,0.419024
6.56524,1.88179,1.83082,1.88929,-nan,-2.37646e+06,1.88179
2.93826,1.07782,1.01832,1.07909,-3.62309e+26,-46.5631,1.07782
8.92855,2.18925,2.1599,2.18925,-nan,-8.61108e+07,2.18927
9.17306,2.21627,2.18108,2.21627,-nan,-1.17101e+08,2.21628
4.04441,1.39734,1.39399,1.39734,-nan,-5013.54,1.39741
3.83703,1.3447,1.32982,1.40094,-nan,-2428.06,1.3447
3.12088,1.13811,1.08161,1.14161,-3.03678e+30,-119.863,1.13811
1.8112,0.593992,0.562283,0.622114,0.593992,0.588766,0.593992
0.636098,-0.452403,-0.504477,-0.452348,-0.452403,-0.452401,-0.452401
4.24518,1.44578,1.42878,1.44578,-nan,-9655.54,1.44582
1.3485,0.298996,0.241564,0.299226,0.298996,0.298995,0.298997
7.87064,2.06314,2.05702,2.13829,-nan,-2.01822e+07,2.06314
0.368672,-0.997848,-1.05727,-0.99649,-0.997848,-0.996462,-0.997848
4.8767,1.58447,1.53822,1.58448,-nan,-59623.3,1.58447
6.77691,1.91352,1.8675,1.92526,-nan,-3.47291e+06,1.91352
4.37372,1.47561,1.45105,1.47561,-nan,-14378.6,1.47564
5.37448,1.68166,1.62447,1.68187,-nan,-204725,1.68166
5.67416,1.73592,1.6764,1.73658,-nan,-402346,1.73592
9.30036,2.23005,2.19211,2.23006,-nan,-1.36925e+08,2.23006
3.96244,1.37686,1.37327,1.45805,-nan,-3787.85,1.37686
4.87242,1.58359,1.53748,1.58361,-nan,-58953.6,1.5836
6.00723,1.79296,1.73412,1.79483,-nan,-811160,1.79296
7.11143,1.9617,1.92547,1.98393,-nan,-6.15178e+06,1.9617
6.99131,1.94467,1.90465,1.96249,-nan,-5.02876e+06,1.94467
1.70435,0.533185,0.488221,0.545915,0.533185,0.532014,0.533185
2.71485,0.998738,0.940893,0.999004,-1.66567e+21,-12.3699,0.998739
4.15722,1.42485,1.41354,1.42485,-nan,-7283.78,1.4249
0.346161,-1.06085,-1.11968,-1.06044,-1.06085,-1.0587,-1.06085
0.384543,-0.955701,-1.01326,-0.952923,-0.9557,-0.954689,-0.955701
9.30276,2.23031,2.19231,2.23031,-nan,-1.37326e+08,2.23032
5.03392,1.6162,1.56546,1.61624,-nan,-89504.8,1.6162
7.40105,2.00162,1.97565,2.0382,-nan,-9.84265e+06,2.00162
7.99639,2.07899,2.07882,2.16873,-nan,-2.42564e+07,2.07899
0.26822,-1.31595,-1.33578,-1.31595,-1.31595,-1.30683,-1.31591
9.11924,2.21039,2.17642,2.21039,-nan,-1.09529e+08,2.2104
9.59989,2.26175,2.21806,2.26176,-nan,-1.95986e+08,2.26176
2.22313,0.798917,0.770483,0.798918,-3.06134e+06,0.405229,0.798938
1.88103,0.63182,0.610687,0.676419,0.63182,0.619316,0.63182
3.52204,1.25904,1.22064,1.2787,-1.06865e+38,-722.255,1.25904
3.32594,1.20175,1.15268,1.2108,-3.18578e+34,-312.789,1.20175
3.04125,1.11227,1.05402,1.11457,-6.53081e+28,-80.3261,1.11227
6.57218,1.88285,1.83202,1.89046,-nan,-2.40675e+06,1.88285
2.49646,0.914873,0.865207,0.914905,-1.91617e+15,-2.32371,0.914876
6.47888,1.86855,1.81585,1.87473,-nan,-2.02709e+06,1.86855
3.48273,1.24782,1.20702,1.26479,-2.21161e+37,-614.131,1.24782
8.41145,2.12959,2.1151,2.12959,-nan,-4.34962e+07,2.12964
3.6696,1.30008,1.27178,1.33309,-nan,-1298.15,1.30008
9.83305,2.28575,2.23826,2.28577,-nan,-2.56871e+08,2.28575
4.65419,1.53777,1.49965,1.53777,-nan,-32573.5,1.53778
4.15176,1.42353,1.41259,1.42353,-nan,-7155.42,1.42358
1.49063,0.399198,0.34008,0.400838,0.399198,0.399173,0.399198
2.99531,1.09705,1.03809,1.09883,-6.65416e+27,-63.2427,1.09705
3.13529,1.14272,1.08661,1.14648,-5.99148e+30,-128.638,1.14272
8.76378,2.17063,2.14562,2.17063,-nan,-6.96181e+07,2.17065
1.4581,0.377135,0.31753,0.378243,0.377135,0.377123,0.377135
1.28183,0.248289,0.19535,0.248356,0.248289,0.248289,0.24829
6.09249,1.80706,1.74889,1.80942,-nan,-963290,1.80706
9.16348,2.21523,2.18025,2.21523,-nan,-1.1572e+08,2.21524
3.7632,1.32527,1.30423,1.37003,-nan,-1851.19,1.32527
7.55789,2.02259,2.00284,2.06963,-nan,-1.25828e+07,2.02259
2.41821,0.883028,0.838089,0.88304,-8.72083e+12,-0.966592,0.883034
1.39365,0.331929,0.27286,0.332393,0.331929,0.331926,0.331929
4.68481,1.54433,1.50496,1.54433,-nan,-35477,1.54433
5.62564,1.72734,1.668,1.72789,-nan,-361758,1.72734
4.53381,1.51156,1.4788,1.51156,-nan,-23118.3,1.51158
1.60448,0.472802,0.418997,0.478173,0.472803,0.472572,0.472802
7.04705,1.95261,1.91431,1.97238,-nan,-5.52465e+06,1.95261
1.27464,0.24266,0.190363,0.242718,0.24266,0.24266,0.242662
7.65209,2.03498,2.01916,2.08938,-nan,-1.45414e+07,2.03498
2.34543,0.852469,0.812864,0.852473,-4.3946e+10,-0.214468,0.852478
7.46207,2.00983,1.98623,2.05022,-nan,-1.08373e+07,2.00983
6.06542,1.8026,1.74421,1.8048,-nan,-912411,1.8026
9.68131,2.2702,2.22511,2.27021,-nan,-2.15584e+08,2.2702
0.90818,-0.0963129,-0.127289,-0.0671767,-0.0963129,-0.0963129,-0.0963129
3.2303,1.17257,1.11953,1.1785,-4.72162e+32,-202.351,1.17257
7.29239,1.98683,1.95682,2.01734,-nan,-8.27274e+06,1.98683
1.31592,0.274536,0.218978,0.274666,0.274536,0.274536,0.274537
1.62877,0.487826,0.435829,0.494536,0.487826,0.487475,0.487826
0.476761,-0.740739,-0.75758,-0.688292,-0.740739,-0.740598,-0.740739
3.88997,1.3584,1.34816,1.42428,-nan,-2936.53,1.3584
8.14701,2.09765,2.09218,2.09765,-nan,-3.01011e+07,2.09772
9.51914,2.2533,2.21107,2.25331,-nan,-1.78151e+08,2.25331
4.63335,1.53328,1.49605,1.53328,-nan,-30721.6,1.53329
6.33438,1.84599,1.79081,1.85039,-nan,-1.54461e+06,1.84599
7.15292,1.96752,1.93266,1.99147,-nan,-6.58932e+06,1.96752
1.39241,0.331035,0.271998,0.331491,0.331035,0.331033,0.331035
9.63245,2.26514,2.22088,2.26515,-nan,-2.03622e+08,2.26514
0.176883,-1.73227,-1.79174,-1.73164,-1.73227,-1.68639,-1.73227
1.88976,0.636451,0.616737,0.68357,0.636452,0.622576,0.636451
4.01285,1.3895,1.38853,1.3895,-nan,-4504.72,1.38958
9.99258,2.30184,2.25208,2.30188,-nan,-3.0783e+08,2.30185
2.09953,0.741713,0.727637,0.741713,-68.0758,0.612899,0.741758
3.38922,1.2206,1.17461,1.23237,-4.70454e+35,-412.983,1.2206
8.30768,2.11718,2.10609,2.11718,-nan,-3.77062e+07,2.11723
3.64308,1.29283,1.26259,1.32301,-nan,-1171.25,1.29283
0.432661,-0.8378,-0.87985,-0.822156,-0.8378,-0.837426,-0.8378
0.295156,-1.22025,-1.26109,-1.22025,-1.22025,-1.21466,-1.22024
3.38665,1.21984,1.17373,1.23149,-4.22322e+35,-408.411,1.21984
8.36158,2.12365,2.11077,2.12365,-nan,-4.0621e+07,2.1237
2.21262,0.794176,0.766834,0.794176,-1.28588e+06,0.434533,0.794198
9.77738,2.28007,2.23344,2.28009,-nan,-2.40964e+08,2.28008
5.60496,1.72365,1.66442,1.72417,-nan,-345603,1.72365
1.25372,0.226117,0.175867,0.226154,0.226117,0.226117,0.22612
6.5613,1.88119,1.83013,1.88863,-nan,-2.35937e+06,1.88119
0.315167,-1.15465,-1.20561,-1.15461,-1.15465,-1.15079,-1.15465
0.716814,-0.332939,-0.392582,-0.33213,-0.332939,-0.332939,-0.332939
2.72146,1.00117,0.943188,1.00145,-2.4503e+21,-12.9125,1.00117
0.365315,-1.00699,-1.06657,-1.00584,-1.00699,-1.00551,-1.00699
1.03247,0.0319571,0.022507,0.0319571,0.0319571,0.0319571,0.0320128
1.54388,0.4343,0.376992,0.437249,0.4343,0.434226,0.4343
7.86483,2.0624,2.05601,2.13693,-nan,-2.001e+07,2.0624
7.9025,2.06718,2.06254,2.14583,-nan,-2.11514e+07,2.06718
8.77986,2.17246,2.14702,2.17246,-nan,-7.10923e+07,2.17249
2.05597,0.720747,0.712545,0.720747,-0.463941,0.636503,0.720806
0.260532,-1.34503,-1.35709,-1.34503,-1.34503,-1.33456,-1.34498
0.959087,-0.0417737,-0.0567169,0.0143577,-0.0417737,-0.0417737,-0.0417737
1.93381,0.659491,0.647266,0.721151,0.659486,0.636394,0.659491
1.04985,0.0486492,0.0345537,0.0486492,0.0486492,0.0486492,0.0486942
0.871803,-0.137192,-0.177718,-0.119923,-0.137192,-0.137192,-0.137192
2.42673,0.886545,0.84104,0.886558,-1.59119e+13,-1.08237,0.88655
3.09348,1.1293,1.07212,1.13233,-8.2391e+29,-104.644,1.1293
1.655,0.503801,0.454011,0.512255,0.503801,0.50326,0.503801
3.59767,1.28029,1.24685,1.30609,-nan,-979.646,1.28029
5.21222,1.65101,1.59636,1.65111,-nan,-139205,1.65101
3.44738,1.23761,1.19477,1.25244,-5.24862e+36,-529.563,1.23761
4.15754,1.42492,1.41359,1.42492,-nan,-7291.36,1.42498
1.05543,0.0539448,0.0384195,0.0539448,0.0539448,0.0539448,0.0539867
5.06805,1.62296,1.57137,1.623,-nan,-97546.9,1.62296
1.82509,0.601628,0.571908,0.632549,0.601628,0.595375,0.601628
3.4179,1.22903,1.18456,1.24223,-1.55709e+36,-467.229,1.22903
0.589884,-0.527829,-0.568539,-0.527824,-0.527829,-0.527821,-0.527821
6.82008,1.91987,1.87497,1.93267,-nan,-3.74579e+06,1.91987
9.80808,2.28321,2.2361,2.28323,-nan,-2.49623e+08,2.28321
9.90491,2.29303,2.24449,2.29306,-nan,-2.788e+08,2.29303
7.0731,1.9563,1.91883,1.97704,-nan,-5.7711e+06,1.9563
4.22027,1.4399,1.42447,1.4399,-nan,-8921.79,1.43994
1.97047,0.678274,0.672682,0.754646,0.678029,0.643618,0.678274
3.52418,1.25965,1.22138,1.27947,-1.16357e+38,-728.608,1.25965
4.66799,1.54073,1.50204,1.54073,-nan,-33854.8,1.54074
0.377852,-0.973253,-1.03181,-0.971175,-0.973253,-0.972097,-0.973253
6.45238,1.86445,1.81126,1.87027,-nan,-1.92958e+06,1.86445
8.38217,2.12611,2.11256,2.12611,-nan,-4.17865e+07,2.12615
0.691276,-0.369216,-0.427982,-0.368822,-0.369216,-0.369216,-0.369216
6.08527,1.80587,1.74764,1.80819,-nan,-949468,1.80587
6.28993,1.83895,1.78311,1.8429,-nan,-1.41857e+06,1.83895
5.35711,1.67842,1.62146,1.67862,-nan,-196584,1.67843
7.14195,1.96599,1.93076,1.98947,-nan,-6.47101e+06,1.96599
5.55526,1.71475,1.6558,1.71518,-nan,-309411,1.71475
2.04882,0.717264,0.71007,0.717264,0.118606,0.638825,0.717326
5.08888,1.62706,1.57498,1.62711,-nan,-102770,1.62706
8.92299,2.18863,2.15941,2.18863,-nan,-8.55015e+07,2.18865
0.271074,-1.30536,-1.32786,-1.30536,-1.30536,-1.2967,-1.30533
2.99357,1.09647,1.03749,1.09823,-6.09587e+27,-62.6639,1.09647
3.81304,1.33843,1.3215,1.39071,-nan,-2225.01,1.33843
2.08912,0.736742,0.724031,0.736742,-25.7173,0.620176,0.73679
6.27374,1.83637,1.7803,1.84016,-nan,-1.37502e+06,1.83637
1.19584,0.178853,0.13575,0.178861,0.178853,0.178853,0.178859
0.549864,-0.598084,-0.624019,-0.598083,-0.598084,-0.59806,-0.59806
5.7158,1.74323,1.68362,1.74399,-nan,-440410,1.74323
7.97972,2.0769,2.07593,2.16458,-nan,-2.36767e+07,2.0769
1.838,0.60868,0.580861,0.642406,0.60868,0.601311,0.60868
7.27739,1.98477,1.95423,2.01451,-nan,-8.07481e+06,1.98477
9.54879,2.25641,2.21364,2.25642,-nan,-1.84522e+08,2.25642
2.72424,1.00219,0.944151,1.00248,-2.88123e+21,-13.1468,1.00219
9.11716,2.21016,2.17624,2.21016,-nan,-1.09245e+08,2.21017
4.81734,1.57222,1.52793,1.57223,-nan,-50922.5,1.57223
2.60187,0.956232,0.901739,0.956331,-1.7804e+18,-5.62464,0.956234
4.39624,1.48075,1.45496,1.48075,-nan,-15393.2,1.48077
0.860606,-0.150118,-0.19324,-0.135576,-0.150118,-0.150118,-0.150118
8.04858,2.08549,2.08365,2.08549,-nan,-2.6154e+07,2.08557
5.12881,1.63487,1.5819,1.63494,-nan,-113493,1.63487
7.60886,2.02931,2.01167,2.08022,-nan,-1.36108e+07,2.02931
7.98215,2.07721,2.07635,2.16518,-nan,-2.37604e+07,2.07721
5.6003,1.72282,1.6636,1.72333,-nan,-342052,1.72282
1.78393,0.57882,0.543383,0.602042,0.57882,0.575181,0.57882
0.531552,-0.631954,-0.649408,-0.631954,-0.631954,-0.631916,-0.631916
9.74866,2.27713,2.23095,2.27714,-nan,-2.33107e+08,2.27713
3.43429,1.23381,1.19024,1.2479,-3.0655e+36,-501.016,1.23381
0.174569,-1.74544,-1.80458,-1.74495,-1.74544,-1.69765,-1.74544
7.63883,2.03324,2.01686,2.08656,-nan,-1.425e+07,2.03324
8.5927,2.15091,2.13079,2.15091,-nan,-5.55568e+07,2.15095
3.65622,1.29643,1.26715,1.32799,-nan,-1232.68,1.29643
5.23244,1.65488,1.59986,1.65499,-nan,-146178,1.65488
7.34965,1.99465,1.96675,2.02825,-nan,-9.06941e+06,1.99465
5.86049,1.76823,1.70869,1.76944,-nan,-599192,1.76823
8.09762,2.09157,2.0879,2.09157,-nan,-2.80584e+07,2.09164
0.555658,-0.587601,-0.615986,-0.587601,-0.587601,-0.587581,-0.587581
0.940613,-0.0612237,-0.0823281,-0.0165704,-0.0612237,-0.0612237,-0.0612237
5.22096,1.65268,1.59787,1.65279,-nan,-142182,1.65268
2.49183,0.913018,0.863599,0.913049,-1.40423e+15,-2.22271,0.913021
5.90003,1.77496,1.71554,1.77632,-nan,-650730,1.77496
0.949262,-0.0520702,-0.0703396,-0.00230801,-0.0520702,-0.0520702,-0.0520702
6.62516,1.89087,1.8412,1.89942,-nan,-2.64973e+06,1.89087
2.7781,1.02177,0.962818,1.0222,-6.31415e+22,-18.4529,1.02177
7.09315,1.95913,1.92229,1.98064,-nan,-5.96756e+06,1.95913
1.30167,0.263651,0.209104,0.263751,0.263651,0.263651,0.263652
9.26539,2.22629,2.18908,2.22629,-nan,-1.31198e+08,2.2263
7.59808,2.0279,2.00979,2.07797,-nan,-1.33874e+07,2.0279
7.29031,1.98655,1.95646,2.01695,-nan,-8.2451e+06,1.98655
3.50868,1.25524,1.21601,1.27395,-6.27387e+37,-683.728,1.25524
5.17052,1.64297,1.58913,1.64306,-nan,-125761,1.64298
9.26957,2.22674,2.18944,2.22674,-nan,-1.31872e+08,2.22675
1.52031,0.418916,0.360651,0.421207,0.418916,0.418869,0.418916
3.91945,1.36595,1.35838,1.43774,-nan,-3259.5,1.36595
1.39168,0.330513,0.271496,0.330965,0.330513,0.330511,0.330514
6.63391,1.89219,1.84272,1.9009,-nan,-2.69195e+06,1.89219
0.66306,-0.410889,-0.467099,-0.410732,-0.410889,-0.410888,-0.410888
2.15294,0.766835,0.746157,0.766836,-8081.14,0.554926,0.766868
3.32857,1.20254,1.1536,1.2117,-3.56837e+34,-316.474,1.20254
1.53059,0.425654,0.36778,0.428216,0.425654,0.425597,0.425654
1.9482,0.666908,0.657245,0.73404,0.666884,0.63977,0.666908
9.26456,2.2262,2.189,2.2262,-nan,-1.31065e+08,2.22621
6.56335,1.8815,1.83049,1.88897,-nan,-2.36826e+06,1.8815
0.40106,-0.913645,-0.967467,-0.908288,-0.913646,-0.912922,-0.913645
9.226,2.22203,2.18566,2.22203,-nan,-1.25008e+08,2.22204
9.36366,2.23684,2.19759,2.23684,-nan,-1.47863e+08,2.23685
5.02629,1.61468,1.56414,1.61472,-nan,-87790.2,1.61469
5.14251,1.63754,1.58428,1.63761,-nan,-117399,1.63754
5.20578,1.64977,1.59525,1.64987,-nan,-137048,1.64977
6.10795,1.80959,1.75158,1.81205,-nan,-993455,1.80959
9.55464,2.25703,2.21414,2.25703,-nan,-1.85802e+08,2.25703
3.28873,1.1905,1.13979,1.19821,-6.31952e+33,-264.644,1.1905
8.81698,2.17668,2.15023,2.17668,-nan,-7.46022e+07,2.1767
1.8587,0.619876,0.595203,0.658523,0.619876,0.610341,0.619876
6.58965,1.8855,1.83505,1.89342,-nan,-2.48457e+06,1.8855
7.69363,2.04039,2.02635,2.09833,-nan,-1.54892e+07,2.04039
8.48383,2.13816,2.12137,2.13816,-nan,-4.79961e+07,2.1382
1.98979,0.68803,0.686071,0.773228,0.686256,0.645381,0.68803
6.06741,1.80293,1.74454,1.80514,-nan,-916069,1.80293
0.25316,-1.37373,-1.37753,-1.37373,-1.37373,-1.36179,-1.37366
6.83194,1.92161,1.87703,1.93471,-nan,-3.82405e+06,1.92161
6.13015,1.81322,1.75542,1.81583,-nan,-1.03829e+06,1.81322
4.2675,1.45103,1.43265,1.45103,-nan,-10358.6,1.45106
3.40809,1.22615,1.18115,1.23885,-1.03559e+36,-447.991,1.22615
7.51827,2.01734,1.99596,2.06152,-nan,-1.18325e+07,2.01734
1.07642,0.073645,0.0529728,0.073645,0.073645,0.073645,0.0736772
7.87841,2.06413,2.05837,2.14012,-nan,-2.04151e+07,2.06413
2.42563,0.886092,0.840659,0.886105,-1.47272e+13,-1.06705,0.886097
5.77091,1.75283,1.69317,1.75374,-nan,-495756,1.75283
0.826991,-0.189962,-0.23984,-0.181582,-0.189962,-0.189962,-0.189962
1.22959,0.206682,0.159141,0.206703,0.206682,0.206682,0.206686
2.37317,0.864226,0.822478,0.864232,-3.41147e+11,-0.456244,0.864233
0.938534,-0.0634362,-0.0852103,-0.019945,-0.0634362,-0.0634362,-0.0634362
8.37197,2.12489,2.11167,2.12489,-nan,-4.12054e+07,2.12494
5.43992,1.69376,1.63582,1.69404,-nan,-238208,1.69376
1.89757,0.640572,0.622147,0.690039,0.640572,0.625357,0.640572
4.8212,1.57302,1.52859,1.57303,-nan,-51450.1,1.57303
5.2562,1.65941,1.60398,1.65954,-nan,-154776,1.65941
1.25708,0.228793,0.178194,0.228832,0.228793,0.228793,0.228795
0.1665,-1.79276,-1.84932,-1.79258,-1.79276,-1.73767,-1.79276
7.99513,2.07883,2.0786,2.16841,-nan,-2.4212e+07,2.07883
0.199229,-1.6133,-1.66783,-1.60845,-1.6133,-1.58232,-1.6133
8.53417,2.14408,2.12572,2.14408,-nan,-5.13687e+07,2.14411
8.38192,2.12608,2.11254,2.12608,-nan,-4.17724e+07,2.12612
0.335826,-1.09116,-1.14833,-1.09095,-1.09116,-1.08855,-1.09116
7.10993,1.96149,1.9252,1.98366,-nan,-6.13652e+06,1.96149
4.68869,1.54515,1.50564,1.54516,-nan,-35861.4,1.54516
9.73491,2.27572,2.22976,2.27573,-nan,-2.29429e+08,2.27572
1.0936,0.0894767,0.0648821,0.0894768,0.0894767,0.0894767,0.0895025
2.72063,1.00086,0.942892,1.00114,-2.33388e+21,-12.8429,1.00086
9.83849,2.2863,2.23874,2.28632,-nan,-2.58474e+08,2.28631
3.33665,1.20497,1.15639,1.21444,-5.05097e+34,-328.035,1.20497
6.15901,1.81792,1.76042,1.82074,-nan,-1.09929e+06,1.81792
3.02615,1.10729,1.04878,1.10941,-3.10134e+28,-74.3083,1.10729
3.60806,1.28317,1.25046,1.30993,-nan,-1020.83,1.28317
6.20891,1.82599,1.76907,1.8292,-nan,-1.21242e+06,1.82599
3.73171,1.31687,1.29332,1.35735,-nan,-1645.16,1.31687
7.24399,1.98017,1.94843,2.00825,-nan,-7.64912e+06,1.98017
5.94726,1.78293,1.72373,1.7845,-nan,-717510,1.78293
6.3698,1.85157,1.79695,1.85636,-nan,-1.65216e+06,1.85157
7.44044,2.00693,1.98248,2.04593,-nan,-1.04748e+07,2.00693
6.50911,1.8732,1.82109,1.87982,-nan,-2.14371e+06,1.8732
9.13035,2.2116,2.17738,2.21161,-nan,-1.11054e+08,2.21162
2.48292,0.909435,0.860511,0.909462,-7.69356e+14,-2.03638,0.909438
3.9431,1.37197,1.36658,1.44881,-nan,-3541.32,1.37197
2.75409,1.01309,0.954495,1.01345,-1.61356e+22,-15.8977,1.01309
4.70479,1.54858,1.50842,1.54858,-nan,-37494.6,1.54859
5.26991,1.66201,1.60635,1.66215,-nan,-159941,1.66201
6.47496,1.86794,1.81517,1.87407,-nan,-2.01238e+06,1.86794
7.36641,1.99693,1.96965,2.03147,-nan,-9.31538e+06,1.99693
4.18072,1.43048,1.41761,1.43048,-nan,-7859.55,1.43053
5.39533,1.68553,1.62809,1.68576,-nan,-214901,1.68553
0.622458,-0.474078,-0.523382,-0.474049,-0.474078,-0.474075,-0.474075
5.56194,1.71595,1.65696,1.71639,-nan,-314065,1.71595
0.629923,-0.462157,-0.513033,-0.462115,-0.462157,-0.462155,-0.462155
0.51644,-0.660797,-0.670355,-0.660797,-0.660797,-0.660742,-0.660742
8.38464,2.1264,2.11277,2.1264,-nan,-4.19288e+07,2.12645
4.47526,1.49856,1.46865,1.49856,-nan,-19482.8,1.49858
3.52151,1.25889,1.22046,1.27851,-1.04643e+38,-720.695,1.25889
1.19697,0.179792,0.136528,0.1798,0.179792,0.179792,0.179798
0.725911,-0.320327,-0.379969,-0.319304,-0.320327,-0.320327,-0.320327
1.44602,0.368814,0.309159,0.369765,0.368814,0.368805,0.368814
1.89082,0.637012,0.617472,0.684444,0.637012,0.622961,0.637012
3.42891,1.23224,1.18837,1.24604,-2.45558e+36,-489.691,1.23224
1.08676,0.0831987,0.0601385,0.0831988,0.0831987,0.0831987,0.083227
6.52636,1.87585,1.82408,1.88273,-nan,-2.21295e+06,1.87585
1.13402,0.125766,0.0928942,0.125767,0.125766,0.125766,0.125781
6.03301,1.79725,1.73859,1.79925,-nan,-854694,1.79725
2.09509,0.739596,0.726104,0.739596,-45.085,0.616141,0.739642
6.94804,1.93846,1.89715,1.95488,-nan,-4.67182e+06,1.93846
9.00591,2.19788,2.16659,2.19788,-nan,-9.50042e+07,2.1979
3.67792,1.30235,1.27467,1.33629,-nan,-1340.46,1.30235
6.10726,1.80948,1.75145,1.81194,-nan,-992090,1.80948
7.3571,1.99567,1.96804,2.02968,-nan,-9.17797e+06,1.99567
9.81557,2.28397,2.23675,2.28399,-nan,-2.51778e+08,2.28397
5.08138,1.62558,1.57368,1.62564,-nan,-100862,1.62558
2.06503,0.725144,0.715686,0.725144,-2.07002,0.632987,0.725199
1.98288,0.684551,0.68128,0.7665,0.683674,0.644935,0.684551
8.97149,2.19405,2.16361,2.19405,-nan,-9.095e+07,2.19407
0.228648,-1.47557,-1.50469,-1.44378,-1.47557,-1.45711,-1.47557
9.50592,2.25192,2.20992,2.25192,-nan,-1.75374e+08,2.25192
4.61607,1.52954,1.49305,1.52955,-nan,-29258.9,1.52955
4.39537,1.48055,1.45481,1.48055,-nan,-15352.9,1.48058
6.92344,1.93491,1.89289,1.95058,-nan,-4.47923e+06,1.93491
5.40085,1.68656,1.62905,1.68679,-nan,-217672,1.68656
5.33874,1.67499,1.61828,1.67517,-nan,-188291,1.67499
0.435718,-0.83076,-0.871373,-0.813587,-0.83076,-0.830409,-0.83076
7.89012,2.06561,2.0604,2.14288,-nan,-2.077e+07,2.06561
4.39634,1.48077,1.45498,1.48077,-nan,-15398,1.4808
3.02716,1.10763,1.04913,1.10975,-3.26046e+28,-74.6983,1.10763
3.43768,1.2348,1.19141,1.24907,-3.52398e+36,-508.265,1.2348
3.95591,1.37521,1.37101,1.45491,-nan,-3702.93,1.37521
1.48043,0.392334,0.333009,0.393788,0.392334,0.392314,0.392334
1.95147,0.668583,0.659508,0.737011,0.66855,0.640444,0.668583
3.38153,1.21833,1.17195,1.22973,-3.40385e+35,-399.425,1.21833
7.86855,2.06287,2.05666,2.1378,-nan,-2.01202e+07,2.06287
8.73633,2.16749,2.14324,2.16749,-nan,-6.71657e+07,2.16752
7.32923,1.99187,1.9632,2.02433,-nan,-8.77774e+06,1.99187
2.17272,0.775981,0.753011,0.775981,-44641,0.52269,0.77601
4.87942,1.58503,1.53868,1.58504,-nan,-60051.6,1.58503
0.992118,-0.00791365,-0.0109256,0.0746647,-0.00791365,-0.00791365,-0.00791365
0.187298,-1.67505,-1.73399,-1.67326,-1.67505,-1.63685,-1.67505
3.47536,1.2457,1.20447,1.26221,-1.64162e+37,-595.568,1.2457
7.18792,1.9724,1.93872,1.99787,-nan,-6.97989e+06,1.9724
1.85038,0.615389,0.589433,0.651991,0.615389,0.606786,0.615389
8.30299,2.11662,2.10569,2.11662,-nan,-3.7462e+07,2.11667
7.68537,2.03932,2.02492,2.09654,-nan,-1.52963e+07,2.03932
5.67283,1.73569,1.67618,1.73635,-nan,-401182,1.73569
6.48015,1.86874,1.81607,1.87494,-nan,-2.03188e+06,1.86874
5.27156,1.66233,1.60664,1.66246,-nan,-160572,1.66233
5.77619,1.75374,1.69408,1.75467,-nan,-501376,1.75374
1.01334,0.0132483,0.00924394,0.0132483,0.0132483,0.0132483,0.0133185
7.98494,2.07756,2.07683,2.16588,-nan,-2.3857e+07,2.07756
8.48272,2.13803,2.12126,2.13803,-nan,-4.79245e+07,2.13807
5.39318,1.68513,1.62772,1.68536,-nan,-213831,1.68514
0.115855,-2.15541,-2.18086,-2.11801,-2.15541,-2.0187,-2.15541
4.05811,1.40072,1.39636,1.40072,-nan,-5250.18,1.40079
4.52773,1.51022,1.47774,1.51022,-nan,-22714.4,1.51024
9.83561,2.28601,2.23848,2.28603,-nan,-2.57624e+08,2.28601
2.27379,0.821449,0.78804,0.82145,-1.80416e+08,0.219365,0.821463
2.14329,0.762341,0.742804,0.762341,-3471.65,0.568321,0.762376
6.60731,1.88818,1.8381,1.8964,-nan,-2.5655e+06,1.88818
5.51649,1.70774,1.64908,1.70812,-nan,-283587,1.70774
9.69648,2.27176,2.22643,2.27178,-nan,-2.19423e+08,2.27177
1.94648,0.666023,0.65605,0.73248,0.666003,0.6394,0.666023
7.93107,2.07079,2.0675,2.15269,-nan,-2.20561e+07,2.07079
7.07531,1.95661,1.91921,1.97743,-nan,-5.79246e+06,1.95661
0.554089,-0.59043,-0.618164,-0.59043,-0.59043,-0.590409,-0.590408
8.18677,2.10252,2.09562,2.10252,-nan,-3.18419e+07,2.10258
2.32525,0.843826,0.805872,0.843828,-9.62938e+09,-0.0671852,0.843836
4.58948,1.52377,1.48844,1.52377,-nan,-27130.2,1.52378
1.43275,0.359596,0.299957,0.360396,0.359596,0.35959,0.359596
5.61722,1.72584,1.66654,1.72638,-nan,-355101,1.72584
2.30976,0.837144,0.8005,0.837147,-2.95786e+09,0.0314693,0.837156
4.27648,1.45313,1.43421,1.45313,-nan,-10654.1,1.45316
9.75203,2.27748,2.23125,2.27749,-nan,-2.34018e+08,2.27748
3.13089,1.14132,1.08508,1.145,-4.87134e+30,-125.9,1.14132
8.74893,2.16893,2.14433,2.16893,-nan,-6.82821e+07,2.16896
1.34097,0.29339,0.236339,0.293593,0.29339,0.29339,0.293391
3.46864,1.24376,1.20213,1.25985,-1.24964e+37,-579.066,1.24376
4.39596,1.48069,1.4549,1.48069,-nan,-15380.3,1.48071
6.64404,1.89372,1.84447,1.90262,-nan,-2.74156e+06,1.89372
2.93184,1.07563,1.0161,1.07685,-2.59742e+26,-44.9556,1.07563
7.67141,2.0375,2.0225,2.09352,-nan,-1.49754e+07,2.0375
5.51535,1.70754,1.64889,1.70791,-nan,-282860,1.70754
5.12396,1.63393,1.58106,1.63399,-nan,-112140,1.63393
7.32216,1.99091,1.96198,2.02299,-nan,-8.67876e+06,1.99091
9.17762,2.21677,2.18147,2.21677,-nan,-1.17764e+08,2.21678
8.17264,2.10079,2.0944,2.10079,-nan,-3.1213e+07,2.10086
1.529,0.424614,0.366674,0.427133,0.424614,0.424558,0.424614
5.54951,1.71371,1.6548,1.71413,-nan,-305450,1.71371
0.918215,-0.0853237,-0.113376,-0.0519503,-0.0853237,-0.0853237,-0.0853237
5.82354,1.76191,1.70229,1.76299,-nan,-554377,1.76191
1.5919,0.464926,0.410271,0.469693,0.464926,0.464742,0.464926
8.46488,2.13593,2.11972,2.13593,-nan,-4.67795e+07,2.13597
0.219382,-1.51694,-1.55607,-1.49812,-1.51694,-1.49521,-1.51694
2.65759,0.977418,0.921051,0.977582,-5.50737e+19,-8.41434,0.977419
2.24533,0.808854,0.778172,0.808855,-1.86486e+07,0.333567,0.808872
2.74104,1.00834,0.949968,1.00867,-7.62504e+21,-14.6402,1.00834
