x,std::tanh_output,tanh_exp_output,asymptotic_tanh_output,asymptotic_tanh_horner_output
6.57098,0.999996,0.999996,1,1
9.80707,1,1,1,1
5.04128,0.999916,0.999916,1,1
5.85894,0.999984,0.999984,1,1
3.95858,0.999271,0.999271,0.999271,-4.65984e+07
9.017,1,1,1,1
-0.193347,-0.190973,-0.190973,-0.190973,-0.190973
-3.17131,-0.996487,-0.996487,-0.996487,641017
-8.17344,-1,-1,-1,-1
-9.25669,-1,-1,-1,-1
-6.04911,-0.999989,-0.999989,-1,-1
8.20705,1,1,1,1
-6.25116,-0.999993,-0.999993,-1,-1
1.16009,0.821069,0.821069,0.821069,0.819651
6.34925,0.999994,0.999994,1,1
5.61352,0.999973,0.999973,1,1
6.88031,0.999998,0.999998,1,1
-6.50814,-0.999996,-0.999996,-1,-1
-8.36481,-1,-1,-1,-1
-3.74148,-0.998875,-0.998875,-0.998875,1.57019e+07
-5.25323,-0.999945,-0.999945,-1,-1
-8.14778,-1,-1,-1,-1
0.555209,0.504414,0.504414,0.504414,0.504414
-4.41226,-0.999706,-0.999706,-0.999706,3.76154e+08
-0.398313,-0.378504,-0.378504,-0.378504,-0.378504
6.37991,0.999994,0.999994,1,1
3.32039,0.997391,0.997391,0.997391,-1.5614e+06
2.8983,0.993943,0.993943,0.993943,-111561
-2.3533,-0.982091,-0.982091,-0.982091,1906.6
-1.94615,-0.960019,-0.960019,-0.960019,44.2374
4.31081,0.99964,0.99964,0.99964,-2.40494e+08
4.42565,0.999714,0.999714,0.999714,-3.98726e+08
-6.98695,-0.999998,-0.999998,-1,-1
-2.37198,-0.982742,-0.982742,-0.982742,2226.51
2.5039,0.986718,0.986718,0.986718,-6429.1
-9.90805,-1,-1,-1,-1
2.81,0.992777,0.992777,0.992777,-61086
-7.79718,-1,-1,-1,-1
3.47519,0.998085,0.998085,0.998085,-3.77129e+06
-4.15775,-0.999511,-0.999511,-0.999511,1.19949e+08
8.79835,1,1,1,1
-7.89388,-1,-1,-1,-1
7.64876,1,1,1,1
-5.77345,-0.999981,-0.999981,-1,-1
2.15826,0.973659,0.973659,0.973659,-347.35
7.77361,1,1,1,1
3.59875,0.998504,0.998504,0.998504,-7.40917e+06
3.6345,0.998607,0.998607,0.998607,-8.96819e+06
3.92165,0.999216,0.999216,0.999216,-3.88978e+07
1.99145,0.963418,0.963418,0.963418,-70.2803
-2.40274,-0.983763,-0.983763,-0.983763,2866.54
5.83396,0.999983,0.999983,1,1
-2.35507,-0.982154,-0.982154,-0.982154,1934.9
-2.26202,-0.978543,-0.978543,-0.978543,876.351
-2.98896,-0.994945,-0.994945,-0.994945,203045
6.30532,0.999993,0.999993,1,1
-6.32219,-0.999994,-0.999994,-1,-1
1.51861,0.908456,0.908456,0.908456,0.584731
-6.15501,-0.999991,-0.999991,-1,-1
-1.31577,-0.865729,-0.865729,-0.865729,-0.847602
-9.15244,-1,-1,-1,-1
3.75821,0.998912,0.998912,0.998912,-1.71135e+07
-3.27125,-0.997122,-0.997122,-0.997122,1.1697e+06
4.50725,0.999757,0.999757,0.999757,-5.66456e+08
-1.27392,-0.854856,-0.854856,-0.854856,-0.845419
-5.48137,-0.999965,-0.999965,-1,-1
1.86391,0.953039,0.953039,0.953039,-18.2632
-2.59978,-0.989023,-0.989023,-0.989023,13404.4
2.39109,0.983384,0.983384,0.983384,-2606.06
1.54323,0.912662,0.912662,0.912662,0.465928
7.80243,1,1,1,1
5.17613,0.999936,0.999936,1,1
5.94738,0.999986,0.999986,1,1
9.52382,1,1,1,1
8.0335,1,1,1,1
-8.82668,-1,-1,-1,-1
-0.11135,-0.110892,-0.110892,-0.110892,-0.110892
2.58102,0.988605,0.988605,0.988605,-11635.6
6.77307,0.999997,0.999997,1,1
0.844852,0.688371,0.688371,0.688371,0.688368
0.00330067,0.00330065,0.00330064,0.00330064,0.00330065
-0.0351124,-0.035098,-0.0350979,-0.0350979,-0.035098
-2.77304,-0.992225,-0.992225,-0.992225,47199.6
9.52038,1,1,1,1
-9.90907,-1,-1,-1,-1
7.78938,1,1,1,1
5.56747,0.999971,0.999971,1,1
1.82385,0.949221,0.949221,0.949221,-11.5372
-9.04762,-1,-1,-1,-1
1.46754,0.899107,0.899107,0.899107,0.73607
-2.91756,-0.994171,-0.994171,-0.994171,126901
4.33195,0.999655,0.999655,0.999655,-2.64221e+08
-9.54152,-1,-1,-1,-1
6.58549,0.999996,0.999996,1,1
-4.3825,-0.999688,-0.999688,-0.999688,3.30262e+08
-4.50645,-0.999756,-0.999756,-0.999756,5.64541e+08
-1.19709,-0.832764,-0.832764,-0.832764,-0.830084
-6.07666,-0.999989,-0.99999,-1,-1
2.9544,0.994584,0.994584,0.994584,-161972
8.18305,1,1,1,1
2.33825,0.981549,0.981549,0.981549,-1680.9
0.986272,0.755768,0.755768,0.755768,0.755716
6.6008,0.999996,0.999996,1,1
4.22537,0.999573,0.999573,0.999573,-1.6362e+08
7.86688,1,1,1,1
-3.41039,-0.997821,-0.997821,-0.997821,2.62028e+06
8.46025,1,1,1,1
9.79883,1,1,1,1
-6.30244,-0.999993,-0.999993,-1,-1
-5.88011,-0.999984,-0.999984,-1,-1
3.14315,0.996284,0.996284,0.996284,-539204
9.81193,1,1,1,1
2.87143,0.993609,0.993609,0.993609,-93065
7.77747,1,1,1,1
3.87547,0.99914,0.99914,0.99914,-3.09555e+07
-9.49752,-1,-1,-1,-1
8.27729,1,1,1,1
-6.49416,-0.999995,-0.999995,-1,-1
2.14577,0.973002,0.973002,0.973002,-309.722
-0.638992,-0.564213,-0.564213,-0.564213,-0.564213
2.91244,0.994111,0.994111,0.994111,-122637
6.6969,0.999997,0.999997,1,1
9.53285,1,1,1,1
0.48829,0.452858,0.452858,0.452858,0.452858
4.20323,0.999553,0.999553,0.999553,-1.47892e+08
3.10774,0.996011,0.996011,0.996011,-432778
-7.94455,-1,-1,-1,-1
0.129158,0.128445,0.128445,0.128445,0.128445
1.38258,0.881527,0.881527,0.881527,0.832351
-7.94618,-1,-1,-1,-1
4.80021,0.999865,0.999865,0.999865,-1.89845e+09
6.00382,0.999988,0.999988,1,1
-5.43052,-0.999962,-0.999962,-1,-1
9.09058,1,1,1,1
8.91676,1,1,1,1
-7.94744,-1,-1,-1,-1
0.900942,0.716756,0.716756,0.716756,0.716748
8.08677,1,1,1,1
8.45514,1,1,1,1
-0.334325,-0.322401,-0.322402,-0.322402,-0.322401
-6.51041,-0.999996,-0.999996,-1,-1
-4.52002,-0.999763,-0.999763,-0.999763,5.98101e+08
0.137511,0.136651,0.136651,0.136651,0.136651
-6.35558,-0.999994,-0.999994,-1,-1
3.23591,0.996912,0.996912,0.996912,-947728
-1.52522,-0.909603,-0.909603,-0.909603,-0.556479
0.718488,0.615972,0.615972,0.615972,0.615972
0.0387201,0.0387008,0.0387008,0.0387008,0.0387008
-3.61004,-0.998538,-0.998538,-0.998538,7.87158e+06
6.66698,0.999997,0.999997,1,1
-1.00528,-0.763803,-0.763803,-0.763803,-0.763727
1.14561,0.816295,0.816295,0.816295,0.815196
-8.68346,-1,-1,-1,-1
0.856076,0.69423,0.694231,0.694231,0.694228
1.1217,0.80816,0.80816,0.80816,0.807444
7.24193,0.999999,0.999999,1,1
8.99617,1,1,1,1
1.78383,0.945105,0.945105,0.945105,-7.09078
3.55491,0.998367,0.998367,0.998367,-5.84676e+06
-8.534,-1,-1,-1,-1
-3.60834,-0.998533,-0.998533,-0.998533,7.80037e+06
8.21018,1,1,1,1
7.93126,1,1,1,1
-7.8468,-1,-1,-1,-1
5.32617,0.999953,0.999953,1,1
5.40758,0.99996,0.99996,1,1
9.96205,1,1,1,1
-6.16568,-0.999991,-0.999991,-1,-1
7.39568,0.999999,0.999999,1,1
-0.0686035,-0.0684961,-0.0684961,-0.0684961,-0.0684961
1.901,0.956323,0.956323,0.956323,-27.4392
-5.07618,-0.999922,-0.999922,-1,-1
3.36121,0.997596,0.997596,0.997596,-1.97813e+06
0.865791,0.699229,0.699229,0.699229,0.699226
6.36638,0.999994,0.999994,1,1
2.35959,0.982313,0.982313,0.982313,-2009.12
3.64002,0.998623,0.998623,0.998623,-9.23522e+06
9.80426,1,1,1,1
5.32694,0.999953,0.999953,1,1
-4.62848,-0.999809,-0.999809,-0.999809,9.43249e+08
-0.183578,-0.181544,-0.181544,-0.181544,-0.181544
0.285007,0.277532,0.277532,0.277532,0.277532
0.349052,0.335535,0.335535,0.335535,0.335535
5.66486,0.999976,0.999976,1,1
8.20326,1,1,1,1
-5.11835,-0.999928,-0.999928,-1,-1
5.39973,0.999959,0.999959,1,1
3.83733,0.999072,0.999072,0.999072,-2.55808e+07
-4.94222,-0.999898,-0.999898,-0.999898,3.32173e+09
4.94868,0.999899,0.999899,0.999899,-3.40593e+09
-7.89597,-1,-1,-1,-1
4.2202,0.999568,0.999568,0.999568,-1.5981e+08
7.41425,0.999999,0.999999,1,1
0.844669,0.688274,0.688274,0.688274,0.688272
-1.22741,-0.841825,-0.841825,-0.841825,-0.837377
9.68044,1,1,1,1
6.85623,0.999998,0.999998,1,1
0.689211,0.597475,0.597475,0.597475,0.597475
3.00335,0.995088,0.995088,0.995088,-222916
1.28178,0.856959,0.856959,0.856959,0.846272
-8.41707,-1,-1,-1,-1
-4.71963,-0.999841,-0.999841,-0.999841,1.37169e+09
3.22441,0.99684,0.99684,0.99684,-884508
-4.74298,-0.999848,-0.999848,-0.999848,1.50804e+09
1.62727,0.925672,0.925672,0.925672,-0.363818
-2.93256,-0.994343,-0.994343,-0.994343,140206
-9.25948,-1,-1,-1,-1
6.41351,0.999995,0.999995,1,1
-8.96034,-1,-1,-1,-1
-5.22529,-0.999942,-0.999942,-1,-1
5.32287,0.999952,0.999952,1,1
5.72616,0.999979,0.999979,1,1
-3.33947,-0.997489,-0.997489,-0.997489,1.74464e+06
-2.25204,-0.978114,-0.978114,-0.978114,803.29
4.96894,0.999903,0.999903,0.999903,-3.68362e+09
-3.34886,-0.997536,-0.997536,-0.997536,1.84208e+06
-2.13392,-0.972363,-0.972363,-0.972363,277.63
-8.25525,-1,-1,-1,-1
-0.708822,-0.609938,-0.609938,-0.609938,-0.609938
9.64866,1,1,1,1
-0.243423,-0.238727,-0.238727,-0.238727,-0.238727
7.1524,0.999999,0.999999,1,1
-9.35332,-1,-1,-1,-1
2.22569,0.976944,0.976944,0.976944,-637.166
-5.50964,-0.999967,-0.999967,-1,-1
-7.40769,-0.999999,-0.999999,-1,-1
-7.1529,-0.999999,-0.999999,-1,-1
-6.41005,-0.999995,-0.999995,-1,-1
9.11277,1,1,1,1
0.75565,0.638507,0.638507,0.638507,0.638507
8.35307,1,1,1,1
4.46235,0.999734,0.999734,0.999734,-4.67311e+08
-1.37454,-0.879723,-0.879723,-0.879723,-0.835992
6.58769,0.999996,0.999996,1,1
-2.56611,-0.988263,-0.988263,-0.988263,10390.3
-9.51593,-1,-1,-1,-1
-9.78711,-1,-1,-1,-1
-8.06134,-1,-1,-1,-1
3.11451,0.996065,0.996065,0.996065,-451448
0.187646,0.185474,0.185474,0.185474,0.185474
-2.05797,-0.967902,-0.967902,-0.967902,135.364
5.73145,0.999979,0.999979,1,1
1.56401,0.916068,0.916068,0.916068,0.332243
7.89152,1,1,1,1
0.154534,0.153316,0.153316,0.153316,0.153316
-1.6809,-0.932978,-0.932978,-0.932978,1.52919
-9.22668,-1,-1,-1,-1
-9.85091,-1,-1,-1,-1
-3.48223,-0.998112,-0.998112,-0.998112,3.92179e+06
5.60221,0.999973,0.999973,1,1
-6.73201,-0.999997,-0.999997,-1,-1
0.502504,0.464084,0.464084,0.464084,0.464084
0.79104,0.658998,0.658998,0.658998,0.658997
-4.5329,-0.999769,-0.999769,-0.999769,6.31727e+08
-9.58335,-1,-1,-1,-1
7.71683,1,1,1,1
-4.28374,-0.99962,-0.99962,-0.99962,2.1305e+08
0.739109,0.628607,0.628607,0.628607,0.628606
-9.91975,-1,-1,-1,-1
-9.82689,-1,-1,-1,-1
0.129038,0.128326,0.128326,0.128326,0.128326
-5.2747,-0.999948,-0.999948,-1,-1
9.70181,1,1,1,1
-7.39919,-0.999999,-0.999999,-1,-1
3.64607,0.998639,0.998639,0.998639,-9.53595e+06
9.68301,1,1,1,1
-0.115005,-0.114501,-0.114501,-0.114501,-0.114501
1.10178,0.801137,0.801137,0.801137,0.800639
9.49251,1,1,1,1
-8.26555,-1,-1,-1,-1
-6.07642,-0.999989,-0.99999,-1,-1
-5.19317,-0.999938,-0.999938,-1,-1
2.98806,0.994936,0.994936,0.994936,-201867
-0.677297,-0.589759,-0.589759,-0.589759,-0.589759
7.85233,1,1,1,1
-2.59874,-0.989,-0.989,-0.989,13300
-9.69207,-1,-1,-1,-1
-7.44841,-0.999999,-0.999999,-1,-1
0.11581,0.115295,0.115295,0.115295,0.115295
5.47548,0.999965,0.999965,1,1
8.36254,1,1,1,1
-2.00216,-0.96418,-0.96418,-0.96418,78.2527
-5.3199,-0.999952,-0.999952,-1,-1
0.24778,0.242831,0.242831,0.242831,0.242831
-6.55223,-0.999996,-0.999996,-1,-1
2.43762,0.984849,0.984849,0.984849,-3802.12
7.49883,0.999999,0.999999,1,1
-9.90616,-1,-1,-1,-1
-5.38758,-0.999958,-0.999958,-1,-1
-0.996695,-0.760203,-0.760202,-0.760202,-0.760138
8.57026,1,1,1,1
3.45372,0.998001,0.998001,0.998001,-3.34532e+06
4.21466,0.999563,0.999563,0.999563,-1.55823e+08
-7.37956,-0.999999,-0.999999,-1,-1
5.91493,0.999985,0.999985,1,1
4.50494,0.999756,0.999756,0.999756,-5.60906e+08
-8.07685,-1,-1,-1,-1
-2.89299,-0.993878,-0.993878,-0.993878,107653
-4.70339,-0.999836,-0.999836,-0.999836,1.28387e+09
8.03703,1,1,1,1
-3.00689,-0.995122,-0.995122,-0.995122,228072
-2.92002,-0.994199,-0.994199,-0.994199,128994
2.7245,0.991436,0.991436,0.991436,-33453.7
-7.57478,-0.999999,-1,-1,-1
-6.07698,-0.999989,-0.99999,-1,-1
3.60442,0.998521,0.998521,0.998521,-7.63812e+06
-0.660514,-0.578705,-0.578705,-0.578705,-0.578705
-3.68076,-0.99873,-0.99873,-0.99873,1.14492e+07
6.45399,0.999995,0.999995,1,1
9.95295,1,1,1,1
3.0739,0.995733,0.995733,0.995733,-349934
-3.14495,-0.996297,-0.996297,-0.996297,545217
8.87342,1,1,1,1
-4.809,-0.999867,-0.999867,-0.999867,1.96629e+09
0.914413,0.723244,0.723244,0.723244,0.723233
8.21494,1,1,1,1
6.82562,0.999998,0.999998,1,1
9.02245,1,1,1,1
-1.79004,-0.945764,-0.945764,-0.945764,7.66462
-1.89271,-0.955609,-0.955609,-0.955609,25.0868
-9.55523,-1,-1,-1,-1
-0.144073,-0.143085,-0.143085,-0.143085,-0.143085
-1.60208,-0.921981,-0.921981,-0.921981,0.0222732
3.14965,0.996332,0.996332,0.996332,-561233
-0.682413,-0.593086,-0.593086,-0.593086,-0.593086
2.82397,0.992975,0.992975,0.992975,-67283.1
3.92411,0.999219,0.999219,0.999219,-3.93696e+07
1.85313,0.95204,0.95204,0.95204,-16.1755
6.85114,0.999998,0.999998,1,1
4.20109,0.999551,0.999551,0.999551,-1.46449e+08
3.14695,0.996312,0.996312,0.996312,-551990
-6.374,-0.999994,-0.999994,-1,-1
-6.81038,-0.999998,-0.999998,-1,-1
0.627872,0.556585,0.556585,0.556585,0.556585
4.99871,0.999909,0.999909,0.999909,-4.13087e+09
9.66058,1,1,1,1
8.00006,1,1,1,1
0.144026,0.143038,0.143038,0.143038,0.143038
-8.70309,-1,-1,-1,-1
-8.34919,-1,-1,-1,-1
8.95354,1,1,1,1
6.40239,0.999995,0.999995,1,1
-7.38338,-0.999999,-0.999999,-1,-1
8.14652,1,1,1,1
-2.04338,-0.966967,-0.966967,-0.966967,117.499
5.08397,0.999923,0.999923,1,1
-6.68948,-0.999997,-0.999997,-1,-1
6.98588,0.999998,0.999998,1,1
-4.94968,-0.9999,-0.9999,-0.9999,3.41924e+09
-6.93201,-0.999998,-0.999998,-1,-1
-4.54098,-0.999773,-0.999773,-0.999773,6.53726e+08
-8.37038,-1,-1,-1,-1
6.2963,0.999993,0.999993,1,1
5.53981,0.999969,0.999969,1,1
0.600695,0.537544,0.537544,0.537544,0.537544
5.4743,0.999965,0.999965,1,1
-0.557595,-0.506191,-0.506191,-0.506191,-0.506191
5.97368,0.999987,0.999987,1,1
-0.396886,-0.377281,-0.377281,-0.377281,-0.377281
2.77121,0.992197,0.992196,0.992196,-46595.3
-9.57328,-1,-1,-1,-1
-2.23322,-0.977285,-0.977285,-0.977285,680.993
-8.24968,-1,-1,-1,-1
3.62014,0.998567,0.998567,0.998567,-8.30799e+06
1.55973,0.915376,0.915376,0.915376,0.362743
1.91562,0.957555,0.957555,0.957555,-32.0918
-0.301293,-0.292496,-0.292496,-0.292496,-0.292496
-6.17015,-0.999991,-0.999991,-1,-1
-2.97548,-0.994807,-0.994807,-0.994807,185966
9.17014,1,1,1,1
-2.35591,-0.982183,-0.982183,-0.982183,1948.48
1.87245,0.953815,0.953815,0.953815,-20.0839
-8.34742,-1,-1,-1,-1
9.03514,1,1,1,1
1.81143,0.947977,0.947977,0.947977,-9.95406
0.48133,0.447308,0.447308,0.447308,0.447308
2.00389,0.964301,0.964301,0.964301,-79.6086
-8.31072,-1,-1,-1,-1
-8.73357,-1,-1,-1,-1
0.460416,0.430423,0.430423,0.430423,0.430423
1.56508,0.91624,0.91624,0.91624,0.324358
5.02229,0.999913,0.999913,1,1
-2.73995,-0.991695,-0.991695,-0.991695,37351.8
-6.87936,-0.999998,-0.999998,-1,-1
1.41218,0.887957,0.887957,0.887957,0.812647
-4.65444,-0.999819,-0.999819,-0.999819,1.0502e+09
-7.10025,-0.999999,-0.999999,-1,-1
-1.93851,-0.959416,-0.959416,-0.959416,40.8531
-6.55631,-0.999996,-0.999996,-1,-1
-0.343932,-0.330983,-0.330983,-0.330983,-0.330983
-3.70282,-0.998785,-0.998785,-0.998785,1.28496e+07
-9.84987,-1,-1,-1,-1
9.61954,1,1,1,1
-4.06466,-0.999411,-0.999411,-0.999411,7.75608e+07
-5.93293,-0.999986,-0.999986,-1,-1
8.83483,1,1,1,1
-9.74482,-1,-1,-1,-1
-1.41977,-0.889552,-0.889552,-0.889552,-0.805673
6.8248,0.999998,0.999998,1,1
-1.46123,-0.897891,-0.897891,-0.897891,-0.748365
9.01584,1,1,1,1
0.780264,0.652858,0.652858,0.652858,0.652858
1.95596,0.960781,0.960781,0.960781,-48.9657
-5.82075,-0.999982,-0.999982,-1,-1
0.537091,0.490783,0.490783,0.490783,0.490783
7.01447,0.999998,0.999998,1,1
-9.68673,-1,-1,-1,-1
2.33849,0.981557,0.981557,0.981557,-1684.3
-1.28011,-0.856513,-0.856513,-0.856513,-0.846105
-2.26423,-0.978636,-0.978636,-0.978636,893.305
-1.97742,-0.962397,-0.962397,-0.962397,60.9904
-6.60915,-0.999996,-0.999996,-1,-1
-7.92624,-1,-1,-1,-1
-8.77899,-1,-1,-1,-1
-5.14507,-0.999932,-0.999932,-1,-1
-7.96168,-1,-1,-1,-1
-4.9393,-0.999897,-0.999897,-0.999897,3.28425e+09
-1.14245,-0.815239,-0.815239,-0.815239,-0.8142
0.804919,0.666778,0.666778,0.666778,0.666777
-5.88113,-0.999984,-0.999984,-1,-1
-4.56412,-0.999783,-0.999783,-0.999783,7.20763e+08
0.846153,0.689054,0.689054,0.689054,0.689052
8.8974,1,1,1,1
-7.17866,-0.999999,-0.999999,-1,-1
6.64499,0.999997,0.999997,1,1
-3.46241,-0.998036,-0.998036,-0.998036,3.51184e+06
0.527216,0.48325,0.48325,0.48325,0.48325
7.0197,0.999998,0.999998,1,1
2.81519,0.992851,0.992851,0.992851,-63323.2
-0.777589,-0.651321,-0.651321,-0.651321,-0.65132
-7.6306,-1,-1,-1,-1
-0.809359,-0.669236,-0.669236,-0.669236,-0.669235
-5.25014,-0.999945,-0.999945,-1,-1
5.53049,0.999969,0.999969,1,1
-1.01582,-0.768157,-0.768157,-0.768157,-0.768062
-1.86003,-0.952682,-0.952682,-0.952682,17.4859
9.27776,1,1,1,1
-0.480759,-0.446851,-0.446851,-0.446851,-0.446851
-4.76286,-0.999854,-0.999854,-0.999854,1.6341e+09
-8.0172,-1,-1,-1,-1
-6.02651,-0.999988,-0.999988,-1,-1
8.14789,1,1,1,1
0.601345,0.538006,0.538006,0.538006,0.538006
-5.43853,-0.999962,-0.999962,-1,-1
-2.52678,-0.987308,-0.987308,-0.987308,7681.39
-0.642809,-0.566809,-0.566809,-0.566809,-0.566809
6.77885,0.999997,0.999997,1,1
-7.6817,-1,-1,-1,-1
9.57358,1,1,1,1
2.90128,0.993979,0.993979,0.993979,-113813
4.97309,0.999904,0.999904,0.999904,-3.74318e+09
-3.4447,-0.997965,-0.997965,-0.997965,3.18032e+06
-1.9059,-0.956739,-0.956739,-0.956739,28.9247
-9.82661,-1,-1,-1,-1
2.92981,0.994312,0.994312,0.994312,-137675
-6.04369,-0.999989,-0.999989,-1,-1
4.13938,0.999492,0.999492,0.999492,-1.1015e+08
3.47388,0.99808,0.99808,0.99808,-3.74395e+06
3.41473,0.997839,0.997839,0.997839,-2.68556e+06
-2.21441,-0.976424,-0.976424,-0.976424,576.502
9.55445,1,1,1,1
5.39334,0.999959,0.999959,1,1
-5.46561,-0.999964,-0.999964,-1,-1
-9.59721,-1,-1,-1,-1
-6.02335,-0.999988,-0.999988,-1,-1
3.06852,0.995687,0.995687,0.995687,-338230
-8.16277,-1,-1,-1,-1
8.94999,1,1,1,1
2.06934,0.968613,0.968613,0.968613,-151.022
0.978032,0.752213,0.752213,0.752213,0.752169
8.43853,1,1,1,1
-2.15049,-0.973252,-0.973252,-0.973252,323.463
5.26887,0.999947,0.999947,1,1
6.76057,0.999997,0.999997,1,1
1.14661,0.816628,0.816628,0.816628,0.81551
-8.95758,-1,-1,-1,-1
-4.75058,-0.999851,-0.999851,-0.999851,1.55512e+09
-5.24699,-0.999945,-0.999945,-1,-1
-4.45975,-0.999733,-0.999733,-0.999733,4.62104e+08
6.97967,0.999998,0.999998,1,1
-2.6369,-0.989804,-0.989804,-0.989804,17680.8
4.68586,0.99983,0.99983,0.99983,-1.19501e+09
-4.23225,-0.999578,-0.999578,-0.999578,1.68828e+08
-3.24592,-0.996973,-0.996973,-0.996973,1.00614e+06
6.74062,0.999997,0.999997,1,1
-7.42015,-0.999999,-0.999999,-1,-1
-1.67495,-0.932203,-0.932203,-0.932203,1.36185
-1.01934,-0.769598,-0.769598,-0.769598,-0.769496
6.1816,0.999991,0.999991,1,1
0.294423,0.286201,0.286201,0.286201,0.286201
8.06832,1,1,1,1
-6.92616,-0.999998,-0.999998,-1,-1
-5.13369,-0.999931,-0.999931,-1,-1
-8.25133,-1,-1,-1,-1
-9.44401,-1,-1,-1,-1
4.28557,0.999621,0.999621,0.999621,-2.14811e+08
6.78609,0.999997,0.999997,1,1
-1.69876,-0.935254,-0.935254,-0.935254,2.10415
2.6358,0.989782,0.989782,0.989782,-17537
-5.13577,-0.999931,-0.999931,-1,-1
6.38248,0.999994,0.999994,1,1
-6.39382,-0.999994,-0.999994,-1,-1
6.79432,0.999997,0.999997,1,1
4.31669,0.999644,0.999644,0.999644,-2.46883e+08
0.272168,0.265641,0.265641,0.265641,0.265641
0.278073,0.271121,0.271121,0.271121,0.271121
-3.49204,-0.998149,-0.998149,-0.998149,4.14113e+06
0.540134,0.49309,0.49309,0.49309,0.49309
3.97547,0.999296,0.999296,0.999296,-5.0584e+07
1.69079,0.934248,0.934248,0.934248,-1.83346
-0.863882,-0.698252,-0.698252,-0.698252,-0.698249
5.08943,0.999924,0.999924,1,1
-4.37983,-0.999686,-0.999686,-0.999686,3.26417e+08
5.4155,0.99996,0.99996,1,1
-1.15475,-0.819322,-0.819322,-0.819322,-0.81803
-1.63049,-0.926131,-0.926131,-0.926131,0.415196
-5.57362,-0.999971,-0.999971,-1,-1
6.50843,0.999996,0.999996,1,1
3.22975,0.996874,0.996874,0.996874,-913330
0.50238,0.463987,0.463987,0.463987,0.463987
1.43051,0.891771,0.891771,0.891771,0.794182
7.62689,1,1,1,1
-8.45837,-1,-1,-1,-1
-2.33066,-0.981269,-0.981269,-0.981269,1576.96
3.8714,0.999133,0.999133,0.999133,-3.03339e+07
-6.41807,-0.999995,-0.999995,-1,-1
3.03715,0.995408,0.995408,0.995408,-277036
0.926219,0.728826,0.728826,0.728826,0.728812
-5.13647,-0.999931,-0.999931,-1,-1
-7.02636,-0.999998,-0.999998,-1,-1
0.609542,0.543805,0.543805,0.543805,0.543805
-2.34955,-0.981957,-0.981957,-0.981957,1847.85
-5.62553,-0.999974,-0.999974,-1,-1
3.45413,0.998003,0.998003,0.998003,-3.35292e+06
5.96099,0.999987,0.999987,1,1
5.84679,0.999983,0.999983,1,1
-8.81408,-1,-1,-1,-1
-0.238431,-0.234013,-0.234013,-0.234013,-0.234013
2.9794,0.994847,0.994847,0.994847,-190788
7.13853,0.999999,0.999999,1,1
-2.15409,-0.973441,-0.973441,-0.973441,334.349
0.94306,0.736625,0.736625,0.736625,0.736604
-9.45292,-1,-1,-1,-1
4.62675,0.999808,0.999808,0.999808,-9.36487e+08
2.15174,0.973318,0.973318,0.973318,-327.216
-4.09855,-0.999449,-0.999449,-0.999449,9.10099e+07
-8.93136,-1,-1,-1,-1
0.639427,0.564509,0.564509,0.564509,0.564509
-9.51958,-1,-1,-1,-1
-6.57654,-0.999996,-0.999996,-1,-1
-1.83042,-0.949867,-0.949867,-0.949867,12.4602
9.5405,1,1,1,1
-8.27203,-1,-1,-1,-1
-5.86676,-0.999984,-0.999984,-1,-1
-9.93243,-1,-1,-1,-1
8.55559,1,1,1,1
2.09722,0.97029,0.97029,0.97029,-196.947
5.32448,0.999953,0.999953,1,1
-2.42838,-0.984569,-0.984569,-0.984569,3529.46
-9.71512,-1,-1,-1,-1
6.73424,0.999997,0.999997,1,1
7.41042,0.999999,0.999999,1,1
7.2841,0.999999,0.999999,1,1
5.74045,0.999979,0.999979,1,1
-3.94623,-0.999253,-0.999253,-0.999253,4.38747e+07
-4.5681,-0.999785,-0.999785,-0.999785,7.32957e+08
-4.12138,-0.999474,-0.999474,-0.999474,1.01285e+08
-3.97668,-0.999297,-0.999297,-0.999297,5.0882e+07
0.448903,0.420997,0.420997,0.420997,0.420997
8.53076,1,1,1,1
9.05413,1,1,1,1
-8.3658,-1,-1,-1,-1
-8.88786,-1,-1,-1,-1
-3.27734,-0.997157,-0.997157,-0.997157,1.21265e+06
2.061,0.968093,0.968093,0.968093,-139.384
-2.57163,-0.98839,-0.98839,-0.98839,10835.3
-6.00012,-0.999988,-0.999988,-1,-1
-9.35609,-1,-1,-1,-1
-7.8234,-1,-1,-1,-1
-7.66324,-1,-1,-1,-1
0.0472698,0.0472346,0.0472347,0.0472347,0.0472346
-0.236296,-0.231994,-0.231994,-0.231994,-0.231994
-1.29627,-0.860761,-0.860761,-0.860761,-0.84735
-1.53935,-0.912011,-0.912011,-0.912011,-0.487251
-5.78049,-0.999981,-0.999981,-1,-1
3.05724,0.995589,0.995589,0.995589,-314886
3.0365,0.995402,0.995402,0.995402,-275884
6.20236,0.999992,0.999992,1,1
7.88031,1,1,1,1
0.451868,0.423433,0.423433,0.423433,0.423433
5.16358,0.999935,0.999935,1,1
-4.04821,-0.999391,-0.999391,-0.999391,7.17319e+07
7.99972,1,1,1,1
2.65921,0.990247,0.990247,0.990247,-20840.8
7.32685,0.999999,0.999999,1,1
7.04975,0.999999,0.999999,1,1
4.24441,0.999589,0.999589,0.999589,-1.78409e+08
7.89199,1,1,1,1
-0.827667,-0.679221,-0.679221,-0.679221,-0.67922
-1.59573,-0.921023,-0.921023,-0.921023,-0.0488748
6.93111,0.999998,0.999998,1,1
2.02019,0.965427,0.965427,0.965427,-93.5963
-9.22829,-1,-1,-1,-1
-0.617791,-0.549588,-0.549588,-0.549588,-0.549588
-7.52631,-0.999999,-0.999999,-1,-1
-7.59611,-1,-1,-1,-1
8.91207,1,1,1,1
-8.01512,-1,-1,-1,-1
-4.45081,-0.999728,-0.999728,-0.999728,4.4463e+08
9.35077,1,1,1,1
0.0136299,0.0136291,0.0136291,0.0136291,0.0136291
-3.98959,-0.999315,-0.999315,-0.999315,5.41597e+07
4.0383,0.999379,0.999379,0.999379,-6.84251e+07
2.66007,0.990263,0.990263,0.990263,-20972.5
0.73962,0.628916,0.628916,0.628916,0.628915
-5.62254,-0.999974,-0.999974,-1,-1
2.40601,0.983868,0.983868,0.983868,-2943.97
4.15013,0.999503,0.999503,0.999503,-1.1579e+08
-0.0843353,-0.0841359,-0.0841359,-0.0841359,-0.0841359
-8.23458,-1,-1,-1,-1
6.9365,0.999998,0.999998,1,1
-0.193293,-0.190921,-0.190921,-0.190921,-0.190921
7.34545,0.999999,0.999999,1,1
2.39701,0.983578,0.983578,0.983578,-2735.4
5.17907,0.999937,0.999937,1,1
-9.0908,-1,-1,-1,-1
-5.58322,-0.999972,-0.999972,-1,-1
9.99773,1,1,1,1
9.08969,1,1,1,1
0.111095,0.110641,0.110641,0.110641,0.110641
3.69182,0.998758,0.998758,0.998758,-1.21323e+07
9.84593,1,1,1,1
8.7386,1,1,1,1
-4.96761,-0.999903,-0.999903,-0.999903,3.66475e+09
-1.19533,-0.832226,-0.832226,-0.832226,-0.829624
-6.26468,-0.999993,-0.999993,-1,-1
0.655664,0.575471,0.575471,0.575471,0.575471
-1.94258,-0.959738,-0.959738,-0.959738,42.6229
-7.84865,-1,-1,-1,-1
-9.64245,-1,-1,-1,-1
-8.2914,-1,-1,-1,-1
-7.0956,-0.999999,-0.999999,-1,-1
-6.48866,-0.999995,-0.999995,-1,-1
-7.55132,-0.999999,-0.999999,-1,-1
-9.08303,-1,-1,-1,-1
-5.3379,-0.999954,-0.999954,-1,-1
-4.6004,-0.999798,-0.999798,-0.999798,8.39184e+08
-0.318096,-0.307784,-0.307784,-0.307784,-0.307784
-9.95193,-1,-1,-1,-1
-8.78864,-1,-1,-1,-1
-0.249223,-0.244188,-0.244188,-0.244188,-0.244188
5.49527,0.999966,0.999966,1,1
3.20072,0.996687,0.996687,0.996687,-766696
-4.5189,-0.999762,-0.999762,-0.999762,5.95271e+08
0.534006,0.488437,0.488437,0.488437,0.488437
-4.78316,-0.99986,-0.99986,-0.99986,1.77313e+09
-5.76109,-0.99998,-0.99998,-1,-1
3.22789,0.996862,0.996862,0.996862,-903211
-0.208903,-0.205917,-0.205917,-0.205917,-0.205917
0.612453,0.545852,0.545852,0.545852,0.545852
4.36301,0.999675,0.999675,0.999675,-3.03138e+08
2.99089,0.994964,0.994964,0.994964,-205617
0.445518,0.418208,0.418208,0.418208,0.418208
3.53368,0.998296,0.998296,0.998296,-5.20749e+06
-0.334442,-0.322507,-0.322506,-0.322506,-0.322507
-3.77614,-0.998951,-0.998951,-0.998951,1.87596e+07
2.78418,0.992396,0.992396,0.992396,-51035.2
0.356649,0.342259,0.342259,0.342259,0.342259
-9.20772,-1,-1,-1,-1
-7.67474,-1,-1,-1,-1
7.8988,1,1,1,1
-1.46111,-0.897868,-0.897868,-0.897868,-0.748583
-9.53959,-1,-1,-1,-1
2.48348,0.986168,0.986168,0.986168,-5477.14
4.72927,0.999844,0.999844,0.999844,-1.4265e+09
7.87645,1,1,1,1
3.94356,0.999249,0.999249,0.999249,-4.33065e+07
-2.6211,-0.989478,-0.989478,-0.989478,15722.2
-3.9894,-0.999315,-0.999315,-0.999315,5.41116e+07
2.13853,0.972614,0.972614,0.972614,-289.735
-2.51096,-0.986903,-0.986903,-0.986903,6793.48
2.98686,0.994923,0.994923,0.994923,-200293
2.22632,0.976973,0.976973,0.976973,-640.714
-8.16753,-1,-1,-1,-1
6.98229,0.999998,0.999998,1,1
1.99709,0.963821,0.963821,0.963821,-74.3773
4.84477,0.999876,0.999876,0.999876,-2.2668e+09
-5.81832,-0.999982,-0.999982,-1,-1
-5.61255,-0.999973,-0.999973,-1,-1
-0.17512,-0.173352,-0.173352,-0.173352,-0.173352
-6.0921,-0.99999,-0.99999,-1,-1
7.66086,1,1,1,1
-5.86404,-0.999984,-0.999984,-1,-1
3.15732,0.996387,0.996387,0.996387,-588351
7.15112,0.999999,0.999999,1,1
-7.74413,-1,-1,-1,-1
4.99909,0.999909,0.999909,0.999909,-4.13683e+09
-6.59559,-0.999996,-0.999996,-1,-1
-9.49205,-1,-1,-1,-1
-2.89833,-0.993943,-0.993943,-0.993943,111579
-0.147139,-0.146086,-0.146086,-0.146086,-0.146086
-1.9469,-0.960078,-0.960078,-0.960078,44.5849
8.37086,1,1,1,1
-5.43586,-0.999962,-0.999962,-1,-1
2.66587,0.990375,0.990375,0.990375,-21884.7
-0.370049,-0.354034,-0.354034,-0.354034,-0.354034
5.55362,0.99997,0.99997,1,1
-0.728153,-0.621934,-0.621934,-0.621934,-0.621934
5.8234,0.999983,0.999983,1,1
9.8243,1,1,1,1
8.38746,1,1,1,1
3.83289,0.999063,0.999063,0.999063,-2.50159e+07
2.38744,0.983263,0.983263,0.983263,-2529.07
6.97612,0.999998,0.999998,1,1
-1.74603,-0.940922,-0.940922,-0.940922,4.30848
-8.35851,-1,-1,-1,-1
7.02384,0.999998,0.999998,1,1
-1.26672,-0.852905,-0.852905,-0.852905,-0.84449
-4.43793,-0.999721,-0.999721,-0.999721,4.20532e+08
0.379627,0.362384,0.362384,0.362384,0.362384
2.41688,0.984212,0.984212,0.984212,-3216.02
-3.91096,-0.999199,-0.999199,-0.999199,3.69036e+07
-4.89535,-0.999888,-0.999888,-0.999888,2.76668e+09
9.38265,1,1,1,1
-4.38867,-0.999692,-0.999692,-0.999692,3.39314e+08
0.827744,0.679263,0.679263,0.679263,0.679261
8.45031,1,1,1,1
-3.25642,-0.997036,-0.997036,-0.997036,1.07114e+06
-2.81221,-0.992809,-0.992809,-0.992809,62027.9
4.5614,0.999782,0.999782,0.999782,-7.12579e+08
-8.78765,-1,-1,-1,-1
-4.02074,-0.999357,-0.999357,-0.999357,6.29159e+07
0.0291491,0.0291408,0.0291408,0.0291408,0.0291408
-6.35692,-0.999994,-0.999994,-1,-1
5.22657,0.999942,0.999942,1,1
1.51847,0.908431,0.908431,0.908431,0.585316
9.71066,1,1,1,1
2.67978,0.990638,0.990638,0.990638,-24222.7
-3.81683,-0.999033,-0.999033,-0.999033,2.30698e+07
7.33759,0.999999,0.999999,1,1
-3.97648,-0.999297,-0.999297,-0.999297,5.08316e+07
9.95139,1,1,1,1
5.28495,0.999949,0.999949,1,1
-3.59124,-0.998482,-0.998482,-0.998482,7.11638e+06
-5.17792,-0.999936,-0.999936,-1,-1
-0.674819,-0.588141,-0.588141,-0.588141,-0.588141
5.27161,0.999947,0.999947,1,1
7.93719,1,1,1,1
2.95817,0.994624,0.994624,0.994624,-166035
-5.47825,-0.999965,-0.999965,-1,-1
-7.68291,-1,-1,-1,-1
0.585093,0.526358,0.526358,0.526358,0.526358
-1.4442,-0.89454,-0.89454,-0.89454,-0.776376
-4.02838,-0.999366,-0.999366,-0.999366,6.52594e+07
5.32147,0.999952,0.999952,1,1
6.84773,0.999998,0.999998,1,1
-0.960715,-0.744596,-0.744596,-0.744596,-0.744565
4.63882,0.999813,0.999813,0.999813,-9.84531e+08
0.414108,0.391955,0.391955,0.391955,0.391955
6.11919,0.99999,0.99999,1,1
-5.22512,-0.999942,-0.999942,-1,-1
-6.17623,-0.999991,-0.999991,-1,-1
0.856028,0.694205,0.694205,0.694205,0.694202
-5.56269,-0.999971,-0.99997,-1,-1
9.84412,1,1,1,1
-8.45599,-1,-1,-1,-1
3.98755,0.999312,0.999312,0.999312,-5.36288e+07
8.82213,1,1,1,1
2.23337,0.977292,0.977292,0.977292,-681.916
-9.28295,-1,-1,-1,-1
-3.28618,-0.997207,-0.997207,-0.997207,1.27758e+06
-6.58031,-0.999996,-0.999996,-1,-1
8.30762,1,1,1,1
9.64457,1,1,1,1
-7.52528,-0.999999,-0.999999,-1,-1
-4.90034,-0.999889,-0.999889,-0.999889,2.82129e+09
4.11884,0.999471,0.999471,0.999471,-1.00089e+08
-6.89443,-0.999998,-0.999998,-1,-1
-4.67414,-0.999826,-0.999826,-0.999826,1.13891e+09
7.92555,1,1,1,1
-8.64845,-1,-1,-1,-1
-8.89978,-1,-1,-1,-1
-7.97887,-1,-1,-1,-1
-7.88106,-1,-1,-1,-1
2.12297,0.97176,0.97176,0.97176,-250.771
4.04962,0.999393,0.999393,0.999393,-7.22175e+07
-9.66853,-1,-1,-1,-1
-6.5418,-0.999996,-0.999996,-1,-1
-4.88364,-0.999885,-0.999885,-0.999885,2.64242e+09
-1.34892,-0.873797,-0.873797,-0.873797,-0.843863
2.50908,0.986853,0.986853,0.986853,-6694.37
1.01266,0.76686,0.76686,0.76686,0.76677
-3.47735,-0.998094,-0.998094,-0.998094,3.81685e+06
-6.01884,-0.999988,-0.999988,-1,-1
8.43072,1,1,1,1
-0.321435,-0.310804,-0.310804,-0.310804,-0.310804
-1.1236,-0.808819,-0.808819,-0.808819,-0.808078
-5.54313,-0.999969,-0.999969,-1,-1
-6.13513,-0.999991,-0.999991,-1,-1
-3.22092,-0.996818,-0.996818,-0.996818,866156
-4.9695,-0.999904,-0.999903,-0.999903,3.69163e+09
-1.13542,-0.812864,-0.812864,-0.812864,-0.811948
6.68521,0.999997,0.999997,1,1
-6.43151,-0.999995,-0.999995,-1,-1
7.19839,0.999999,0.999999,1,1
-8.86562,-1,-1,-1,-1
2.79381,0.99254,0.99254,0.99254,-54584.6
8.18063,1,1,1,1
9.22919,1,1,1,1
0.837259,0.684355,0.684355,0.684355,0.684353
-7.32978,-0.999999,-0.999999,-1,-1
-5.56553,-0.999971,-0.999971,-1,-1
6.94333,0.999998,0.999998,1,1
-4.54403,-0.999774,-0.999774,-0.999774,6.62207e+08
-6.02434,-0.999988,-0.999988,-1,-1
4.83083,0.999873,0.999873,0.999873,-2.14487e+09
-7.70435,-1,-1,-1,-1
8.67296,1,1,1,1
-1.51381,-0.907613,-0.907613,-0.907613,-0.603791
-1.02615,-0.772361,-0.772361,-0.772361,-0.772244
1.85577,0.952287,0.952287,0.952287,-16.6663
-0.458694,-0.42902,-0.42902,-0.42902,-0.42902
2.55808,0.988073,0.988073,0.988073,-9772.36
-1.71302,-0.937017,-0.937017,-0.937017,2.65306
-5.28672,-0.999949,-0.999949,-1,-1
-9.51448,-1,-1,-1,-1
-7.46023,-0.999999,-0.999999,-1,-1
0.249448,0.2444,0.2444,0.2444,0.2444
-8.91468,-1,-1,-1,-1
-7.15353,-0.999999,-0.999999,-1,-1
-9.74525,-1,-1,-1,-1
-2.99452,-0.995,-0.995,-0.995,210509
5.13351,0.999931,0.999931,1,1
-9.90815,-1,-1,-1,-1
-2.68025,-0.990647,-0.990647,-0.990647,24306.5
-7.14257,-0.999999,-0.999999,-1,-1
-8.34419,-1,-1,-1,-1
-2.00752,-0.964555,-0.964555,-0.964555,82.5442
0.0918779,0.0916203,0.0916203,0.0916203,0.0916203
-8.17067,-1,-1,-1,-1
5.00714,0.99991,0.99991,1,1
-1.80856,-0.947685,-0.947685,-0.947685,9.61611
-3.18547,-0.996585,-0.996585,-0.996585,698873
6.4807,0.999995,0.999995,1,1
3.46605,0.99805,0.99805,0.99805,-3.58398e+06
-9.71625,-1,-1,-1,-1
5.77709,0.999981,0.999981,1,1
8.40784,1,1,1,1
-3.19144,-0.996625,-0.996625,-0.996625,724719
-0.705605,-0.607913,-0.607913,-0.607913,-0.607913
9.63154,1,1,1,1
3.48758,0.998132,0.998132,0.998132,-4.03986e+06
-8.36523,-1,-1,-1,-1
-8.11724,-1,-1,-1,-1
-0.732807,-0.62478,-0.62478,-0.62478,-0.62478
3.29684,0.997266,0.997266,0.997266,-1.36035e+06
7.63771,1,1,1,1
5.73786,0.999979,0.999979,1,1
1.99123,0.963403,0.963403,0.963403,-70.1261
9.18863,1,1,1,1
-9.46083,-1,-1,-1,-1
3.14847,0.996323,0.996323,0.996323,-557160
-3.73507,-0.998861,-0.998861,-0.998861,1.51911e+07
-3.24288,-0.996955,-0.996955,-0.996955,988053
-1.58336,-0.919126,-0.919125,-0.919125,-0.172537
0.399285,0.379337,0.379337,0.379337,0.379337
3.59416,0.99849,0.99849,0.99849,-7.22901e+06
-5.91786,-0.999986,-0.999986,-1,-1
-6.72701,-0.999997,-0.999997,-1,-1
8.96632,1,1,1,1
9.0335,1,1,1,1
-3.9087,-0.999195,-0.999195,-0.999195,3.64952e+07
-9.5961,-1,-1,-1,-1
-3.18339,-0.996571,-0.996571,-0.996571,690080
-4.71737,-0.99984,-0.99984,-0.99984,1.35915e+09
-8.94482,-1,-1,-1,-1
-5.64451,-0.999975,-0.999975,-1,-1
0.538054,0.491513,0.491513,0.491513,0.491513
0.439444,0.413183,0.413183,0.413183,0.413183
9.09924,1,1,1,1
-4.01351,-0.999347,-0.999347,-0.999347,6.07708e+07
-7.64709,-1,-1,-1,-1
0.693558,0.600263,0.600263,0.600263,0.600263
-0.231508,-0.227459,-0.227459,-0.227459,-0.227459
-8.00397,-1,-1,-1,-1
3.88593,0.999157,0.999157,0.999157,-3.26062e+07
2.61766,0.989406,0.989406,0.989406,-15324.6
-0.385366,-0.367359,-0.367359,-0.367359,-0.367359
-8.69812,-1,-1,-1,-1
0.938128,0.734361,0.734361,0.734361,0.734342
-4.9039,-0.99989,-0.99989,-0.99989,2.86092e+09
3.06425,0.99565,0.99565,0.99565,-329197
0.930615,0.730881,0.730881,0.730881,0.730865
-0.320306,-0.309783,-0.309783,-0.309783,-0.309783
-8.34329,-1,-1,-1,-1
7.78409,1,1,1,1
-1.28492,-0.857791,-0.857791,-0.857791,-0.846563
5.71384,0.999978,0.999978,1,1
-5.21412,-0.999941,-0.999941,-1,-1
7.13293,0.999999,0.999999,1,1
7.33624,0.999999,0.999999,1,1
-1.62691,-0.925621,-0.925621,-0.925621,0.358208
4.51241,0.999759,0.999759,0.999759,-5.79049e+08
0.70387,0.606818,0.606818,0.606818,0.606818
0.84497,0.688432,0.688432,0.688432,0.68843
6.23515,0.999992,0.999992,1,1
8.97694,1,1,1,1
6.2001,0.999992,0.999992,1,1
7.404,0.999999,0.999999,1,1
1.92731,0.958515,0.958515,0.958515,-36.3221
-3.44677,-0.997973,-0.997973,-0.997973,3.21745e+06
-9.1083,-1,-1,-1,-1
-9.48354,-1,-1,-1,-1
3.41129,0.997825,0.997825,0.997825,-2.63371e+06
-9.48478,-1,-1,-1,-1
-7.92347,-1,-1,-1,-1
3.76794,0.998933,0.998933,0.998933,-1.79894e+07
-1.49489,-0.904221,-0.904221,-0.904221,-0.66809
7.95987,1,1,1,1
-7.99497,-1,-1,-1,-1
2.78198,0.992362,0.992362,0.992362,-50254.5
-5.89915,-0.999985,-0.999985,-1,-1
9.5663,1,1,1,1
-0.128691,-0.127985,-0.127985,-0.127985,-0.127985
-2.84033,-0.993201,-0.993201,-0.993201,75288.9
-9.91921,-1,-1,-1,-1
5.79195,0.999981,0.999981,1,1
-4.10101,-0.999452,-0.999452,-0.999452,9.20682e+07
-2.72435,-0.991433,-0.991433,-0.991433,33417.5
5.17195,0.999936,0.999936,1,1
-7.12166,-0.999999,-0.999999,-1,-1
8.64181,1,1,1,1
1.64432,0.928074,0.928074,0.928074,-0.659605
-0.227499,-0.223654,-0.223654,-0.223654,-0.223654
-7.11061,-0.999999,-0.999999,-1,-1
7.79255,1,1,1,1
-4.74573,-0.999849,-0.999849,-0.999849,1.52488e+09
1.77896,0.944584,0.944584,0.944584,-6.66686
-6.22293,-0.999992,-0.999992,-1,-1
7.50846,0.999999,0.999999,1,1
3.18793,0.996601,0.996601,0.996601,-709415
-1.69241,-0.934453,-0.934453,-0.934453,1.8864
-1.36823,-0.878289,-0.878289,-0.878289,-0.838427
7.05818,0.999999,0.999999,1,1
-5.13039,-0.99993,-0.99993,-1,-1
2.10207,0.970572,0.970572,0.970572,-206.153
8.07081,1,1,1,1
3.14478,0.996296,0.996296,0.996296,-544645
-2.37243,-0.982757,-0.982758,-0.982758,2234.86
1.95895,0.96101,0.96101,0.96101,-50.4962
-1.4169,-0.888951,-0.888951,-0.888951,-0.808418
7.41092,0.999999,0.999999,1,1
-8.03107,-1,-1,-1,-1
-1.53146,-0.910674,-0.910674,-0.910674,-0.527448
-0.992776,-0.758543,-0.758543,-0.758543,-0.758484
-4.23153,-0.999578,-0.999578,-0.999578,1.68278e+08
-2.88903,-0.99383,-0.99383,-0.99383,104819
3.84388,0.999084,0.999084,0.999084,-2.64358e+07
-2.78174,-0.992358,-0.992358,-0.992358,50168.6
0.0478134,0.047777,0.0477771,0.0477771,0.047777
-3.19044,-0.996619,-0.996619,-0.996619,720346
3.3763,0.997667,0.997667,0.997667,-2.15737e+06
8.36664,1,1,1,1
5.1955,0.999939,0.999939,1,1
-1.70383,-0.935886,-0.935886,-0.935886,2.28929
9.91187,1,1,1,1
-2.87964,-0.993713,-0.993713,-0.993713,98384.2
-2.74332,-0.991751,-0.991751,-0.991751,38258
-0.499916,-0.462051,-0.462051,-0.462051,-0.462051
6.16602,0.999991,0.999991,1,1
-6.48497,-0.999995,-0.999995,-1,-1
-2.16905,-0.974214,-0.974214,-0.974214,383.318
0.408502,0.3872,0.3872,0.3872,0.3872
-9.50689,-1,-1,-1,-1
0.72576,0.620465,0.620465,0.620465,0.620465
-8.53637,-1,-1,-1,-1
3.45317,0.997999,0.997999,0.997999,-3.33495e+06
2.75111,0.991878,0.991878,0.991878,-40431.5
7.72553,1,1,1,1
0.754635,0.637906,0.637906,0.637906,0.637906
1.2207,0.83986,0.83986,0.83986,0.835879
2.03433,0.966374,0.966374,0.966374,-107.56
-8.39037,-1,-1,-1,-1
1.73285,0.939391,0.939391,0.939391,-3.57494
8.24299,1,1,1,1
9.07733,1,1,1,1
-5.78454,-0.999981,-0.999981,-1,-1
-5.30574,-0.999951,-0.999951,-1,-1
7.77381,1,1,1,1
6.8378,0.999998,0.999998,1,1
5.26908,0.999947,0.999947,1,1
9.78121,1,1,1,1
0.516037,0.474636,0.474636,0.474636,0.474636
-5.5737,-0.999971,-0.999971,-1,-1
9.8743,1,1,1,1
-3.06036,-0.995616,-0.995616,-0.995616,321172
2.87238,0.993621,0.993621,0.993621,-93669
-8.71468,-1,-1,-1,-1
5.99838,0.999988,0.999988,1,1
-3.19545,-0.996652,-0.996652,-0.996652,742588
