x,std::exp_output,taylor_series_exp_1000_output,taylor_series_exp_10_output,range_reduced_exp_output,rr_exp_fastexp2_output,rr_exp_horner_output
-9.94339,4.80441e-05,-0.000104176,-1338.94,4.80441e-05,4.80441e-05,4.80441e-05
1.92459,6.85235,6.85235,6.85212,6.85235,6.85235,6.85235
-9.59246,6.82413e-05,7.9751e-05,-951.503,6.82413e-05,6.82413e-05,6.82413e-05
6.29729,543.099,543.099,485.581,543.099,543.099,543.099
2.84929,17.2756,17.2756,17.2626,17.2756,17.2756,17.2756
4.85912,128.911,128.911,125.43,128.911,128.911,128.911
5.97355,392.9,392.9,360.637,392.9,392.9,392.9
7.67809,2160.49,2160.49,1632.63,2160.49,2160.49,2160.49
-4.45045,0.0116733,0.0116729,-0.581905,0.0116733,0.0116733,0.0116733
-9.81946,5.43831e-05,7.86899e-05,-1188.48,5.43831e-05,5.43831e-05,5.43831e-05
3.13061,22.8878,22.8878,22.8534,22.8878,22.8878,22.8878
-3.4115,0.0329917,0.0329916,-0.011698,0.0329917,0.0329917,0.0329917
-3.33596,0.0355803,0.0355803,-0.000338674,0.0355803,0.0355803,0.0355803
4.37589,79.5103,79.5103,78.366,79.5103,79.5103,79.5103
7.62696,2052.8,2052.8,1563.61,2052.8,2052.8,2052.8
1.65898,5.25397,5.25397,5.25392,5.25397,5.25397,5.25397
-5.3934,0.0045465,0.00454563,-3.80879,0.0045465,0.0045465,0.0045465
1.98189,7.25641,7.25641,7.2561,7.25641,7.25641,7.25642
-2.02015,0.132636,0.132636,0.132373,0.132636,0.132636,0.132636
5.37584,216.121,216.121,205.836,216.121,216.121,216.121
-9.00853,0.000122362,4.24207e-05,-523.289,0.000122362,0.000122362,0.000122362
7.79422,2426.54,2426.54,1800.02,2426.54,2426.54,2426.54
5.02398,152.015,152.015,147.043,152.015,152.015,152.015
-5.61042,0.00365954,0.00365877,-5.57695,0.00365954,0.00365954,0.00365954
2.21519,9.16319,9.16319,9.16222,9.16319,9.16319,9.16319
0.142834,1.15354,1.15354,1.15354,1.15354,1.15354,1.15354
2.39391,10.9562,10.9562,10.954,10.9562,10.9562,10.9562
-1.67233,0.187809,0.187809,0.187768,0.187809,0.187809,0.187809
-7.02923,0.000885612,0.000887336,-48.8242,0.000885612,0.000885612,0.000885612
-4.4519,0.0116564,0.0116557,-0.583805,0.0116564,0.0116564,0.0116564
-4.79554,0.0082665,0.00826697,-1.21593,0.00826649,0.00826649,0.0082665
4.1739,64.9686,64.9686,64.2738,64.9686,64.9686,64.9686
-5.5232,0.00399306,0.0039905,-4.79354,0.00399306,0.00399306,0.00399306
8.1202,3361.68,3361.68,2358.56,3361.68,3361.68,3361.68
-1.94077,0.143593,0.143593,0.143416,0.143593,0.143593,0.143593
6.21924,502.319,502.319,452.167,502.32,502.32,502.319
-9.72292,5.98947e-05,4.82e-05,-1081.94,5.98947e-05,5.98947e-05,5.98947e-05
8.79651,6611.11,6611.11,4060.54,6611.11,6611.11,6611.11
0.266528,1.30542,1.30542,1.30542,1.30542,1.30542,1.30542
-4.43256,0.011884,0.011884,-0.558949,0.011884,0.011884,0.011884
-9.0595,0.000116281,0.00014618,-552.193,0.000116281,0.000116281,0.000116281
4.40514,81.8706,81.8706,80.6427,81.8706,81.8706,81.8706
5.28667,197.683,197.683,189.093,197.683,197.683,197.683
-1.66924,0.18839,0.18839,0.18835,0.18839,0.18839,0.18839
1.55228,4.72224,4.72224,4.72221,4.72224,4.72224,4.72224
-4.89614,0.00747538,0.00747564,-1.48925,0.00747538,0.00747538,0.00747538
-9.24284,9.68021e-05,2.64575e-05,-668.283,9.68022e-05,9.68022e-05,9.68022e-05
7.46214,1740.87,1740.87,1359.14,1740.87,1740.87,1740.87
4.14799,63.3069,63.3069,62.6562,63.3069,63.3069,63.3069
-0.484242,0.616164,0.616164,0.616164,0.616164,0.616164,0.616164
-1.39117,0.248783,0.248783,0.248777,0.248783,0.248783,0.248783
-4.23896,0.0144226,0.0144225,-0.355611,0.0144226,0.0144226,0.0144226
-1.24271,0.2886,0.2886,0.288598,0.2886,0.2886,0.2886
-8.7623,0.000156525,0.000178694,-401.808,0.000156525,0.000156525,0.000156525
-0.615744,0.540239,0.540239,0.540239,0.540239,0.540239,0.540239
-5.22174,0.00539793,0.00539767,-2.78453,0.00539793,0.00539793,0.00539793
-4.18972,0.0151506,0.0151503,-0.315186,0.0151506,0.0151506,0.0151506
2.09119,8.09454,8.09454,8.094,8.09454,8.09454,8.09454
4.91547,136.384,136.384,132.447,136.384,136.384,136.384
7.2396,1393.53,1393.53,1122.34,1393.53,1393.53,1393.53
-4.05296,0.0173709,0.0173715,-0.221907,0.0173709,0.0173709,0.0173709
-3.80519,0.022255,0.0222552,-0.107286,0.022255,0.022255,0.022255
0.965755,2.62677,2.62677,2.62677,2.62677,2.62677,2.62677
-3.52476,0.0294588,0.0294588,-0.0319932,0.0294588,0.0294588,0.0294588
3.21126,24.8104,24.8104,24.7655,24.8104,24.8104,24.8104
-0.543344,0.580803,0.580803,0.580803,0.580803,0.580803,0.580803
-0.917397,0.399558,0.399558,0.399557,0.399558,0.399558,0.399558
-1.38437,0.250482,0.250482,0.250475,0.250482,0.250482,0.250482
0.512124,1.66883,1.66883,1.66883,1.66883,1.66883,1.66883
6.95907,1052.66,1052.66,878.572,1052.66,1052.66,1052.66
0.0548277,1.05636,1.05636,1.05636,1.05636,1.05636,1.05636
5.13248,169.436,169.436,163.185,169.436,169.436,169.436
-2.5287,0.0797624,0.0797624,0.0773745,0.0797624,0.0797624,0.0797624
1.92765,6.87335,6.87335,6.87311,6.87335,6.87335,6.87335
2.77159,15.9841,15.9841,15.9743,15.9841,15.9841,15.9841
-0.827692,0.437057,0.437057,0.437057,0.437057,0.437057,0.437057
-2.83504,0.0587161,0.0587161,0.0513941,0.0587161,0.0587161,0.0587161
-0.553286,0.575057,0.575057,0.575057,0.575057,0.575057,0.575057
3.10105,22.2214,22.2214,22.1902,22.2214,22.2214,22.2214
-1.33407,0.263402,0.263402,0.263398,0.263402,0.263402,0.263402
-8.84802,0.000143666,0.000162865,-440.89,0.000143666,0.000143666,0.000143666
-4.92935,0.00723121,0.00723127,-1.5907,0.00723121,0.00723121,0.00723121
1.88645,6.59592,6.59592,6.59573,6.59592,6.59592,6.59592
-1.11458,0.328054,0.328054,0.328053,0.328054,0.328054,0.328054
5.71127,302.253,302.253,282.462,302.253,302.253,302.253
-0.167008,0.846192,0.846193,0.846193,0.846193,0.846193,0.846192
7.75668,2337.14,2337.14,1744.25,2337.14,2337.14,2337.14
6.62625,754.644,754.643,653.74,754.644,754.644,754.644
8.28228,3953.2,3953.2,2692.29,3953.2,3953.2,3953.2
0.31259,1.36696,1.36696,1.36696,1.36696,1.36696,1.36696
2.08076,8.01059,8.01059,8.01008,8.01059,8.01059,8.01059
-3.4517,0.0316916,0.0316916,-0.0184085,0.0316916,0.0316916,0.0316916
5.83004,340.373,340.373,315.621,340.373,340.373,340.373
8.75973,6372.41,6372.41,3944.72,6372.41,6372.41,6372.41
-8.38055,0.000229283,0.000206017,-262.688,0.000229283,0.000229283,0.000229283
7.44124,1704.86,1704.86,1335.07,1704.86,1704.86,1704.86
2.36245,10.617,10.617,10.6151,10.617,10.617,10.617
2.9135,18.4211,18.4211,18.4047,18.4211,18.4211,18.4211
-4.60097,0.0100421,0.0100412,-0.809474,0.0100421,0.0100421,0.0100421
7.54884,1898.55,1898.55,1463.38,1898.55,1898.55,1898.55
3.35607,28.6764,28.6764,28.6055,28.6764,28.6764,28.6764
2.9782,19.6523,19.6523,19.6318,19.6523,19.6523,19.6523
-3.47681,0.030906,0.030906,-0.0228623,0.030906,0.030906,0.030906
-8.73904,0.000160208,0.000177032,-391.753,0.000160208,0.000160208,0.000160208
-0.670259,0.511576,0.511576,0.511576,0.511576,0.511576,0.511576
2.94712,19.051,19.051,19.0326,19.051,19.051,19.051
6.68266,798.441,798.441,687.59,798.441,798.441,798.441
-0.907528,0.403521,0.403521,0.40352,0.403521,0.403521,0.403521
-7.24419,0.00071431,0.000707539,-65.1744,0.00071431,0.00071431,0.00071431
5.58242,265.714,265.714,250.259,265.714,265.714,265.714
-9.67647,6.27427e-05,1.51744e-05,-1033.77,6.27428e-05,6.27428e-05,6.27428e-05
2.04858,7.7569,7.7569,7.75646,7.7569,7.7569,7.7569
-0.984432,0.373651,0.373651,0.373651,0.373651,0.373651,0.373651
9.92146,20362.7,20362.7,9525.54,20362.7,20362.7,20362.7
0.890723,2.43689,2.43689,2.43689,2.43689,2.43689,2.43689
-3.39359,0.0335879,0.033588,-0.00886454,0.0335879,0.0335879,0.0335879
1.20483,3.33619,3.33619,3.33618,3.33619,3.33619,3.33619
-7.90356,0.000369425,0.00039202,-150.063,0.000369425,0.000369425,0.000369425
6.93154,1024.07,1024.07,857.523,1024.07,1024.07,1024.07
-6.67653,0.00126014,0.00126632,-29.7869,0.00126014,0.00126014,0.00126014
-2.17299,0.113836,0.113837,0.113298,0.113836,0.113836,0.113836
-9.59284,6.82151e-05,3.84803e-06,-951.865,6.82151e-05,6.82151e-05,6.82151e-05
-7.76356,0.000424943,0.000410636,-126.483,0.000424943,0.000424943,0.000424943
8.15109,3467.15,3467.15,2419.06,3467.15,3467.15,3467.15
-1.93689,0.144151,0.144151,0.143978,0.144151,0.144151,0.144151
-3.27001,0.038006,0.038006,0.00844836,0.038006,0.038006,0.038006
-7.99638,0.000336679,0.000355845,-167.785,0.000336679,0.000336679,0.000336679
-5.35538,0.00472268,0.00472191,-3.55678,0.00472268,0.00472268,0.00472268
-8.62212,0.000180077,0.000162797,-344.525,0.000180077,0.000180077,0.000180077
-4.15219,0.01573,0.0157303,-0.286954,0.01573,0.01573,0.01573
-9.45225,7.85129e-05,0.000142001,-827.125,7.85129e-05,7.85129e-05,7.85129e-05
9.94546,20857.3,20857.3,9693.9,20857.3,20857.3,20857.3
-1.29749,0.273217,0.273217,0.273214,0.273217,0.273217,0.273217
-0.0234365,0.976836,0.976836,0.976836,0.976836,0.976836,0.976836
-5.41778,0.00443699,0.00443806,-3.97866,0.00443699,0.00443699,0.00443699
-4.35354,0.0128613,0.0128609,-0.466537,0.0128613,0.0128613,0.0128613
1.22504,3.40429,3.40429,3.40429,3.40429,3.40429,3.40429
6.56873,712.465,712.465,620.848,712.465,712.465,712.465
-1.34633,0.260193,0.260193,0.260188,0.260193,0.260193,0.260193
0.874613,2.39795,2.39795,2.39795,2.39795,2.39795,2.39795
-8.85773,0.000142278,0.00014803,-445.524,0.000142278,0.000142278,0.000142278
-6.13504,0.00216565,0.00217133,-13.2051,0.00216565,0.00216565,0.00216565
-7.54844,0.000526931,0.000520375,-96.6578,0.000526931,0.000526931,0.000526931
-7.88516,0.000376288,0.000397637,-146.755,0.000376288,0.000376288,0.000376288
1.24197,3.46243,3.46243,3.46243,3.46243,3.46243,3.46243
6.43602,623.921,623.921,550.801,623.921,623.921,623.921
-5.10077,0.00609206,0.0060939,-2.21815,0.00609206,0.00609206,0.00609206
1.68828,5.41019,5.41019,5.41013,5.41019,5.41019,5.41019
-3.9351,0.0195437,0.0195435,-0.160045,0.0195437,0.0195437,0.0195437
3.771,43.4235,43.4235,43.1842,43.4235,43.4235,43.4235
5.07203,159.497,159.497,153.992,159.497,159.497,159.497
8.80431,6662.87,6662.87,4085.5,6662.87,6662.87,6662.87
-2.65648,0.0701947,0.0701948,0.0663229,0.0701946,0.0701946,0.0701946
1.14815,3.15236,3.15236,3.15236,3.15236,3.15236,3.15236
5.73298,308.888,308.888,288.265,308.888,308.888,308.888
-4.96537,0.00697537,0.00697572,-1.7076,0.00697537,0.00697537,0.00697537
0.996543,2.7089,2.7089,2.7089,2.7089,2.7089,2.7089
-8.30016,0.000248476,0.000216629,-239.591,0.000248476,0.000248476,0.000248476
-0.459738,0.631449,0.631449,0.631449,0.631449,0.631449,0.631449
6.71446,824.24,824.241,707.39,824.24,824.24,824.24
5.07784,160.427,160.427,154.854,160.427,160.427,160.427
8.47215,4779.77,4779.77,3138.34,4779.77,4779.77,4779.77
-4.83529,0.00794437,0.00794404,-1.31812,0.00794437,0.00794437,0.00794437
3.74021,42.1068,42.1068,41.8872,42.1068,42.1068,42.1068
-4.39384,0.0123532,0.0123534,-0.511897,0.0123532,0.0123532,0.0123532
9.37749,11819.3,11819.3,6356.41,11819.3,11819.3,11819.3
-2.19126,0.111776,0.111776,0.111191,0.111776,0.111776,0.111776
3.71158,40.9183,40.9183,40.7156,40.9183,40.9183,40.9183
4.9023,134.599,134.599,130.773,134.599,134.599,134.599
0.0666323,1.0689,1.0689,1.0689,1.0689,1.0689,1.0689
-4.2389,0.0144234,0.0144237,-0.355561,0.0144234,0.0144234,0.0144234
-3.89795,0.0202835,0.0202839,-0.143472,0.0202835,0.0202835,0.0202835
-3.31136,0.0364667,0.0364665,0.00305164,0.0364667,0.0364667,0.0364667
8.47265,4782.17,4782.16,3139.6,4782.16,4782.16,4782.16
1.1613,3.19408,3.19409,3.19408,3.19408,3.19408,3.19409
4.545,94.1601,94.1601,92.4503,94.1601,94.1601,94.1601
2.27283,9.70679,9.70679,9.70552,9.70679,9.70679,9.70679
-3.12747,0.0438286,0.0438286,0.0247035,0.0438286,0.0438286,0.0438286
9.26893,10603.4,10603.4,5853.33,10603.4,10603.4,10603.4
6.78862,887.686,887.686,755.659,887.686,887.686,887.686
4.17727,65.1879,65.1879,64.4871,65.1879,65.1879,65.1879
-9.393,8.33054e-05,2.87117e-05,-779.081,8.33055e-05,8.33055e-05,8.33055e-05
3.71423,41.0271,41.0271,40.823,41.0271,41.0271,41.0271
2.48593,12.0122,12.0122,12.009,12.0122,12.0122,12.0122
2.44492,11.5297,11.5297,11.527,11.5297,11.5297,11.5297
2.98743,19.8347,19.8347,19.8135,19.8347,19.8347,19.8347
5.18047,177.766,177.766,170.859,177.766,177.766,177.766
-1.17257,0.309569,0.309569,0.309568,0.309569,0.309569,0.309569
7.24145,1396.12,1396.12,1124.14,1396.12,1396.12,1396.12
3.48676,32.6798,32.6798,32.5742,32.6798,32.6798,32.6798
-0.922497,0.397525,0.397525,0.397525,0.397525,0.397525,0.397525
7.2921,1468.64,1468.64,1174.45,1468.64,1468.64,1468.64
-6.20033,0.00202875,0.0020304,-14.6221,0.00202875,0.00202875,0.00202875
-0.282738,0.753717,0.753717,0.753717,0.753717,0.753717,0.753717
-3.75087,0.0234974,0.023497,-0.0891231,0.0234974,0.0234974,0.0234974
5.36348,213.466,213.466,203.432,213.466,213.466,213.466
-6.92162,0.000986227,0.000989001,-42.1068,0.000986227,0.000986227,0.000986227
-0.813286,0.443399,0.443399,0.443399,0.443399,0.443399,0.443399
-9.27883,9.33807e-05,0.000147371,-693.469,9.33808e-05,9.33808e-05,9.33808e-05
5.21535,184.075,184.075,176.652,184.075,184.075,184.075
2.31386,10.1134,10.1134,10.1118,10.1134,10.1134,10.1134
4.58763,98.2608,98.2609,96.373,98.2608,98.2608,98.2608
5.08362,161.357,161.356,155.715,161.357,161.357,161.357
2.99236,19.9327,19.9327,19.9111,19.9327,19.9327,19.9327
3.74868,42.465,42.465,42.2402,42.465,42.465,42.465
7.24534,1401.56,1401.56,1127.94,1401.56,1401.56,1401.56
8.20796,3670.03,3670.03,2534.19,3670.03,3670.03,3670.03
-7.8203,0.000401501,0.00041436,-135.608,0.000401501,0.000401501,0.000401501
-6.13591,0.00216376,0.00216351,-13.2233,0.00216376,0.00216376,0.00216376
2.26255,9.60755,9.60755,9.60634,9.60755,9.60755,9.60755
-4.95474,0.00704991,0.00705052,-1.67234,0.00704991,0.00704991,0.00704991
-7.49156,0.000557772,0.000550201,-89.9047,0.000557772,0.000557772,0.000557772
-8.27183,0.000255618,0.000272333,-231.892,0.000255618,0.000255618,0.000255618
2.65377,14.2075,14.2075,14.2012,14.2075,14.2075,14.2075
8.43422,4601.86,4601.86,3044.13,4601.86,4601.86,4601.86
-7.98788,0.000339553,0.000356285,-166.088,0.000339553,0.000339553,0.000339553
1.05243,2.86459,2.86459,2.86459,2.86459,2.86459,2.86459
4.9024,134.612,134.612,130.786,134.612,134.612,134.612
-2.35646,0.0947553,0.0947553,0.0935603,0.0947553,0.0947553,0.0947553
-3.44988,0.0317495,0.0317497,-0.0180926,0.0317495,0.0317495,0.0317495
-2.48417,0.0833946,0.0833946,0.0813886,0.0833946,0.0833946,0.0833946
8.58199,5334.71,5334.71,3426.49,5334.71,5334.71,5334.71
-4.2106,0.0148375,0.0148372,-0.331842,0.0148375,0.0148375,0.0148375
-8.80881,0.000149412,0.000108889,-422.61,0.000149412,0.000149412,0.000149412
6.64935,772.279,772.279,667.406,772.279,772.279,772.279
-3.30296,0.0367743,0.0367745,0.0041779,0.0367743,0.0367743,0.0367743
-1.71284,0.180353,0.180353,0.180302,0.180353,0.180353,0.180353
7.82207,2495.05,2495.05,1842.45,2495.05,2495.05,2495.05
7.19214,1328.94,1328.94,1077.1,1328.94,1328.94,1328.94
-6.45279,0.00157612,0.00156859,-21.4662,0.00157612,0.00157612,0.00157612
6.58419,723.568,723.568,629.535,723.568,723.568,723.568
-7.57618,0.000512516,0.000518475,-100.112,0.000512516,0.000512516,0.000512516
-8.07634,0.000310805,0.000305184,-184.526,0.000310805,0.000310805,0.000310805
-6.77351,0.00114367,0.00115357,-34.2117,0.00114367,0.00114367,0.00114367
8.66359,5788.26,5788.26,3656.09,5788.26,5788.26,5788.26
-4.66089,0.00945804,0.00945776,-0.919561,0.00945804,0.00945804,0.00945804
-9.73029,5.9455e-05,0.000121601,-1089.76,5.9455e-05,5.9455e-05,5.9455e-05
7.61759,2033.66,2033.66,1551.26,2033.65,2033.65,2033.66
-2.64758,0.0708225,0.0708226,0.0670761,0.0708225,0.0708225,0.0708225
-0.711271,0.49102,0.49102,0.49102,0.49102,0.49102,0.49102
6.49805,663.849,663.849,582.561,663.849,663.849,663.849
0.670809,1.95582,1.95582,1.95582,1.95582,1.95582,1.95582
-5.7091,0.00331565,0.00331399,-6.59945,0.00331565,0.00331565,0.00331565
-9.33707,8.80973e-05,1.48193e-05,-736.032,8.80974e-05,8.80974e-05,8.80974e-05
6.82268,918.446,918.446,778.853,918.446,918.446,918.446
3.30488,27.2452,27.2452,27.1848,27.2452,27.2452,27.2452
-7.89337,0.000373208,0.00039879,-148.224,0.000373208,0.000373208,0.000373208
7.06085,1165.43,1165.43,960.634,1165.43,1165.43,1165.43
5.27292,194.985,194.985,186.632,194.985,194.985,194.985
-1.92871,0.145335,0.145335,0.145169,0.145335,0.145335,0.145335
-8.32838,0.000241562,0.000236893,-247.484,0.000241562,0.000241562,0.000241562
-6.32499,0.00179098,0.00179357,-17.7093,0.00179098,0.00179098,0.00179098
-4.84053,0.00790287,0.00790384,-1.33213,0.00790287,0.00790287,0.00790287
-5.35308,0.00473355,0.00473147,-3.54202,0.00473355,0.00473355,0.00473355
4.17991,65.3601,65.3601,64.6547,65.3601,65.3601,65.3601
-4.43421,0.0118645,0.0118645,-0.561028,0.0118645,0.0118645,0.0118645
-1.95906,0.14099,0.14099,0.140796,0.14099,0.14099,0.14099
8.95761,7766.81,7766.81,4605.66,7766.81,7766.81,7766.81
-9.54206,7.17688e-05,8.22546e-05,-904.997,7.17688e-05,7.17688e-05,7.17688e-05
6.09968,445.715,445.715,405.174,445.715,445.715,445.715
-1.95575,0.141458,0.141458,0.141267,0.141458,0.141458,0.141458
-5.93115,0.00265542,0.00265523,-9.53535,0.00265542,0.00265542,0.00265542
2.60895,13.5848,13.5848,13.5795,13.5848,13.5848,13.5848
-3.62614,0.0266186,0.0266184,-0.0543967,0.0266186,0.0266186,0.0266186
-7.93387,0.000358397,0.000354172,-155.657,0.000358397,0.000358397,0.000358397
9.24654,10368.6,10368.6,5754.17,10368.6,10368.6,10368.6
-1.48509,0.226481,0.226481,0.226469,0.226481,0.226481,0.226481
-7.32762,0.000657139,0.000667942,-72.733,0.000657139,0.000657139,0.000657139
-2.74002,0.0645693,0.0645696,0.0593257,0.0645693,0.0645693,0.0645693
2.07722,7.98227,7.98227,7.98176,7.98227,7.98227,7.98227
-8.46285,0.000211169,0.000173841,-288.372,0.000211169,0.000211169,0.000211169
-1.26063,0.283475,0.283475,0.283473,0.283475,0.283475,0.283475
-8.51612,0.000200215,0.000155946,-306.169,0.000200215,0.000200215,0.000200215
-0.497448,0.608081,0.608081,0.608081,0.608081,0.608081,0.608081
-3.57251,0.0280853,0.0280851,-0.0419798,0.0280853,0.0280853,0.0280853
-1.78789,0.167313,0.167313,0.167234,0.167313,0.167313,0.167313
-3.05875,0.0469462,0.0469462,0.0315538,0.0469462,0.0469462,0.0469462
4.36492,78.6432,78.6432,77.5289,78.6432,78.6432,78.6432
7.30891,1493.55,1493.55,1191.61,1493.55,1493.55,1493.55
-5.40093,0.0045124,0.00451045,-3.86053,0.0045124,0.0045124,0.0045124
5.92418,373.971,373.971,344.501,373.971,373.971,373.971
9.06196,8621.07,8621.07,4993.71,8621.06,8621.06,8621.06
-8.80428,0.000150089,0.000183157,-420.546,0.000150089,0.000150089,0.000150089
8.45234,4686.01,4686.01,3088.81,4686.01,4686.01,4686.01
-3.09836,0.0451231,0.0451232,0.0276682,0.0451231,0.0451231,0.0451231
-9.79035,5.59894e-05,-5.75803e-05,-1155.41,5.59894e-05,5.59894e-05,5.59894e-05
3.7921,44.3496,44.3496,44.096,44.3496,44.3496,44.3496
1.70229,5.48652,5.48652,5.48645,5.48652,5.48652,5.48652
3.42361,30.68,30.68,30.5928,30.68,30.68,30.68
2.13768,8.47973,8.47973,8.47906,8.47973,8.47973,8.47973
9.90827,20095.9,20095.9,9434.17,20095.9,20095.9,20095.9
2.31007,10.0751,10.0751,10.0736,10.0751,10.0751,10.0751
-4.62046,0.00984831,0.00984776,-0.84394,0.00984831,0.00984831,0.00984831
3.92749,50.7795,50.7795,50.4131,50.7795,50.7795,50.7795
-9.50792,7.4261e-05,-3.07435e-05,-874.661,7.42611e-05,7.42611e-05,7.42611e-05
6.62661,754.916,754.916,653.951,754.916,754.916,754.916
-8.12237,0.000296825,0.000324012,-194.823,0.000296825,0.000296825,0.000296825
-2.60547,0.0738686,0.0738685,0.0706669,0.0738686,0.0738686,0.0738686
6.13763,462.954,462.954,419.564,462.953,462.953,462.953
-8.76334,0.000156362,0.000196889,-402.264,0.000156362,0.000156362,0.000156362
0.209455,1.23301,1.23301,1.23301,1.23301,1.23301,1.23301
-0.230873,0.79384,0.79384,0.79384,0.79384,0.79384,0.79384
9.41758,12302.8,12302.8,6552,12302.8,12302.8,12302.8
6.73254,839.28,839.28,718.885,839.28,839.28,839.28
-9.7069,6.08622e-05,0.000270809,-1065.1,6.08622e-05,6.08622e-05,6.08622e-05
-7.32213,0.000660754,0.000675479,-72.2129,0.000660754,0.000660754,0.000660754
-1.51498,0.219813,0.219813,0.219798,0.219813,0.219813,0.219813
-6.68804,0.00124572,0.00125121,-30.2838,0.00124572,0.00124572,0.00124572
-9.44471,7.91073e-05,0.000176366,-820.866,7.91074e-05,7.91074e-05,7.91074e-05
-1.95883,0.141024,0.141024,0.14083,0.141024,0.141024,0.141024
1.91188,6.76578,6.76578,6.76556,6.76578,6.76578,6.76578
4.53456,93.1821,93.1821,91.5135,93.1821,93.1821,93.1821
-0.562024,0.570054,0.570054,0.570054,0.570054,0.570054,0.570054
8.93456,7589.79,7589.79,4523.74,7589.79,7589.79,7589.79
-1.32057,0.266983,0.266983,0.266979,0.266983,0.266983,0.266983
-3.63132,0.0264811,0.0264812,-0.0556684,0.0264811,0.0264811,0.0264811
9.33514,11329.2,11329.2,6155.62,11329.2,11329.2,11329.2
-2.86937,0.0567346,0.0567345,0.0484969,0.0567346,0.0567346,0.0567346
-3.82762,0.0217613,0.0217615,-0.115407,0.0217613,0.0217613,0.0217613
-3.87903,0.0206709,0.0206714,-0.135513,0.0206709,0.0206709,0.0206709
0.835758,2.30656,2.30656,2.30656,2.30656,2.30656,2.30656
1.66032,5.26098,5.26098,5.26093,5.26098,5.26098,5.26098
0.964799,2.62426,2.62426,2.62426,2.62426,2.62426,2.62426
-1.92159,0.146374,0.146374,0.146213,0.146374,0.146374,0.146374
8.76395,6399.34,6399.34,3957.84,6399.34,6399.34,6399.34
8.36763,4305.44,4305.44,2885.03,4305.44,4305.44,4305.44
8.64565,5685.38,5685.38,3604.44,5685.38,5685.38,5685.38
-2.12504,0.119428,0.119428,0.118995,0.119428,0.119428,0.119428
2.83447,17.0215,17.0215,17.0091,17.0215,17.0215,17.0215
1.06582,2.90323,2.90323,2.90323,2.90323,2.90323,2.90323
3.96163,52.5427,52.5427,52.1415,52.5427,52.5427,52.5427
-7.81752,0.000402619,0.000399717,-135.148,0.000402619,0.000402619,0.000402619
-5.37817,0.00461624,0.00461505,-3.70603,0.00461624,0.00461624,0.00461624
-1.28814,0.275784,0.275784,0.275781,0.275784,0.275784,0.275784
4.63097,102.614,102.614,100.528,102.614,102.614,102.614
-3.6275,0.0265827,0.0265829,-0.0547269,0.0265827,0.0265827,0.0265827
-3.1333,0.0435736,0.0435738,0.0240971,0.0435736,0.0435736,0.0435736
8.72661,6164.81,6164.81,3843.01,6164.81,6164.81,6164.81
-1.28115,0.277719,0.277719,0.277716,0.277719,0.277719,0.277719
-6.12002,0.00219841,0.00219958,-12.8973,0.00219841,0.00219841,0.00219841
2.66769,14.4066,14.4066,14.4,14.4066,14.4066,14.4066
7.17559,1307.13,1307.13,1061.72,1307.13,1307.13,1307.13
6.29054,539.447,539.447,482.603,539.447,539.447,539.447
-7.59837,0.000501266,0.000486978,-102.955,0.000501266,0.000501266,0.000501266
-0.44891,0.638324,0.638324,0.638324,0.638324,0.638324,0.638324
0.732857,2.08102,2.08102,2.08102,2.08102,2.08102,2.08102
-5.74435,0.00320082,0.00319952,-7.00331,0.00320082,0.00320082,0.00320082
-1.99833,0.135562,0.135562,0.135326,0.135562,0.135562,0.135562
-6.62434,0.00132765,0.00133408,-27.6237,0.00132765,0.00132765,0.00132765
6.4031,603.713,603.713,534.614,603.713,603.713,603.713
-5.97615,0.00253859,0.00254001,-10.2558,0.00253859,0.00253859,0.00253859
-7.11759,0.000810721,0.000794758,-55.0384,0.000810721,0.000810721,0.000810721
-9.32941,8.87747e-05,0.000155118,-730.304,8.87748e-05,8.87748e-05,8.87748e-05
4.02275,55.8543,55.8543,55.383,55.8543,55.8543,55.8543
-6.83883,0.00107136,0.00107743,-37.5137,0.00107136,0.00107136,0.00107136
-5.25104,0.00524206,0.00524204,-2.93972,0.00524206,0.00524206,0.00524206
2.43685,11.437,11.437,11.4344,11.437,11.437,11.437
7.86407,2602.08,2602.08,1908.21,2602.08,2602.08,2602.08
2.36888,10.6854,10.6854,10.6834,10.6854,10.6854,10.6854
1.68054,5.36843,5.36843,5.36838,5.36843,5.36843,5.36843
5.97859,394.885,394.885,362.323,394.885,394.885,394.885
-8.80426,0.000150092,0.000151804,-420.538,0.000150092,0.000150092,0.000150092
-3.54643,0.0288275,0.0288274,-0.0364074,0.0288275,0.0288275,0.0288275
-7.55993,0.000520913,0.000518914,-98.0753,0.000520913,0.000520913,0.000520913
-4.71702,0.00894179,0.00894097,-1.03433,0.00894179,0.00894179,0.00894179
-7.69165,0.000456624,0.000445887,-115.709,0.000456624,0.000456624,0.000456624
5.89976,364.951,364.951,336.778,364.951,364.951,364.951
6.50797,670.462,670.462,587.794,670.462,670.462,670.462
5.6621,287.753,287.753,269.733,287.753,287.753,287.753
-0.776808,0.459872,0.459872,0.459872,0.459872,0.459872,0.459872
4.28046,72.2738,72.2738,71.3673,72.2738,72.2738,72.2738
-1.2089,0.298525,0.298525,0.298523,0.298525,0.298525,0.298525
-0.946883,0.387948,0.387948,0.387948,0.387948,0.387948,0.387948
8.98994,8021.95,8021.95,4722.8,8021.95,8021.95,8021.95
6.05007,424.143,424.143,387.067,424.143,424.143,424.143
-4.03031,0.0177689,0.0177686,-0.20882,0.0177689,0.0177689,0.0177689
7.14291,1265.11,1265.11,1031.96,1265.11,1265.11,1265.11
1.22256,3.39588,3.39588,3.39587,3.39588,3.39588,3.39588
6.96235,1056.11,1056.11,881.104,1056.11,1056.11,1056.11
-6.04256,0.00237548,0.00238118,-11.4081,0.00237548,0.00237548,0.00237548
6.80465,902.028,902.028,766.49,902.028,902.028,902.028
-3.30261,0.0367872,0.0367873,0.00422451,0.0367872,0.0367872,0.0367872
-5.25741,0.00520879,0.00521126,-2.97444,0.00520879,0.00520879,0.00520879
1.60613,4.98349,4.98349,4.98345,4.98349,4.98349,4.98349
-2.02848,0.131536,0.131536,0.131262,0.131536,0.131536,0.131536
-6.96578,0.000943627,0.000935853,-44.7562,0.000943627,0.000943627,0.000943627
-4.02484,0.0178664,0.0178664,-0.20575,0.0178664,0.0178664,0.0178664
-1.14238,0.319059,0.319059,0.319058,0.319059,0.319059,0.319059
-9.19594,0.00010145,0.000176567,-636.683,0.00010145,0.00010145,0.00010145
-3.45958,0.0314429,0.031443,-0.0197836,0.0314429,0.0314429,0.0314429
-9.22564,9.84818e-05,9.34894e-05,-656.533,9.84819e-05,9.84819e-05,9.84819e-05
1.74766,5.74118,5.74118,5.74109,5.74118,5.74118,5.74118
6.17507,480.617,480.617,434.237,480.617,480.617,480.617
-5.4112,0.0044663,0.00446953,-3.93213,0.0044663,0.0044663,0.0044663
-8.16222,0.000285227,0.000297751,-204.151,0.000285227,0.000285227,0.000285227
-5.05951,0.00634866,0.00634619,-2.04988,0.00634866,0.00634866,0.00634866
6.09729,444.652,444.652,404.285,444.652,444.652,444.652
0.622116,1.86287,1.86287,1.86287,1.86287,1.86287,1.86287
-3.61218,0.0269928,0.0269929,-0.0510336,0.0269928,0.0269928,0.0269928
3.54304,34.5719,34.5719,34.4472,34.5719,34.5719,34.5719
-5.53484,0.00394683,0.00394701,-4.89209,0.00394683,0.00394683,0.00394683
-3.97026,0.0188686,0.0188686,-0.176946,0.0188686,0.0188686,0.0188686
8.08233,3236.77,3236.77,2286.32,3236.77,3236.77,3236.77
9.49699,13319.6,13319.6,6955.71,13319.6,13319.6,13319.6
-4.00498,0.0182247,0.0182243,-0.194894,0.0182247,0.0182247,0.0182247
8.01192,3016.72,3016.72,2157.39,3016.72,3016.72,3016.72
5.89504,363.232,363.232,335.303,363.232,363.232,363.232
4.87124,130.483,130.483,126.908,130.483,130.483,130.483
9.39985,12086.5,12086.5,6464.82,12086.5,12086.5,12086.5
-3.28958,0.0372697,0.0372696,0.00593948,0.0372697,0.0372697,0.0372697
-8.87373,0.000140019,0.000102785,-453.257,0.000140019,0.000140019,0.000140019
-1.21033,0.2981,0.2981,0.298098,0.2981,0.2981,0.2981
-2.29428,0.100834,0.100834,0.0999152,0.100834,0.100834,0.100834
-9.22201,9.88401e-05,9.34512e-05,-654.076,9.88402e-05,9.88402e-05,9.88402e-05
-2.99708,0.0499325,0.0499326,0.0373196,0.0499325,0.0499325,0.0499325
-5.78759,0.00306536,0.00306434,-7.52882,0.00306536,0.00306536,0.00306536
-3.53856,0.0290552,0.0290554,-0.0347819,0.0290552,0.0290552,0.0290552
9.18412,9741.21,9741.2,5485.9,9741.2,9741.2,9741.2
0.684018,1.98182,1.98182,1.98182,1.98182,1.98182,1.98182
-1.61094,0.1997,0.1997,0.199672,0.1997,0.1997,0.1997
1.73992,5.69687,5.69687,5.69679,5.69687,5.69687,5.69687
9.64375,15425.2,15425.2,7762.16,15425.1,15425.1,15425.1
0.819176,2.26863,2.26863,2.26863,2.26863,2.26863,2.26863
7.94115,2810.6,2810.6,2034.59,2810.6,2810.6,2810.6
-2.55886,0.0773929,0.077393,0.0747106,0.0773929,0.0773929,0.0773929
-9.87162,5.16192e-05,4.99099e-05,-1249.86,5.16192e-05,5.16192e-05,5.16192e-05
-0.634926,0.529975,0.529975,0.529975,0.529975,0.529975,0.529975
-1.588,0.204334,0.204334,0.204309,0.204334,0.204334,0.204334
3.5547,34.9774,34.9774,34.8483,34.9774,34.9774,34.9774
-2.32674,0.0976131,0.0976131,0.0965581,0.0976131,0.0976131,0.0976131
-3.3227,0.0360553,0.0360552,0.00150594,0.0360553,0.0360553,0.0360553
-8.95814,0.000128686,6.74519e-05,-496.054,0.000128686,0.000128686,0.000128686
-9.21184,9.98503e-05,0.000142272,-647.241,9.98503e-05,9.98503e-05,9.98503e-05
1.77291,5.88799,5.88799,5.88789,5.88799,5.88799,5.88799
8.78288,6521.66,6521.66,4017.27,6521.66,6521.66,6521.66
5.77592,322.442,322.442,300.077,322.442,322.442,322.442
8.45932,4718.84,4718.84,3106.18,4718.84,4718.84,4718.84
-7.40943,0.000605517,0.000597443,-80.8964,0.000605517,0.000605517,0.000605517
-4.45276,0.0116464,0.0116464,-0.584922,0.0116464,0.0116464,0.0116464
-0.392693,0.675236,0.675236,0.675236,0.675236,0.675236,0.675236
-2.60113,0.0741898,0.0741899,0.0710402,0.0741898,0.0741898,0.0741898
8.40201,4456.01,4456.01,2966.19,4456.01,4456.01,4456.01
-8.80471,0.000150024,0.000157039,-420.742,0.000150024,0.000150024,0.000150024
7.98779,2944.77,2944.77,2114.75,2944.77,2944.77,2944.77
-5.39585,0.00453537,0.00453557,-3.82557,0.00453537,0.00453537,0.00453537
-4.8973,0.00746674,0.00746666,-1.49268,0.00746674,0.00746674,0.00746674
-3.93553,0.0195354,0.0195361,-0.160242,0.0195354,0.0195354,0.0195354
-0.015379,0.984739,0.984739,0.984739,0.984739,0.984739,0.984739
-4.2366,0.0144566,0.0144568,-0.353587,0.0144566,0.0144566,0.0144566
4.78838,120.107,120.107,117.13,120.107,120.107,120.107
8.54501,5141.05,5141.06,3326.88,5141.05,5141.05,5141.05
4.51337,91.229,91.229,89.6412,91.229,91.229,91.229
1.38122,3.97975,3.97975,3.97974,3.97975,3.97975,3.97975
1.32688,3.76925,3.76925,3.76925,3.76925,3.76925,3.76925
-1.34186,0.261358,0.261358,0.261353,0.261358,0.261358,0.261358
9.61551,14995.6,14995.6,7600.65,14995.6,14995.6,14995.6
0.626889,1.87178,1.87178,1.87178,1.87178,1.87178,1.87178
0.727789,2.0705,2.0705,2.0705,2.0705,2.0705,2.0705
8.91961,7477.21,7477.21,4471.36,7477.21,7477.21,7477.21
2.82944,16.9359,16.9359,16.9238,16.9359,16.9359,16.9359
-9.58047,6.90644e-05,-7.1463e-05,-940.25,6.90644e-05,6.90644e-05,6.90644e-05
6.19863,492.073,492.073,443.714,492.073,492.073,492.073
-7.51796,0.000543238,0.000531395,-92.9851,0.000543238,0.000543238,0.000543238
2.73562,15.4194,15.4194,15.4108,15.4194,15.4194,15.4194
-4.04025,0.017593,0.017593,-0.214492,0.017593,0.017593,0.017593
2.99291,19.9436,19.9436,19.922,19.9436,19.9436,19.9436
7.20551,1346.83,1346.83,1089.66,1346.83,1346.83,1346.83
-5.13964,0.00585978,0.00586158,-2.38781,0.00585978,0.00585978,0.00585978
-7.93891,0.000356595,0.000365275,-156.605,0.000356595,0.000356595,0.000356595
-3.17596,0.0417541,0.0417541,0.0195267,0.0417541,0.0417541,0.0417541
6.482,653.278,653.278,574.181,653.278,653.278,653.278
-2.4928,0.0826782,0.0826782,0.0806028,0.0826782,0.0826782,0.0826782
9.51087,13505.7,13505.7,7028.55,13505.7,13505.7,13505.7
-0.957317,0.383921,0.383921,0.383921,0.383921,0.383921,0.383921
-1.67673,0.186985,0.186985,0.186943,0.186985,0.186985,0.186985
0.341326,1.40681,1.40681,1.40681,1.40681,1.40681,1.40681
9.8451,18865.8,18865.8,9007.51,18865.8,18865.8,18865.8
-1.60996,0.199896,0.199896,0.199868,0.199896,0.199896,0.199896
2.09377,8.11548,8.11548,8.11493,8.11548,8.11548,8.11548
-2.40322,0.0904266,0.0904265,0.0889774,0.0904266,0.0904266,0.0904266
-4.31247,0.0134005,0.0134006,-0.423858,0.0134005,0.0134005,0.0134005
3.06585,21.4526,21.4526,21.4249,21.4526,21.4526,21.4526
7.01796,1116.51,1116.51,925.215,1116.51,1116.51,1116.51
2.62902,13.8602,13.8602,13.8545,13.8602,13.8602,13.8602
4.77082,118.016,118.016,115.153,118.016,118.016,118.016
-9.0814,0.000113762,0.000102115,-565.039,0.000113762,0.000113762,0.000113762
0.900688,2.4613,2.4613,2.4613,2.4613,2.4613,2.4613
-6.52737,0.00146284,0.00146351,-23.9737,0.00146284,0.00146284,0.00146284
6.86175,955.038,955.038,806.276,955.038,955.038,955.038
-3.87794,0.0206934,0.0206936,-0.135065,0.0206934,0.0206934,0.0206934
-2.22279,0.108307,0.108307,0.107633,0.108307,0.108307,0.108307
3.31191,27.4374,27.4374,27.3756,27.4374,27.4374,27.4374
-5.14046,0.00585498,0.00585439,-2.39151,0.00585498,0.00585498,0.00585498
6.94936,1042.48,1042.48,871.09,1042.48,1042.48,1042.48
-0.872347,0.417969,0.417969,0.417969,0.417969,0.417969,0.417969
-5.07004,0.00628215,0.0062822,-2.09172,0.00628215,0.00628215,0.00628215
8.70733,6047.07,6047.07,3784.9,6047.07,6047.07,6047.07
5.43648,229.632,229.632,218.024,229.632,229.632,229.632
3.39854,29.9205,29.9205,29.8397,29.9205,29.9205,29.9205
-8.14475,0.000290256,0.000267468,-200.013,0.000290256,0.000290256,0.000290256
3.33421,28.0561,28.0561,27.9899,28.0561,28.0561,28.0561
1.9288,6.88124,6.88124,6.881,6.88124,6.88124,6.88124
-2.57954,0.0758092,0.0758092,0.0729067,0.0758092,0.0758092,0.0758092
-8.46595,0.000210517,0.000210449,-289.38,0.000210517,0.000210517,0.000210517
-4.07034,0.0170715,0.0170711,-0.232372,0.0170715,0.0170715,0.0170715
-4.63751,0.00968176,0.009681,-0.875148,0.00968176,0.00968176,0.00968176
7.66913,2141.23,2141.23,1620.34,2141.23,2141.23,2141.23
5.29036,198.414,198.414,189.759,198.414,198.414,198.414
-1.41055,0.244009,0.244009,0.244002,0.244009,0.244009,0.244009
-8.33415,0.000240173,0.00021362,-249.125,0.000240173,0.000240173,0.000240173
-5.6946,0.00336408,0.00336587,-6.4394,0.00336408,0.00336408,0.00336408
1.93538,6.92669,6.92669,6.92644,6.92669,6.92669,6.92669
4.76994,117.912,117.912,115.055,117.912,117.912,117.912
2.01376,7.49147,7.49146,7.4911,7.49146,7.49146,7.49146
0.148257,1.15981,1.15981,1.15981,1.15981,1.15981,1.15981
-4.6055,0.00999671,0.00999573,-0.817377,0.00999671,0.00999671,0.00999671
-7.28092,0.000688551,0.000695537,-68.4111,0.000688551,0.000688551,0.000688551
8.67396,5848.6,5848.6,3686.26,5848.6,5848.6,5848.6
-3.53747,0.0290868,0.0290864,-0.0345599,0.0290868,0.0290868,0.0290868
-0.18498,0.831121,0.831121,0.831121,0.831121,0.831121,0.831121
-0.0989838,0.905757,0.905757,0.905757,0.905757,0.905757,0.905757
3.1139,22.5086,22.5086,22.4761,22.5086,22.5086,22.5086
-0.142135,0.867504,0.867504,0.867504,0.867504,0.867504,0.867504
5.31412,203.186,203.186,194.104,203.186,203.186,203.186
-6.547,0.00143441,0.00143589,-24.6756,0.00143441,0.00143441,0.00143441
6.00978,407.394,407.394,372.929,407.394,407.394,407.394
-1.23688,0.29029,0.29029,0.290288,0.29029,0.29029,0.29029
-1.05623,0.347765,0.347765,0.347764,0.347765,0.347765,0.347765
4.54434,94.0982,94.0982,92.391,94.0982,94.0982,94.0982
1.869,6.48183,6.48183,6.48166,6.48183,6.48183,6.48183
4.03452,56.516,56.516,56.03,56.516,56.516,56.516
-9.58687,6.86237e-05,6.05754e-05,-946.243,6.86238e-05,6.86238e-05,6.86238e-05
-7.27905,0.000689843,0.000699183,-68.2425,0.000689843,0.000689843,0.000689843
2.44642,11.5469,11.5469,11.5442,11.5469,11.5469,11.5469
-1.28771,0.275903,0.275903,0.2759,0.275903,0.275903,0.275903
-8.92294,0.000133296,0.000128513,-477.786,0.000133296,0.000133296,0.000133296
7.58797,1974.3,1974.3,1512.81,1974.3,1974.3,1974.3
4.62478,101.98,101.98,99.9238,101.98,101.98,101.98
-9.37389,8.49126e-05,-4.52979e-05,-764.127,8.49126e-05,8.49126e-05,8.49126e-05
5.90522,366.949,366.949,338.49,366.949,366.949,366.949
5.62924,278.451,278.451,261.533,278.451,278.451,278.451
-1.31579,0.268263,0.268263,0.268259,0.268263,0.268263,0.268263
-2.10425,0.121937,0.121937,0.121544,0.121937,0.121937,0.121937
9.71321,16534.6,16534.6,8172.77,16534.6,16534.6,16534.6
6.58318,722.837,722.836,628.964,722.837,722.837,722.837
-3.03032,0.0483002,0.0483003,0.0342512,0.0483002,0.0483002,0.0483002
-1.44254,0.236326,0.236326,0.236317,0.236326,0.236326,0.236326
-9.21381,9.96537e-05,8.26579e-05,-648.561,9.96538e-05,9.96538e-05,9.96538e-05
8.48168,4825.54,4825.54,3162.43,4825.54,4825.54,4825.54
2.67339,14.489,14.489,14.4823,14.489,14.489,14.489
-1.04536,0.351565,0.351565,0.351565,0.351565,0.351565,0.351565
3.77267,43.496,43.4959,43.2556,43.4959,43.4959,43.496
1.13021,3.09632,3.09632,3.09632,3.09632,3.09632,3.09632
6.36231,579.582,579.582,515.181,579.582,579.582,579.582
1.33751,3.80953,3.80953,3.80952,3.80953,3.80953,3.80953
-5.44956,0.00429819,0.00429886,-4.21022,0.00429819,0.00429819,0.00429819
2.02842,7.60206,7.60206,7.60167,7.60206,7.60206,7.60206
4.32635,75.6678,75.6677,74.6532,75.6678,75.6678,75.6678
-5.18344,0.00560867,0.00560985,-2.5927,0.00560867,0.00560867,0.00560867
7.82849,2511.14,2511.14,1852.37,2511.14,2511.14,2511.14
1.64184,5.16469,5.16469,5.16464,5.16469,5.16469,5.16469
-3.99691,0.0183723,0.0183721,-0.190609,0.0183723,0.0183723,0.0183723
-7.7966,0.00041113,0.000399654,-131.728,0.00041113,0.00041113,0.00041113
-7.1146,0.000813144,0.000804031,-54.8175,0.000813144,0.000813144,0.000813144
7.35164,1558.75,1558.75,1236.29,1558.75,1558.75,1558.75
8.21366,3691.02,3691.02,2546.01,3691.02,3691.02,3691.02
8.81237,6716.81,6716.81,4111.45,6716.81,6716.81,6716.81
-8.16168,0.000285383,0.000277573,-204.02,0.000285383,0.000285383,0.000285383
-4.37876,0.0125409,0.0125411,-0.494503,0.0125409,0.0125409,0.0125409
7.45857,1734.66,1734.66,1355,1734.66,1734.66,1734.66
-3.72722,0.0240597,0.0240599,-0.0818336,0.0240597,0.0240597,0.0240597
-5.00167,0.00672673,0.00672614,-1.83304,0.00672673,0.00672673,0.00672673
-3.55497,0.0285823,0.0285824,-0.0382001,0.0285823,0.0285823,0.0285823
-3.43019,0.0323806,0.0323806,-0.0147561,0.0323806,0.0323806,0.0323806
2.48456,11.9959,11.9959,11.9927,11.9959,11.9959,11.9959
-5.75686,0.00316103,0.00315948,-7.15182,0.00316103,0.00316103,0.00316103
-8.70432,0.000165868,0.000157759,-377.158,0.000165868,0.000165868,0.000165868
7.25656,1417.37,1417.37,1138.94,1417.37,1417.37,1417.37
3.82936,46.0331,46.0331,45.7521,46.0331,46.0331,46.0331
-8.52504,0.000198437,0.000217508,-309.243,0.000198437,0.000198437,0.000198437
-3.21144,0.0402983,0.0402983,0.0155226,0.0402983,0.0402983,0.0402983
-5.71454,0.00329768,0.00329539,-6.66033,0.00329768,0.00329768,0.00329768
-7.83248,0.000396641,0.000414884,-137.642,0.000396641,0.000396641,0.000396641
7.63532,2070.03,2070.03,1574.71,2070.03,2070.03,2070.03
7.8195,2488.65,2488.65,1838.5,2488.65,2488.65,2488.65
-4.43911,0.0118064,0.0118058,-0.567262,0.0118064,0.0118064,0.0118064
-6.76536,0.00115303,0.00114835,-33.8184,0.00115303,0.00115303,0.00115303
3.77647,43.6616,43.6616,43.4187,43.6616,43.6616,43.6616
4.83085,125.317,125.317,122.046,125.317,125.317,125.317
-1.50183,0.222722,0.222722,0.222707,0.222722,0.222722,0.222722
-6.86705,0.00104154,0.00103244,-39.0265,0.00104154,0.00104154,0.00104154
-4.90856,0.0073831,0.00738257,-1.52651,0.0073831,0.0073831,0.0073831
-9.38292,8.41493e-05,3.0382e-05,-771.162,8.41493e-05,8.41493e-05,8.41493e-05
-0.81868,0.441013,0.441013,0.441013,0.441014,0.441014,0.441013
-8.39017,0.000227088,0.000239109,-265.582,0.000227088,0.000227088,0.000227088
7.29589,1474.23,1474.23,1178.31,1474.23,1474.23,1474.23
-1.11333,0.328465,0.328465,0.328464,0.328465,0.328465,0.328465
-4.64802,0.00958058,0.00958132,-0.894867,0.00958058,0.00958058,0.00958058
1.16856,3.21736,3.21736,3.21735,3.21736,3.21736,3.21736
-6.17418,0.00208251,0.0020859,-14.039,0.00208251,0.00208251,0.00208251
3.02367,20.5666,20.5666,20.5426,20.5666,20.5666,20.5666
-9.88352,5.10083e-05,-1.20352e-05,-1264.26,5.10083e-05,5.10083e-05,5.10083e-05
-4.59437,0.0101086,0.0101085,-0.798086,0.0101086,0.0101086,0.0101086
4.88387,132.14,132.14,128.466,132.14,132.14,132.14
1.33393,3.79594,3.79594,3.79594,3.79594,3.79594,3.79594
8.6947,5971.17,5971.17,3747.29,5971.17,5971.17,5971.17
7.96965,2891.86,2891.86,2083.24,2891.86,2891.86,2891.86
-1.23188,0.291744,0.291744,0.291742,0.291744,0.291744,0.291744
-8.02778,0.000326272,0.000324563,-174.19,0.000326272,0.000326272,0.000326272
3.8704,47.9615,47.9615,47.6473,47.9615,47.9615,47.9615
-6.77597,0.00114087,0.00113937,-34.3308,0.00114087,0.00114087,0.00114087
0.813323,2.25539,2.25539,2.25539,2.25539,2.25539,2.25539
-5.42538,0.00440341,0.00440427,-4.03296,0.00440341,0.00440341,0.00440341
6.67635,793.416,793.416,683.721,793.416,793.416,793.416
-0.742683,0.475835,0.475835,0.475835,0.475835,0.475835,0.475835
-4.17984,0.015301,0.0153005,-0.307546,0.015301,0.015301,0.015301
1.79107,5.99584,5.99584,5.99573,5.99584,5.99584,5.99584
4.5071,90.6587,90.6587,89.0941,90.6587,90.6587,90.6587
-5.2786,0.00509959,0.00510216,-3.09263,0.00509959,0.00509959,0.00509959
-4.82473,0.0080287,0.00802808,-1.29026,0.0080287,0.0080287,0.0080287
-5.00118,0.00672998,0.00672854,-1.83132,0.00672998,0.00672998,0.00672998
-6.66431,0.00127563,0.00127917,-29.2672,0.00127563,0.00127563,0.00127563
5.6803,293.037,293.037,274.379,293.037,293.037,293.037
-4.7494,0.00865685,0.0086566,-1.10611,0.00865685,0.00865685,0.00865685
-1.41476,0.242984,0.242984,0.242976,0.242984,0.242984,0.242984
-8.8096,0.000149293,0.000138169,-422.973,0.000149293,0.000149293,0.000149293
6.66229,782.344,782.344,675.184,782.344,782.344,782.344
6.9366,1029.26,1029.26,861.354,1029.26,1029.26,1029.26
-3.3454,0.0352462,0.0352461,-0.00167644,0.0352462,0.0352462,0.0352462
-3.26277,0.0382821,0.0382822,0.00935721,0.0382821,0.0382821,0.0382821
9.68817,16125.7,16125.7,8022.51,16125.7,16125.7,16125.7
-4.07959,0.0169144,0.0169139,-0.238093,0.0169144,0.0169144,0.0169144
4.23971,69.3876,69.3876,68.5681,69.3876,69.3876,69.3876
1.24448,3.47114,3.47114,3.47114,3.47114,3.47114,3.47114
-1.53051,0.216425,0.216425,0.216408,0.216425,0.216425,0.216425
1.66069,5.26294,5.26294,5.26289,5.26294,5.26294,5.26294
-2.35378,0.0950098,0.0950098,0.0938281,0.0950098,0.0950098,0.0950098
1.553,4.72561,4.72562,4.72559,4.72561,4.72561,4.72561
-8.76652,0.000155865,0.000172689,-403.66,0.000155865,0.000155865,0.000155865
-2.63791,0.0715109,0.071511,0.0678966,0.0715109,0.0715109,0.0715109
-2.82552,0.0592781,0.059278,0.0521933,0.0592781,0.0592781,0.0592781
-1.2863,0.27629,0.27629,0.276287,0.27629,0.27629,0.27629
7.31612,1504.36,1504.36,1199.05,1504.36,1504.36,1504.36
-5.08672,0.00617823,0.00618038,-2.15953,0.00617823,0.00617823,0.00617823
6.52028,678.768,678.768,594.354,678.768,678.768,678.768
-9.59398,6.81377e-05,0.000234515,-952.937,6.81377e-05,6.81377e-05,6.81377e-05
2.90592,18.282,18.282,18.2661,18.282,18.282,18.282
-0.0166664,0.983472,0.983472,0.983472,0.983472,0.983472,0.983472
6.40288,603.58,603.58,534.507,603.579,603.579,603.58
-7.87674,0.000379467,0.000342959,-145.264,0.000379467,0.000379467,0.000379467
9.37725,11816.5,11816.5,6355.29,11816.5,11816.5,11816.5
3.39805,29.9056,29.9056,29.8249,29.9056,29.9056,29.9056
-8.74759,0.000158843,0.000145054,-395.425,0.000158843,0.000158843,0.000158843
-6.41424,0.00163806,0.00163922,-20.2643,0.00163806,0.00163806,0.00163806
-2.88008,0.0561302,0.0561302,0.0475868,0.0561302,0.0561302,0.0561302
-0.407931,0.665025,0.665025,0.665025,0.665025,0.665025,0.665025
-8.37265,0.000231103,0.000204982,-260.332,0.000231103,0.000231103,0.000231103
-8.0709,0.000312501,0.000296541,-183.341,0.000312501,0.000312501,0.000312501
-5.9972,0.0024857,0.00248788,-10.6093,0.0024857,0.0024857,0.0024857
-3.15468,0.0426522,0.0426523,0.021838,0.0426522,0.0426522,0.0426522
2.29052,9.88012,9.88012,9.87874,9.88012,9.88012,9.88012
-8.1625,0.000285149,0.00029245,-204.217,0.000285149,0.000285149,0.000285149
0.199985,1.22138,1.22138,1.22138,1.22138,1.22138,1.22138
0.46554,1.59287,1.59287,1.59287,1.59287,1.59287,1.59287
-7.07853,0.000843011,0.000835603,-52.2094,0.000843011,0.000843011,0.000843011
6.03508,417.834,417.834,381.75,417.834,417.834,417.834
7.17886,1311.41,1311.41,1064.74,1311.41,1311.41,1311.41
1.08851,2.96986,2.96986,2.96986,2.96986,2.96986,2.96986
1.86983,6.48721,6.48721,6.48703,6.48721,6.48721,6.48721
-0.680557,0.506335,0.506335,0.506335,0.506335,0.506335,0.506335
7.18144,1314.8,1314.8,1067.13,1314.8,1314.8,1314.8
9.19781,9875.43,9875.43,5543.72,9875.43,9875.43,9875.43
8.50801,4954.28,4954.28,3229.86,4954.28,4954.28,4954.28
-1.87286,0.153683,0.153683,0.153559,0.153683,0.153683,0.153684
-2.50366,0.0817849,0.0817848,0.079619,0.0817849,0.0817849,0.0817849
-4.48902,0.0112316,0.011231,-0.634172,0.0112316,0.0112316,0.0112316
-4.6888,0.00919773,0.00919779,-0.975149,0.00919773,0.00919773,0.00919773
7.04314,1144.98,1144.98,945.858,1144.98,1144.98,1144.98
-9.69844,6.1379e-05,8.39701e-05,-1056.31,6.1379e-05,6.1379e-05,6.1379e-05
-5.48164,0.0041625,0.00416263,-4.45605,0.0041625,0.0041625,0.0041625
5.07318,159.681,159.681,154.162,159.681,159.681,159.681
-3.89491,0.0203452,0.0203454,-0.142174,0.0203452,0.0203452,0.0203452
9.75831,17297.3,17297.3,8449.91,17297.3,17297.3,17297.3
-2.17923,0.113129,0.113129,0.112574,0.113129,0.113129,0.113129
-5.68931,0.00338193,0.00338488,-6.3819,0.00338193,0.00338193,0.00338193
-4.93182,0.00721338,0.0072146,-1.59847,0.00721338,0.00721338,0.00721338
-2.44962,0.0863267,0.0863267,0.0845783,0.0863266,0.0863266,0.0863267
7.58652,1971.45,1971.45,1510.96,1971.45,1971.45,1971.45
4.40805,82.1094,82.1094,80.8729,82.1094,82.1094,82.1094
-3.41702,0.0328101,0.0328101,-0.0125898,0.0328101,0.0328101,0.0328101
3.57469,35.6836,35.6836,35.5468,35.6836,35.6836,35.6836
-2.43784,0.0873495,0.0873495,0.0856818,0.0873494,0.0873494,0.0873494
8.54674,5149.93,5149.93,3331.47,5149.93,5149.93,5149.93
-9.45533,7.82716e-05,5.28019e-05,-829.691,7.82717e-05,7.82717e-05,7.82717e-05
-5.95009,0.0026056,0.00260595,-9.83294,0.0026056,0.0026056,0.0026056
-0.543348,0.5808,0.5808,0.5808,0.5808,0.5808,0.5808
-3.91298,0.0199808,0.0199806,-0.150026,0.0199808,0.0199808,0.0199808
-3.43862,0.032109,0.0321089,-0.0161691,0.032109,0.032109,0.032109
-5.33309,0.00482914,0.00482737,-3.41603,0.00482914,0.00482914,0.00482914
4.08623,59.5153,59.5153,58.9596,59.5153,59.5153,59.5153
-9.72474,5.97859e-05,0.000119787,-1083.86,5.97859e-05,5.97859e-05,5.97859e-05
8.67187,5836.38,5836.38,3680.15,5836.38,5836.38,5836.38
-4.5566,0.0104977,0.0104977,-0.735539,0.0104977,0.0104977,0.0104977
2.9119,18.3916,18.3916,18.3754,18.3916,18.3916,18.3916
-3.94085,0.0194317,0.0194317,-0.162725,0.0194317,0.0194317,0.0194317
7.86086,2593.75,2593.75,1903.12,2593.75,2593.75,2593.75
7.90179,2702.12,2702.12,1969.12,2702.12,2702.12,2702.12
1.04137,2.83309,2.83309,2.83309,2.83309,2.83309,2.83309
-9.16706,0.000104423,0.000163452,-617.893,0.000104423,0.000104423,0.000104423
7.09082,1200.89,1200.89,986.135,1200.89,1200.89,1200.89
-2.51504,0.0808595,0.0808595,0.0785952,0.0808595,0.0808595,0.0808595
5.86276,351.692,351.692,325.386,351.692,351.692,351.692
-8.71622,0.000163905,0.000191105,-382.106,0.000163905,0.000163905,0.000163905
8.617,5524.8,5524.8,3523.33,5524.8,5524.8,5524.8
3.69059,40.0683,40.0683,39.8773,40.0683,40.0683,40.0683
5.34401,209.35,209.35,199.703,209.35,209.35,209.35
-4.5804,0.0102508,0.0102513,-0.774438,0.0102508,0.0102508,0.0102508
-8.59025,0.000185909,0.000116559,-332.566,0.000185909,0.000185909,0.000185909
9.40661,12168.5,12168.5,6497.94,12168.5,12168.5,12168.5
-9.91105,4.96233e-05,1.30849e-05,-1298.12,4.96233e-05,4.96233e-05,4.96233e-05
9.87524,19442.9,19442.9,9208.79,19442.9,19442.9,19442.9
-1.3639,0.255662,0.255662,0.255656,0.255662,0.255662,0.255662
-5.50733,0.00405691,0.00405883,-4.66212,0.00405691,0.00405691,0.00405691
0.780173,2.18185,2.18185,2.18185,2.18185,2.18185,2.18185
8.5808,5328.34,5328.34,3423.23,5328.34,5328.34,5328.34
-3.84557,0.0213743,0.0213737,-0.122184,0.0213743,0.0213743,0.0213743
-5.17382,0.00566291,0.00566269,-2.54639,0.00566291,0.00566291,0.00566291
0.96374,2.62148,2.62148,2.62148,2.62148,2.62148,2.62148
-7.60089,0.000500005,0.00050266,-103.283,0.000500005,0.000500005,0.000500005
-6.17821,0.00207413,0.00207484,-14.1276,0.00207413,0.00207413,0.00207413
-3.03936,0.0478655,0.0478655,0.0334011,0.0478655,0.0478655,0.0478655
-1.31118,0.269501,0.269501,0.269497,0.269501,0.269501,0.269501
-9.24437,9.66547e-05,0.000121686,-669.333,9.66548e-05,9.66548e-05,9.66548e-05
-7.3759,0.000626163,0.00063797,-77.4569,0.000626163,0.000626163,0.000626163
4.71886,112.041,112.041,109.493,112.041,112.041,112.041
-3.21261,0.0402514,0.0402513,0.0153876,0.0402514,0.0402514,0.0402514
-9.19798,0.000101244,0.000109971,-638.028,0.000101244,0.000101244,0.000101244
-2.85025,0.0578299,0.0578301,0.0501144,0.0578299,0.0578299,0.0578299
-7.72727,0.000440643,0.000439144,-120.939,0.000440643,0.000440643,0.000440643
6.9768,1071.48,1071.48,892.372,1071.48,1071.48,1071.48
0.404308,1.49827,1.49827,1.49827,1.49827,1.49827,1.49827
-9.28263,9.30257e-05,0.00023927,-696.184,9.30258e-05,9.30258e-05,9.30258e-05
-2.55859,0.0774139,0.0774139,0.0747344,0.0774139,0.0774139,0.0774139
1.22947,3.4194,3.4194,3.4194,3.4194,3.4194,3.4194
-7.37138,0.000628997,0.000629302,-77.0039,0.000628997,0.000628997,0.000628997
4.48809,88.9514,88.9514,87.4554,88.9514,88.9514,88.9514
-0.136507,0.8724,0.8724,0.8724,0.8724,0.8724,0.8724
5.58204,265.612,265.612,250.168,265.612,265.612,265.612
-1.68393,0.185643,0.185643,0.185599,0.185643,0.185643,0.185643
1.90891,6.74576,6.74576,6.74554,6.74576,6.74576,6.74576
-9.60268,6.75476e-05,-5.00462e-05,-961.187,6.75476e-05,6.75476e-05,6.75476e-05
-1.76444,0.171283,0.171283,0.171214,0.171283,0.171283,0.171283
-2.52531,0.0800339,0.0800339,0.0776772,0.0800339,0.0800339,0.0800339
7.36179,1574.65,1574.65,1247.12,1574.65,1574.65,1574.65
3.47647,32.3452,32.3452,32.2429,32.3452,32.3452,32.3452
-2.02026,0.132621,0.132621,0.132358,0.132621,0.132621,0.132621
2.04105,7.69866,7.69866,7.69824,7.69866,7.69866,7.69866
0.0310173,1.0315,1.0315,1.0315,1.0315,1.0315,1.0315
4.17152,64.814,64.814,64.1234,64.814,64.814,64.814
3.65425,38.6384,38.6384,38.4662,38.6384,38.6384,38.6384
3.22921,25.2598,25.2598,25.2123,25.2598,25.2598,25.2598
-6.81299,0.0010994,0.00109457,-36.175,0.0010994,0.0010994,0.0010994
4.05161,57.4898,57.4898,56.9817,57.4898,57.4898,57.4898
-7.51789,0.000543279,0.000553278,-92.9762,0.000543279,0.000543279,0.000543279
-4.78354,0.00836635,0.00836529,-1.18646,0.00836635,0.00836635,0.00836635
-1.47926,0.227807,0.227807,0.227795,0.227807,0.227807,0.227807
-0.902836,0.405418,0.405418,0.405418,0.405418,0.405418,0.405418
2.96902,19.4728,19.4728,19.453,19.4728,19.4728,19.4728
-0.660886,0.516394,0.516394,0.516394,0.516394,0.516394,0.516394
4.52903,92.6684,92.6684,91.0212,92.6684,92.6684,92.6684
5.33691,207.869,207.869,198.359,207.869,207.869,207.869
1.10642,3.0235,3.0235,3.0235,3.0235,3.0235,3.0235
4.1484,63.3324,63.3324,62.681,63.3324,63.3324,63.3324
-4.7557,0.00860252,0.00860177,-1.12056,0.00860252,0.00860252,0.00860252
7.87121,2620.75,2620.75,1919.62,2620.75,2620.75,2620.75
7.18963,1325.62,1325.62,1074.75,1325.62,1325.62,1325.62
-7.35835,0.000637252,0.00064109,-75.7088,0.000637252,0.000637252,0.000637252
7.67066,2144.49,2144.49,1622.43,2144.49,2144.49,2144.49
4.33656,76.4442,76.4442,75.4041,76.4442,76.4442,76.4442
-9.91793,4.92829e-05,0.000185428,-1306.72,4.92829e-05,4.92829e-05,4.92829e-05
-1.55844,0.210463,0.210464,0.210443,0.210464,0.210464,0.210463
9.99081,21824.9,21824.9,10019.4,21824.9,21824.9,21824.9
2.79733,16.4008,16.4008,16.3901,16.4008,16.4008,16.4008
9.874,19418.9,19418.9,9200.48,19418.9,19418.9,19418.9
-9.30179,9.12608e-05,3.23557e-05,-709.981,9.12608e-05,9.12608e-05,9.12608e-05
-7.3308,0.000655052,0.00065272,-73.0361,0.000655052,0.000655052,0.000655052
-7.18183,0.000760279,0.000766498,-59.9902,0.000760279,0.000760279,0.000760279
6.51814,677.317,677.317,593.209,677.317,677.317,677.317
-8.6602,0.000173349,0.000166574,-359.317,0.000173349,0.000173349,0.000173349
-7.59607,0.000502424,0.000514398,-102.657,0.000502424,0.000502424,0.000502424
6.10939,450.063,450.063,408.811,450.063,450.063,450.063
-4.12578,0.0161509,0.016151,-0.268341,0.0161509,0.0161509,0.0161509
9.55358,14095,14095,7257.12,14095,14095,14095
9.13893,9310.79,9310.79,5298.86,9310.79,9310.79,9310.79
-4.7354,0.00877891,0.0087782,-1.07456,0.00877891,0.00877891,0.00877891
9.02885,8340.24,8340.24,4867.42,8340.23,8340.23,8340.23
8.81638,6743.82,6743.82,4124.42,6743.82,6743.82,6743.82
7.0949,1205.81,1205.81,989.658,1205.81,1205.81,1205.81
3.09728,22.1376,22.1376,22.1068,22.1376,22.1376,22.1376
-0.211576,0.809307,0.809307,0.809307,0.809307,0.809307,0.809307
1.00488,2.73157,2.73157,2.73157,2.73157,2.73157,2.73157
-0.997637,0.36875,0.36875,0.36875,0.36875,0.36875,0.36875
-3.36212,0.0346618,0.034662,-0.00410119,0.0346618,0.0346618,0.0346618
-7.82925,0.000397924,0.000394228,-137.1,0.000397924,0.000397924,0.000397924
-2.28539,0.101734,0.101734,0.10085,0.101734,0.101734,0.101734
-8.07749,0.000310451,0.000316705,-184.775,0.000310451,0.000310451,0.000310451
-3.70871,0.0245091,0.0245089,-0.0763734,0.0245091,0.0245091,0.0245091
-2.41466,0.0893977,0.0893976,0.0878792,0.0893977,0.0893977,0.0893977
1.94348,6.98301,6.98301,6.98275,6.98301,6.98301,6.98301
3.75094,42.5611,42.5611,42.3348,42.5611,42.5611,42.5611
-3.7773,0.0228843,0.0228843,-0.0977063,0.0228843,0.0228843,0.0228843
5.00296,148.854,148.854,144.1,148.854,148.854,148.854
-0.382624,0.68207,0.68207,0.68207,0.68207,0.68207,0.68207
-4.94249,0.00713682,0.00713666,-1.63249,0.00713682,0.00713682,0.00713682
1.83225,6.24791,6.24791,6.24777,6.24791,6.24791,6.24791
3.97562,53.2832,53.2832,52.8668,53.2832,53.2832,53.2832
-4.18252,0.01526,0.0152597,-0.309606,0.01526,0.01526,0.01526
4.16393,64.3237,64.3237,63.6462,64.3237,64.3237,64.3237
6.11477,452.49,452.49,410.838,452.49,452.49,452.49
-3.44553,0.0318879,0.0318878,-0.017345,0.0318879,0.0318879,0.0318879
-8.58663,0.000186584,0.000189314,-331.23,0.000186584,0.000186584,0.000186584
-5.0487,0.00641764,0.00641699,-2.00772,0.00641764,0.00641764,0.00641764
8.53386,5084.04,5084.04,3297.36,5084.04,5084.04,5084.04
-9.5956,6.80271e-05,5.85955e-05,-954.473,6.80271e-05,6.80271e-05,6.80271e-05
-7.6283,0.000486488,0.000499794,-106.903,0.000486488,0.000486488,0.000486488
0.0464077,1.0475,1.0475,1.0475,1.0475,1.0475,1.0475
-9.04785,0.000117644,0.000147541,-545.461,0.000117644,0.000117644,0.000117644
-5.29525,0.00501535,0.00501728,-3.18845,0.00501535,0.00501535,0.00501535
9.09711,8929.42,8929.42,5130.99,8929.42,8929.42,8929.42
-4.75687,0.00859242,0.00859134,-1.12327,0.00859242,0.00859242,0.00859242
-0.549212,0.577405,0.577405,0.577405,0.577405,0.577405,0.577405
8.05973,3164.44,3164.44,2244.17,3164.44,3164.44,3164.44
-0.591403,0.55355,0.55355,0.55355,0.55355,0.55355,0.55355
4.44491,85.1921,85.192,83.8416,85.192,85.192,85.192
0.506742,1.65988,1.65988,1.65988,1.65988,1.65988,1.65988
-4.64816,0.00957917,0.00957986,-0.895147,0.00957917,0.00957917,0.00957917
9.53042,13772.4,13772.4,7132.37,13772.4,13772.4,13772.4
6.52437,681.549,681.549,596.549,681.549,681.549,681.549
4.29443,73.2906,73.2906,72.3523,73.2906,73.2906,73.2906
5.77411,321.857,321.857,299.568,321.857,321.857,321.857
1.84891,6.35288,6.35288,6.35273,6.35288,6.35288,6.35288
-0.891203,0.410162,0.410162,0.410162,0.410162,0.410162,0.410162
-2.7031,0.0669974,0.0669974,0.062406,0.0669974,0.0669974,0.0669974
5.96721,390.413,390.413,358.522,390.413,390.413,390.413
-3.26833,0.03807,0.0380699,0.00866047,0.03807,0.03807,0.03807
0.285158,1.32997,1.32997,1.32997,1.32997,1.32997,1.32997
2.01457,7.4975,7.4975,7.49713,7.4975,7.4975,7.4975
1.97949,7.23902,7.23902,7.23871,7.23902,7.23902,7.23902
-7.35876,0.000636987,0.00064453,-75.7498,0.000636987,0.000636987,0.000636987
-4.73605,0.00877322,0.00877212,-1.076,0.00877322,0.00877322,0.00877322
-1.08119,0.339193,0.339193,0.339192,0.339193,0.339193,0.339193
6.04848,423.468,423.468,386.498,423.468,423.468,423.468
1.71284,5.54468,5.54468,5.54461,5.54468,5.54468,5.54468
-6.15412,0.00212471,0.00211769,-13.606,0.00212471,0.00212471,0.00212471
7.21231,1356.02,1356.02,1096.12,1356.02,1356.02,1356.02
9.02473,8305.98,8305.98,4851.94,8305.97,8305.97,8305.97
-4.56911,0.0103671,0.0103672,-0.755771,0.0103671,0.0103671,0.0103671
-0.972431,0.378163,0.378163,0.378162,0.378163,0.378163,0.378163
-0.120438,0.886532,0.886532,0.886532,0.886532,0.886532,0.886532
5.11894,167.158,167.158,161.082,167.158,167.158,167.158
-2.73374,0.0649761,0.0649762,0.0598489,0.0649761,0.0649761,0.0649761
-3.40795,0.033109,0.0331092,-0.0111287,0.033109,0.033109,0.033109
7.10594,1219.19,1219.19,999.24,1219.19,1219.19,1219.19
8.41508,4514.64,4514.64,2997.6,4514.64,4514.64,4514.64
3.8959,49.2003,49.2003,48.8637,49.2004,49.2004,49.2003
-8.53887,0.000195711,0.000182023,-314.063,0.000195711,0.000195711,0.000195711
8.47453,4791.17,4791.17,3144.34,4791.17,4791.17,4791.17
6.29302,540.784,540.784,483.694,540.784,540.784,540.784
7.26572,1430.41,1430.41,1147.99,1430.41,1430.41,1430.41
7.88544,2658.29,2658.29,1942.5,2658.29,2658.29,2658.29
3.02913,20.6793,20.6793,20.6548,20.6793,20.6793,20.6793
3.17356,23.8925,23.8925,23.8528,23.8925,23.8925,23.8925
4.72214,112.409,112.409,109.842,112.409,112.409,112.409
5.21807,184.577,184.577,177.112,184.577,184.577,184.577
-5.03709,0.00649262,0.00649284,-1.96326,0.00649263,0.00649263,0.00649262
-5.73089,0.00324418,0.00324205,-6.84661,0.00324418,0.00324418,0.00324418
-0.439849,0.644134,0.644134,0.644134,0.644134,0.644134,0.644134
6.41778,612.643,612.643,541.777,612.643,612.643,612.643
-5.81694,0.00297671,0.00297607,-7.90523,0.00297671,0.00297671,0.00297671
-4.51878,0.0109023,0.0109022,-0.677207,0.0109024,0.0109024,0.0109024
-3.57963,0.0278859,0.0278858,-0.0435524,0.0278859,0.0278859,0.0278859
4.57007,96.5509,96.5509,94.7383,96.5509,96.5509,96.5509
9.72717,16767.1,16767.1,8257.68,16767.1,16767.1,16767.1
-0.548239,0.577967,0.577967,0.577967,0.577967,0.577967,0.577967
4.02658,56.0686,56.0686,55.5926,56.0686,56.0686,56.0686
-2.21405,0.109257,0.109257,0.108609,0.109257,0.109257,0.109257
-6.72922,0.00119547,0.00118839,-32.1228,0.00119547,0.00119547,0.00119547
3.03588,20.8193,20.8193,20.7942,20.8193,20.8193,20.8193
-4.03414,0.0177009,0.0177008,-0.210994,0.0177009,0.0177009,0.0177009
-7.73561,0.000436988,0.00046585,-122.193,0.000436988,0.000436988,0.000436988
-6.06541,0.00232181,0.00232194,-11.8306,0.00232181,0.00232181,0.00232181
-4.09018,0.0167362,0.0167363,-0.244777,0.0167362,0.0167362,0.0167362
-4.88676,0.0075458,0.00754562,-1.46166,0.0075458,0.0075458,0.0075458
-9.52155,7.32563e-05,7.7735e-05,-886.656,7.32563e-05,7.32563e-05,7.32563e-05
6.14975,468.602,468.602,424.263,468.602,468.602,468.602
-8.66695,0.000172183,0.000225294,-361.995,0.000172183,0.000172183,0.000172183
3.77837,43.7445,43.7445,43.5003,43.7445,43.7445,43.7445
-3.50368,0.0300864,0.0300865,-0.0278748,0.0300864,0.0300864,0.0300864
-8.14105,0.000291331,0.000295577,-199.147,0.000291331,0.000291331,0.000291331
-8.48107,0.000207356,0.000208472,-294.353,0.000207356,0.000207356,0.000207356
8.84778,6958.91,6958.91,4227.23,6958.91,6958.91,6958.91
3.41021,30.2715,30.2715,30.1878,30.2715,30.2715,30.2715
0.221852,1.24839,1.24839,1.24839,1.24839,1.24839,1.24839
3.05043,21.1244,21.1243,21.098,21.1244,21.1244,21.1244
-6.37422,0.00170494,0.00170393,-19.0806,0.00170494,0.00170494,0.00170494
3.55469,34.9768,34.9768,34.8478,34.9768,34.9768,34.9768
-4.92903,0.00723351,0.00723299,-1.5897,0.00723351,0.00723351,0.00723351
3.0537,21.1937,21.1937,21.1671,21.1937,21.1937,21.1937
6.24642,516.162,516.161,463.549,516.162,516.162,516.162
5.38529,218.173,218.173,207.692,218.173,218.173,218.173
0.0217638,1.022,1.022,1.022,1.022,1.022,1.022
1.28984,3.6322,3.6322,3.6322,3.6322,3.6322,3.6322
6.30423,546.88,546.88,488.662,546.88,546.88,546.88
-1.6892,0.184668,0.184668,0.184623,0.184668,0.184668,0.184668
-7.99828,0.000336041,0.000320351,-168.166,0.000336041,0.000336041,0.000336041
-9.4563,7.81951e-05,6.65258e-05,-830.509,7.81951e-05,7.81951e-05,7.81951e-05
-8.66518,0.000172489,0.00014812,-361.289,0.000172489,0.000172489,0.000172489
0.886013,2.42544,2.42544,2.42544,2.42544,2.42544,2.42544
-0.117539,0.889105,0.889105,0.889105,0.889105,0.889105,0.889105
0.154232,1.16676,1.16676,1.16676,1.16676,1.16676,1.16676
0.776416,2.17367,2.17367,2.17367,2.17367,2.17367,2.17367
-3.84432,0.021401,0.0214007,-0.121704,0.021401,0.021401,0.021401
-9.46292,7.76796e-05,0.000101692,-836.052,7.76797e-05,7.76797e-05,7.76797e-05
0.12826,1.13685,1.13685,1.13685,1.13685,1.13685,1.13685
-2.25485,0.104889,0.104889,0.104114,0.104889,0.104889,0.104889
-2.95704,0.0519726,0.0519727,0.0409146,0.0519726,0.0519726,0.0519726
-7.14338,0.000790077,0.000790858,-56.981,0.000790077,0.000790077,0.000790077
3.01001,20.2876,20.2876,20.2646,20.2876,20.2876,20.2876
-9.94523,4.79559e-05,-2.16473e-05,-1341.29,4.79559e-05,4.79559e-05,4.79559e-05
7.59064,1979.59,1979.59,1516.25,1979.59,1979.59,1979.59
-3.80411,0.0222791,0.022279,-0.106905,0.0222791,0.0222791,0.0222791
3.56664,35.3974,35.3974,35.2637,35.3974,35.3974,35.3974
-3.33485,0.03562,0.0356202,-0.000181749,0.03562,0.03562,0.03562
4.47778,88.0388,88.0388,86.5788,88.0388,88.0388,88.0388
5.39033,219.276,219.276,208.688,219.276,219.276,219.276
8.9265,7528.87,7528.87,4495.42,7528.87,7528.87,7528.87
5.76753,319.748,319.748,297.734,319.748,319.748,319.748
-3.73972,0.0237606,0.0237608,-0.0856438,0.0237606,0.0237606,0.0237606
3.70937,40.8282,40.8282,40.6269,40.8282,40.8282,40.8282
8.23291,3762.75,3762.75,2586.28,3762.75,3762.75,3762.75
-2.42471,0.0885041,0.0885041,0.0869226,0.0885041,0.0885041,0.0885041
6.66601,785.256,785.256,677.431,785.256,785.256,785.256
-2.96175,0.0517282,0.0517284,0.0404966,0.0517282,0.0517282,0.0517282
-8.9891,0.000124763,0.000100625,-512.634,0.000124763,0.000124763,0.000124763
-8.77957,0.000153844,0.00014285,-409.427,0.000153844,0.000153844,0.000153844
-2.40901,0.089904,0.089904,0.0884202,0.089904,0.089904,0.089904
-0.0874338,0.916279,0.916279,0.916279,0.916279,0.916279,0.916279
8.38,4359,4359,2913.98,4359,4359,4359
9.12208,9155.26,9155.26,5230.65,9155.25,9155.25,9155.25
-8.65886,0.000173582,0.000242244,-358.786,0.000173582,0.000173582,0.000173582
1.38863,4.00935,4.00935,4.00935,4.00935,4.00935,4.00935
0.809771,2.24739,2.24739,2.24739,2.24739,2.24739,2.24739
-6.9845,0.000926125,0.000929455,-45.9238,0.000926125,0.000926125,0.000926125
-9.78649,5.62059e-05,0.000178808,-1151.09,5.62059e-05,5.62059e-05,5.62059e-05
0.0122662,1.01234,1.01234,1.01234,1.01234,1.01234,1.01234
-8.43017,0.000218185,0.000228397,-277.915,0.000218185,0.000218185,0.000218185
6.96963,1063.83,1063.83,886.766,1063.83,1063.83,1063.83
2.70695,14.9835,14.9835,14.9758,14.9835,14.9835,14.9835
-6.34269,0.00175957,0.00175868,-18.1917,0.00175957,0.00175957,0.00175957
-7.17639,0.000764425,0.000751277,-59.556,0.000764425,0.000764425,0.000764425
1.8723,6.50326,6.50326,6.50308,6.50326,6.50326,6.50326
3.43058,30.8944,30.8944,30.8053,30.8944,30.8944,30.8944
0.247849,1.28127,1.28127,1.28127,1.28127,1.28127,1.28127
2.0728,7.94705,7.94705,7.94655,7.94705,7.94705,7.94705
-5.46076,0.0042503,0.00425101,-4.29467,0.0042503,0.0042503,0.0042503
-9.93624,4.83889e-05,-6.05938e-05,-1329.82,4.83889e-05,4.83889e-05,4.83889e-05
-3.75189,0.0234733,0.0234732,-0.0894467,0.0234733,0.0234733,0.0234733
2.22923,9.29266,9.29266,9.29162,9.29266,9.29266,9.29266
6.92633,1018.75,1018.75,853.599,1018.75,1018.75,1018.75
8.46229,4732.87,4732.87,3113.6,4732.87,4732.87,4732.87
-4.66241,0.00944369,0.00944284,-0.922513,0.00944369,0.00944369,0.00944369
3.24503,25.6624,25.6624,25.6124,25.6624,25.6624,25.6624
-1.20661,0.299209,0.299209,0.299207,0.299209,0.299209,0.299209
6.89417,986.502,986.502,829.711,986.502,986.502,986.502
4.27987,72.231,72.231,71.3258,72.231,72.231,72.231
-3.47556,0.0309444,0.0309443,-0.0226372,0.0309444,0.0309444,0.0309444
0.0132542,1.01334,1.01334,1.01334,1.01334,1.01334,1.01334
5.05906,157.443,157.443,152.087,157.443,157.443,157.443
7.39936,1634.94,1634.94,1288.02,1634.94,1634.94,1634.94
-2.84328,0.0582343,0.0582344,0.0507013,0.0582343,0.0582343,0.0582343
8.00397,2992.82,2992.82,2143.25,2992.82,2992.82,2992.82
-0.706915,0.493163,0.493163,0.493163,0.493163,0.493163,0.493163
3.32179,27.71,27.71,27.6462,27.71,27.71,27.71
7.63164,2062.42,2062.42,1569.81,2062.42,2062.42,2062.42
-3.20766,0.040451,0.0404511,0.0159587,0.040451,0.040451,0.040451
-5.55516,0.00386746,0.00386802,-5.0684,0.00386746,0.00386746,0.00386746
-7.87318,0.00038082,0.000358698,-144.638,0.00038082,0.00038082,0.00038082
6.38106,590.554,590.554,524.031,590.554,590.554,590.554
-6.21017,0.00200891,0.00200386,-14.8468,0.00200891,0.00200891,0.00200891
0.548821,1.73121,1.73121,1.73121,1.73121,1.73121,1.73121
-5.34349,0.00477918,0.00477921,-3.48106,0.00477917,0.00477917,0.00477918
0.209002,1.23245,1.23245,1.23245,1.23245,1.23245,1.23245
7.27298,1440.83,1440.83,1155.22,1440.83,1440.83,1440.83
-1.40668,0.244955,0.244955,0.244947,0.244955,0.244955,0.244955
6.21208,498.736,498.736,449.213,498.736,498.736,498.736
1.87561,6.52477,6.52477,6.52459,6.52477,6.52477,6.52477
-7.16203,0.000775476,0.000780168,-58.4237,0.000775476,0.000775476,0.000775476
-0.853196,0.426051,0.426051,0.426051,0.426051,0.426051,0.426051
-5.61065,0.00365868,0.00365872,-5.5792,0.00365868,0.00365868,0.00365868
7.62786,2054.64,2054.64,1564.8,2054.64,2054.64,2054.64
